ms_today;input_voltage;temp_mos_max;temp_mos_1;temp_mos_2;temp_mos_3;temp_motor;current_motor;current_in;d_axis_current;q_axis_current;erpm;duty_cycle;amp_hours_used;amp_hours_charged;watt_hours_used;watt_hours_charged;tachometer;tachometer_abs;encoder_position;fault_code;vesc_id;d_axis_voltage;q_axis_voltage;ms_today_setup;amp_hours_setup;amp_hours_charged_setup;watt_hours_setup;watt_hours_charged_setup;battery_level;battery_wh_tot;current_in_setup;current_motor_setup;speed_meters_per_sec;tacho_meters;tacho_abs_meters;num_vescs;ms_today_imu;roll;pitch;yaw;accX;accY;accZ;gyroX;gyroY;gyroZ;gnss_posTime;gnss_lat;gnss_lon;gnss_alt;gnss_gVel;gnss_vVel;gnss_hAcc;gnss_vAcc;
72693401;11.8;30.4;0;0;0;-75.4;0;0;0;0;0;0;0.0442;0.0001;0.5234;0.0023;167362;167596;45;0;101;0.003;-0.002;72693310;0.0442;0.0001;0.5234;0.0023;0.697;39.47;0;0;0;346.349;346.833;1;-1;0;0;0;0;0;0;0;0;0;-1;0.00000000;0.00000000;0.00000000;0.00000000;0.00000000;0.00000000;0.00000000;
72693424;11.8;30.4;0;0;0;-75.7;0;0;0;0;0;0;0.0442;0.0001;0.5234;0.0023;167362;167596;45;0;101;0.004;-0.001;72693401;0.0442;0.0001;0.5234;0.0023;0.697;39.47;0;0;0;346.349;346.833;1;-1;0;0;0;0;0;0;0;0;0;-1;0.00000000;0.00000000;0.00000000;0.00000000;0.00000000;0.00000000;0.00000000;
72693457;11.8;30.4;0;0;0;-75.7;0;0;0;0;0;0;0.0442;0.0001;0.5234;0.0023;167362;167596;45;0;101;0.003;-0.001;72693425;0.0442;0.0001;0.5234;0.0023;0.697;39.469;0;0;0;346.349;346.833;1;-1;0;0;0;0;0;0;0;0;0;-1;0.00000000;0.00000000;0.00000000;0.00000000;0.00000000;0.00000000;0.00000000;
72693488;11.8;30.4;0;0;0;-75.6;0;0;0;0;0;0;0.0442;0.0001;0.5234;0.0023;167362;167596;44.9863;0;101;0.004;-0.001;72693457;0.0442;0.0001;0.5234;0.0023;0.697;39.469;0;0;0;346.349;346.833;1;-1;0;0;0;0;0;0;0;0;0;-1;0.00000000;0.00000000;0.00000000;0.00000000;0.00000000;0.00000000;0.00000000;
72693519;11.8;30.4;0;0;0;-75.5;0;0;0;0;0;0;0.0442;0.0001;0.5234;0.0023;167362;167596;44.9971;0;101;0.003;-0.001;72693488;0.0442;0.0001;0.5234;0.0023;0.697;39.469;0;0;0;346.349;346.833;1;-1;0;0;0;0;0;0;0;0;0;-1;0.00000000;0.00000000;0.00000000;0.00000000;0.00000000;0.00000000;0.00000000;
72693550;11.8;30.4;0;0;0;-75.5;0;0;0;0;0;0;0.0442;0.0001;0.5234;0.0023;167362;167596;44.9863;0;101;0.003;-0.001;72693519;0.0442;0.0001;0.5234;0.0023;0.697;39.468;0;0;0;346.349;346.833;1;-1;0;0;0;0;0;0;0;0;0;-1;0.00000000;0.00000000;0.00000000;0.00000000;0.00000000;0.00000000;0.00000000;
72693582;11.8;30.3;0;0;0;-75.8;0;0;0;0;0;0;0.0442;0.0001;0.5234;0.0023;167362;167596;45;0;101;0.003;-0.001;72693550;0.0442;0.0001;0.5234;0.0023;0.697;39.467;0;0;0;346.349;346.833;1;-1;0;0;0;0;0;0;0;0;0;-1;0.00000000;0.00000000;0.00000000;0.00000000;0.00000000;0.00000000;0.00000000;
72693616;11.8;30.4;0;0;0;-75.8;0;0;0;0;0;0;0.0442;0.0001;0.5234;0.0023;167362;167596;44.9697;0;101;0.003;-0.001;72693582;0.0442;0.0001;0.5234;0.0023;0.697;39.467;0;0;0;346.349;346.833;1;-1;0;0;0;0;0;0;0;0;0;-1;0.00000000;0.00000000;0.00000000;0.00000000;0.00000000;0.00000000;0.00000000;
72693645;11.8;30.4;0;0;0;-75.9;0;0;0;0;0;0;0.0442;0.0001;0.5234;0.0023;167362;167596;44.9863;0;101;0.003;-0.001;72693616;0.0442;0.0001;0.5234;0.0023;0.697;39.467;0;0;0;346.349;346.833;1;-1;0;0;0;0;0;0;0;0;0;-1;0.00000000;0.00000000;0.00000000;0.00000000;0.00000000;0.00000000;0.00000000;
72693676;11.8;30.4;0;0;0;-76;0;0;0;0;0;0;0.0442;0.0001;0.5234;0.0023;167362;167596;45;0;101;0.003;-0.001;72693645;0.0442;0.0001;0.5234;0.0023;0.697;39.467;0;0;0;346.349;346.833;1;-1;0;0;0;0;0;0;0;0;0;-1;0.00000000;0.00000000;0.00000000;0.00000000;0.00000000;0.00000000;0.00000000;
72693709;11.8;30.4;0;0;0;-76;0;0;0;0;0;0;0.0442;0.0001;0.5234;0.0023;167362;167596;44.9863;0;101;0.004;-0.001;72693677;0.0442;0.0001;0.5234;0.0023;0.697;39.467;0;0;0;346.349;346.833;1;-1;0;0;0;0;0;0;0;0;0;-1;0.00000000;0.00000000;0.00000000;0.00000000;0.00000000;0.00000000;0.00000000;
72693743;11.8;30.4;0;0;0;-75.4;0;0;0;0;0;-0.001;0.0442;0.0001;0.5234;0.0023;167362;167596;45;0;101;0.004;-0.001;72693710;0.0442;0.0001;0.5234;0.0023;0.697;39.466;0;0;0;346.349;346.833;1;-1;0;0;0;0;0;0;0;0;0;-1;0.00000000;0.00000000;0.00000000;0.00000000;0.00000000;0.00000000;0.00000000;
72693775;11.8;30.3;0;0;0;-74.9;0;0;0;0;0;0;0.0442;0.0001;0.5234;0.0023;167362;167596;44.9423;0;101;0.003;-0.002;72693744;0.0442;0.0001;0.5234;0.0023;0.697;39.466;0;0;0;346.349;346.833;1;-1;0;0;0;0;0;0;0;0;0;-1;0.00000000;0.00000000;0.00000000;0.00000000;0.00000000;0.00000000;0.00000000;
72693809;11.8;30.3;0;0;0;-74.7;0;0;0;0;0;0;0.0442;0.0001;0.5234;0.0023;167362;167596;45;0;101;0.003;-0.001;72693775;0.0442;0.0001;0.5234;0.0023;0.697;39.466;0;0;0;346.349;346.833;1;-1;0;0;0;0;0;0;0;0;0;-1;0.00000000;0.00000000;0.00000000;0.00000000;0.00000000;0.00000000;0.00000000;
72693844;11.8;30.3;0;0;0;-74.4;0;0;0;0;0;0;0.0442;0.0001;0.5234;0.0023;167362;167596;45;0;101;0.004;-0.001;72693809;0.0442;0.0001;0.5234;0.0023;0.697;39.466;0;0;0;346.349;346.833;1;-1;0;0;0;0;0;0;0;0;0;-1;0.00000000;0.00000000;0.00000000;0.00000000;0.00000000;0.00000000;0.00000000;
72693875;11.8;30.3;0;0;0;-74.4;0;0;0;0;0;0;0.0442;0.0001;0.5234;0.0023;167362;167596;44.9589;0;101;0.004;-0.002;72693845;0.0442;0.0001;0.5234;0.0023;0.697;39.466;0;0;0;346.349;346.833;1;-1;0;0;0;0;0;0;0;0;0;-1;0.00000000;0.00000000;0.00000000;0.00000000;0.00000000;0.00000000;0.00000000;
72693911;11.8;30.4;0;0;0;-74.3;0;0;0;0;0;-0.001;0.0442;0.0001;0.5234;0.0023;167362;167596;44.9658;0;101;0.004;-0.001;72693875;0.0442;0.0001;0.5234;0.0023;0.697;39.465;0;0;0;346.349;346.833;1;-1;0;0;0;0;0;0;0;0;0;-1;0.00000000;0.00000000;0.00000000;0.00000000;0.00000000;0.00000000;0.00000000;
72693927;11.8;30.3;0;0;0;-74.3;0;0;0;0;0;0;0.0442;0.0001;0.5234;0.0023;167362;167596;44.9491;0;101;0.004;-0.002;72693911;0.0442;0.0001;0.5234;0.0023;0.697;39.465;0;0;0;346.349;346.833;1;-1;0;0;0;0;0;0;0;0;0;-1;0.00000000;0.00000000;0.00000000;0.00000000;0.00000000;0.00000000;0.00000000;
72693960;11.8;30.4;0;0;0;-74.4;0;0;0;0;0;0;0.0442;0.0001;0.5234;0.0023;167362;167596;45;0;101;0.003;-0.002;72693927;0.0442;0.0001;0.5234;0.0023;0.697;39.465;0;0;0;346.349;346.833;1;-1;0;0;0;0;0;0;0;0;0;-1;0.00000000;0.00000000;0.00000000;0.00000000;0.00000000;0.00000000;0.00000000;
72693992;11.8;30.3;0;0;0;-74.3;0;0;0;0;0;0;0.0442;0.0001;0.5234;0.0023;167362;167596;45;0;101;0.003;-0.002;72693960;0.0442;0.0001;0.5234;0.0023;0.697;39.464;0;0;0;346.349;346.833;1;-1;0;0;0;0;0;0;0;0;0;-1;0.00000000;0.00000000;0.00000000;0.00000000;0.00000000;0.00000000;0.00000000;
72694026;11.8;30.3;0;0;0;-74.1;0;0;0;0;0;0;0.0442;0.0001;0.5234;0.0023;167362;167596;44.9697;0;101;0.003;-0.001;72693992;0.0442;0.0001;0.5234;0.0023;0.697;39.464;0;0;0;346.349;346.833;1;-1;0;0;0;0;0;0;0;0;0;-1;0.00000000;0.00000000;0.00000000;0.00000000;0.00000000;0.00000000;0.00000000;
72694059;11.8;30.3;0;0;0;-74.1;0;0;0;0;0;0;0.0442;0.0001;0.5234;0.0023;167362;167596;44.9177;0;101;0.004;-0.001;72694026;0.0442;0.0001;0.5234;0.0023;0.697;39.464;0;0;0;346.349;346.833;1;-1;0;0;0;0;0;0;0;0;0;-1;0.00000000;0.00000000;0.00000000;0.00000000;0.00000000;0.00000000;0.00000000;
72694093;11.8;30.4;0;0;0;-74.6;0;0;0;0;0;0;0.0442;0.0001;0.5234;0.0023;167362;167596;44.9041;0;101;0.003;-0.002;72694059;0.0442;0.0001;0.5234;0.0023;0.697;39.464;0;0;0;346.349;346.833;1;-1;0;0;0;0;0;0;0;0;0;-1;0.00000000;0.00000000;0.00000000;0.00000000;0.00000000;0.00000000;0.00000000;
72694125;11.8;30.3;0;0;0;-74.7;0;0;0;0;0;0;0.0442;0.0001;0.5234;0.0023;167362;167596;44.9589;0;101;0.003;-0.001;72694093;0.0442;0.0001;0.5234;0.0023;0.697;39.464;0;0;0;346.349;346.833;1;-1;0;0;0;0;0;0;0;0;0;-1;0.00000000;0.00000000;0.00000000;0.00000000;0.00000000;0.00000000;0.00000000;
72694160;11.8;30.3;0;0;0;-74.7;0;0;0;0;0;0;0.0442;0.0001;0.5234;0.0023;167362;167596;44.9726;0;101;0.003;-0.001;72694125;0.0442;0.0001;0.5234;0.0023;0.697;39.464;0;0;0;346.349;346.833;1;-1;0;0;0;0;0;0;0;0;0;-1;0.00000000;0.00000000;0.00000000;0.00000000;0.00000000;0.00000000;0.00000000;
72694177;11.8;30.4;0;0;0;-74.5;0;0;0;0;0;0;0.0442;0.0001;0.5234;0.0023;167362;167596;45.0079;0;101;0.004;-0.001;72694160;0.0442;0.0001;0.5234;0.0023;0.697;39.464;0;0;0;346.349;346.833;1;-1;0;0;0;0;0;0;0;0;0;-1;0.00000000;0.00000000;0.00000000;0.00000000;0.00000000;0.00000000;0.00000000;
72694210;11.8;30.3;0;0;0;-74.4;0;0;0;0;0;0;0.0442;0.0001;0.5234;0.0023;167362;167596;44.9942;0;101;0.003;-0.001;72694177;0.0442;0.0001;0.5234;0.0023;0.697;39.464;0;0;0;346.349;346.833;1;-1;0;0;0;0;0;0;0;0;0;-1;0.00000000;0.00000000;0.00000000;0.00000000;0.00000000;0.00000000;0.00000000;
72694242;11.8;30.3;0;0;0;-74.4;0;0;0;0;0;0;0.0442;0.0001;0.5234;0.0023;167362;167596;45.0039;0;101;0.003;-0.002;72694210;0.0442;0.0001;0.5234;0.0023;0.697;39.463;0;0;0;346.349;346.833;1;-1;0;0;0;0;0;0;0;0;0;-1;0.00000000;0.00000000;0.00000000;0.00000000;0.00000000;0.00000000;0.00000000;
72694277;11.8;30.3;0;0;0;-74.3;0;0;0;0;0;0;0.0442;0.0001;0.5234;0.0023;167362;167596;45;0;101;0.003;-0.002;72694243;0.0442;0.0001;0.5234;0.0023;0.697;39.463;0;0;0;346.349;346.833;1;-1;0;0;0;0;0;0;0;0;0;-1;0.00000000;0.00000000;0.00000000;0.00000000;0.00000000;0.00000000;0.00000000;
72694310;11.8;30.3;0;0;0;-74.3;0;0;0;0;0;0;0.0442;0.0001;0.5234;0.0023;167362;167596;44.9863;0;101;0.004;-0.002;72694277;0.0442;0.0001;0.5234;0.0023;0.697;39.462;0;0;0;346.349;346.833;1;-1;0;0;0;0;0;0;0;0;0;-1;0.00000000;0.00000000;0.00000000;0.00000000;0.00000000;0.00000000;0.00000000;
72694345;11.8;30.3;0;0;0;-74.4;0;0;0;0;0;0.001;0.0442;0.0001;0.5234;0.0023;167362;167596;44.9795;0;101;0.003;-0.002;72694310;0.0442;0.0001;0.5234;0.0023;0.697;39.462;0;0;0;346.349;346.833;1;-1;0;0;0;0;0;0;0;0;0;-1;0.00000000;0.00000000;0.00000000;0.00000000;0.00000000;0.00000000;0.00000000;
72694375;11.8;30.3;0;0;0;-74.3;0;0;0;0;0;0;0.0442;0.0001;0.5234;0.0023;167362;167596;45.005;0;101;0.003;-0.002;72694345;0.0442;0.0001;0.5234;0.0023;0.697;39.462;0;0;0;346.349;346.833;1;-1;0;0;0;0;0;0;0;0;0;-1;0.00000000;0.00000000;0.00000000;0.00000000;0.00000000;0.00000000;0.00000000;
72694409;11.8;30.3;0;0;0;-74.4;0;0;0;0;0;0;0.0442;0.0001;0.5234;0.0023;167362;167596;45.0039;0;101;0.003;-0.001;72694376;0.0442;0.0001;0.5234;0.0023;0.697;39.462;0;0;0;346.349;346.833;1;-1;0;0;0;0;0;0;0;0;0;-1;0.00000000;0.00000000;0.00000000;0.00000000;0.00000000;0.00000000;0.00000000;
72694427;11.8;30.3;0;0;0;-74.4;0;0;0;0;0;0;0.0442;0.0001;0.5234;0.0023;167362;167596;44.9589;0;101;0.003;-0.002;72694409;0.0442;0.0001;0.5234;0.0023;0.697;39.462;0;0;0;346.349;346.833;1;-1;0;0;0;0;0;0;0;0;0;-1;0.00000000;0.00000000;0.00000000;0.00000000;0.00000000;0.00000000;0.00000000;
72694460;11.8;30.3;0;0;0;-74.4;0;0;0;0;0;0.001;0.0442;0.0001;0.5234;0.0023;167362;167596;45;0;101;0.004;-0.001;72694427;0.0442;0.0001;0.5234;0.0023;0.697;39.461;0;0;0;346.349;346.833;1;-1;0;0;0;0;0;0;0;0;0;-1;0.00000000;0.00000000;0.00000000;0.00000000;0.00000000;0.00000000;0.00000000;
72694493;11.8;30.3;0;0;0;-74.3;0;0;0;0;0;0;0.0442;0.0001;0.5234;0.0023;167362;167596;44.9863;0;101;0.003;-0.001;72694461;0.0442;0.0001;0.5234;0.0023;0.697;39.461;0;0;0;346.349;346.833;1;-1;0;0;0;0;0;0;0;0;0;-1;0.00000000;0.00000000;0.00000000;0.00000000;0.00000000;0.00000000;0.00000000;
72694567;11.8;30.3;0;0;0;-74.3;0;0;0;0;0;0;0.0442;0.0001;0.5234;0.0023;167362;167596;44.9589;0;101;0.003;-0.001;72694493;0.0442;0.0001;0.5234;0.0023;0.697;39.461;0;0;0;346.349;346.833;1;-1;0;0;0;0;0;0;0;0;0;-1;0.00000000;0.00000000;0.00000000;0.00000000;0.00000000;0.00000000;0.00000000;
72694607;11.8;30.4;0;0;0;-74.9;0;0;0;0;0;0;0.0442;0.0001;0.5234;0.0023;167362;167596;44.9726;0;101;0.003;-0.002;72694567;0.0442;0.0001;0.5234;0.0023;0.697;39.46;0;0;0;346.349;346.833;1;-1;0;0;0;0;0;0;0;0;0;-1;0.00000000;0.00000000;0.00000000;0.00000000;0.00000000;0.00000000;0.00000000;
72694641;11.8;30.3;0;0;0;-75;0;0;0;0;0;-0.001;0.0442;0.0001;0.5234;0.0023;167362;167596;44.9863;0;101;0.003;-0.001;72694608;0.0442;0.0001;0.5234;0.0023;0.697;39.459;0;0;0;346.349;346.833;1;-1;0;0;0;0;0;0;0;0;0;-1;0.00000000;0.00000000;0.00000000;0.00000000;0.00000000;0.00000000;0.00000000;
72694669;11.8;30.3;0;0;0;-75.5;0;0;0;0;0;0;0.0442;0.0001;0.5234;0.0023;167362;167596;45.0158;0;101;0.004;-0.001;72694641;0.0442;0.0001;0.5234;0.0023;0.697;39.459;0;0;0;346.349;346.833;1;-1;0;0;0;0;0;0;0;0;0;-1;0.00000000;0.00000000;0.00000000;0.00000000;0.00000000;0.00000000;0.00000000;
72694701;11.8;30.3;0;0;0;-75.6;0;0;0;0;0;0;0.0442;0.0001;0.5234;0.0023;167362;167596;45.0158;0;101;0.003;-0.001;72694669;0.0442;0.0001;0.5234;0.0023;0.697;39.458;0;0;0;346.349;346.833;1;-1;0;0;0;0;0;0;0;0;0;-1;0.00000000;0.00000000;0.00000000;0.00000000;0.00000000;0.00000000;0.00000000;
72694733;11.8;30.3;0;0;0;-75.5;0;0;0;0;0;0;0.0442;0.0001;0.5234;0.0023;167362;167596;45;0;101;0.004;-0.001;72694701;0.0442;0.0001;0.5234;0.0023;0.697;39.458;0;0;0;346.349;346.833;1;-1;0;0;0;0;0;0;0;0;0;-1;0.00000000;0.00000000;0.00000000;0.00000000;0.00000000;0.00000000;0.00000000;
72694764;11.8;30.4;0;0;0;-75.5;0;0;0;0;0;0;0.0442;0.0001;0.5234;0.0023;167362;167596;45;0;101;0.003;-0.001;72694734;0.0442;0.0001;0.5234;0.0023;0.697;39.457;0;0;0;346.349;346.833;1;-1;0;0;0;0;0;0;0;0;0;-1;0.00000000;0.00000000;0.00000000;0.00000000;0.00000000;0.00000000;0.00000000;
72694795;11.8;30.3;0;0;0;-75.1;0;0;0;0;0;0;0.0442;0.0001;0.5234;0.0023;167362;167596;44.9902;0;101;0.003;-0.001;72694764;0.0442;0.0001;0.5234;0.0023;0.697;39.457;0;0;0;346.349;346.833;1;-1;0;0;0;0;0;0;0;0;0;-1;0.00000000;0.00000000;0.00000000;0.00000000;0.00000000;0.00000000;0.00000000;
72694827;11.8;30.3;0;0;0;-74.7;0;0;0;0;0;0;0.0442;0.0001;0.5234;0.0023;167362;167596;45;0;101;0.004;-0.002;72694796;0.0442;0.0001;0.5234;0.0023;0.696;39.456;0;0;0;346.349;346.833;1;-1;0;0;0;0;0;0;0;0;0;-1;0.00000000;0.00000000;0.00000000;0.00000000;0.00000000;0.00000000;0.00000000;
72694863;11.8;30.3;0;0;0;-74.7;0;0;0;0;0;0;0.0442;0.0001;0.5234;0.0023;167362;167596;45.0208;0;101;0.004;-0.001;72694827;0.0442;0.0001;0.5234;0.0023;0.696;39.456;0;0;0;346.349;346.833;1;-1;0;0;0;0;0;0;0;0;0;-1;0.00000000;0.00000000;0.00000000;0.00000000;0.00000000;0.00000000;0.00000000;
72694891;11.8;30.3;0;0;0;-74.4;0;0;0;0;0;0;0.0442;0.0001;0.5234;0.0023;167362;167596;44.9726;0;101;0.003;-0.001;72694864;0.0442;0.0001;0.5234;0.0023;0.696;39.456;0;0;0;346.349;346.833;1;-1;0;0;0;0;0;0;0;0;0;-1;0.00000000;0.00000000;0.00000000;0.00000000;0.00000000;0.00000000;0.00000000;
72694926;11.8;30.3;0;0;0;-75.1;0;0;0;0;0;-0.001;0.0442;0.0001;0.5234;0.0023;167362;167596;44.9726;0;101;0.003;-0.002;72694892;0.0442;0.0001;0.5234;0.0023;0.696;39.456;0;0;0;346.349;346.833;1;-1;0;0;0;0;0;0;0;0;0;-1;0.00000000;0.00000000;0.00000000;0.00000000;0.00000000;0.00000000;0.00000000;
72694957;11.8;30.3;0;0;0;-75.2;0;0;0;0;0;-0.001;0.0442;0.0001;0.5234;0.0023;167362;167596;44.8422;0;101;0.004;-0.002;72694926;0.0442;0.0001;0.5234;0.0023;0.696;39.455;0;0;0;346.349;346.833;1;-1;0;0;0;0;0;0;0;0;0;-1;0.00000000;0.00000000;0.00000000;0.00000000;0.00000000;0.00000000;0.00000000;
72694991;11.8;30.3;0;0;0;-75.3;0;0;0;0;0;0;0.0442;0.0001;0.5234;0.0023;167362;167596;44.9726;0;101;0.003;-0.001;72694959;0.0442;0.0001;0.5234;0.0023;0.696;39.455;0;0;0;346.349;346.833;1;-1;0;0;0;0;0;0;0;0;0;-1;0.00000000;0.00000000;0.00000000;0.00000000;0.00000000;0.00000000;0.00000000;
72695025;11.8;30.3;0;0;0;-75.6;0;0;0;0;0;0;0.0442;0.0001;0.5234;0.0023;167362;167596;44.9863;0;101;0.003;-0.002;72694991;0.0442;0.0001;0.5234;0.0023;0.696;39.454;0;0;0;346.349;346.833;1;-1;0;0;0;0;0;0;0;0;0;-1;0.00000000;0.00000000;0.00000000;0.00000000;0.00000000;0.00000000;0.00000000;
72695058;11.8;30.3;0;0;0;-75.6;0;0;0;0;0;0.001;0.0442;0.0001;0.5234;0.0023;167362;167596;45;0;101;0.003;-0.001;72695025;0.0442;0.0001;0.5234;0.0023;0.696;39.453;0;0;0;346.349;346.833;1;-1;0;0;0;0;0;0;0;0;0;-1;0.00000000;0.00000000;0.00000000;0.00000000;0.00000000;0.00000000;0.00000000;
72695091;11.8;30.3;0;0;0;-75.2;0;0;0;0;0;0;0.0442;0.0001;0.5234;0.0023;167362;167596;45.0158;0;101;0.004;-0.001;72695058;0.0442;0.0001;0.5234;0.0023;0.696;39.452;0;0;0;346.349;346.833;1;-1;0;0;0;0;0;0;0;0;0;-1;0.00000000;0.00000000;0.00000000;0.00000000;0.00000000;0.00000000;0.00000000;
72695124;11.8;30.3;0;0;0;-74.7;0;0;0;0;0;0;0.0442;0.0001;0.5234;0.0023;167362;167596;44.9863;0;101;0.003;-0.001;72695091;0.0442;0.0001;0.5234;0.0023;0.696;39.452;0;0;0;346.349;346.833;1;-1;0;0;0;0;0;0;0;0;0;-1;0.00000000;0.00000000;0.00000000;0.00000000;0.00000000;0.00000000;0.00000000;
72695161;11.8;30.3;0;0;0;-74.8;0;0;0;0;0;0;0.0442;0.0001;0.5234;0.0023;167362;167596;45.0039;0;101;0.003;-0.001;72695125;0.0442;0.0001;0.5234;0.0023;0.696;39.452;0;0;0;346.349;346.833;1;-1;0;0;0;0;0;0;0;0;0;-1;0.00000000;0.00000000;0.00000000;0.00000000;0.00000000;0.00000000;0.00000000;
72695202;11.8;30.3;0;0;0;-75;0;0;0;0;0;0;0.0442;0.0001;0.5234;0.0023;167362;167596;45;0;101;0.003;-0.001;72695161;0.0442;0.0001;0.5234;0.0023;0.696;39.451;0;0;0;346.349;346.833;1;-1;0;0;0;0;0;0;0;0;0;-1;0.00000000;0.00000000;0.00000000;0.00000000;0.00000000;0.00000000;0.00000000;
72695235;11.8;30.3;0;0;0;-75.2;0;0;0;0;0;0;0.0442;0.0001;0.5234;0.0023;167362;167596;44.9795;0;101;0.004;-0.002;72695202;0.0442;0.0001;0.5234;0.0023;0.696;39.45;0;0;0;346.349;346.833;1;-1;0;0;0;0;0;0;0;0;0;-1;0.00000000;0.00000000;0.00000000;0.00000000;0.00000000;0.00000000;0.00000000;
72695268;11.8;30.3;0;0;0;-75.3;0;0;0;0;0;-0.001;0.0442;0.0001;0.5234;0.0023;167362;167596;44.9795;0;101;0.003;-0.001;72695236;0.0442;0.0001;0.5234;0.0023;0.696;39.45;0;0;0;346.349;346.833;1;-1;0;0;0;0;0;0;0;0;0;-1;0.00000000;0.00000000;0.00000000;0.00000000;0.00000000;0.00000000;0.00000000;
72695308;11.8;30.3;0;0;0;-75.7;0;0;0;0;0;0;0.0442;0.0001;0.5234;0.0023;167362;167596;45.005;0;101;0.003;-0.001;72695269;0.0442;0.0001;0.5234;0.0023;0.696;39.449;0;0;0;346.349;346.833;1;-1;0;0;0;0;0;0;0;0;0;-1;0.00000000;0.00000000;0.00000000;0.00000000;0.00000000;0.00000000;0.00000000;
72695342;11.8;30.3;0;0;0;-75.9;0;0;0;0;0;0;0.0442;0.0001;0.5234;0.0023;167362;167596;45;0;101;0.003;-0.001;72695309;0.0442;0.0001;0.5234;0.0023;0.696;39.449;0;0;0;346.349;346.833;1;-1;0;0;0;0;0;0;0;0;0;-1;0.00000000;0.00000000;0.00000000;0.00000000;0.00000000;0.00000000;0.00000000;
72695375;11.8;30.3;0;0;0;-76;0;0;0;0;0;0;0.0442;0.0001;0.5234;0.0023;167362;167596;45.005;0;101;0.003;-0.001;72695343;0.0442;0.0001;0.5234;0.0023;0.696;39.448;0;0;0;346.349;346.833;1;-1;0;0;0;0;0;0;0;0;0;-1;0.00000000;0.00000000;0.00000000;0.00000000;0.00000000;0.00000000;0.00000000;
72695409;11.8;30.3;0;0;0;-75.8;0;0;0;0;0;0;0.0442;0.0001;0.5234;0.0023;167362;167596;44.9863;0;101;0.004;-0.001;72695375;0.0442;0.0001;0.5234;0.0023;0.696;39.448;0;0;0;346.349;346.833;1;-1;0;0;0;0;0;0;0;0;0;-1;0.00000000;0.00000000;0.00000000;0.00000000;0.00000000;0.00000000;0.00000000;
72695442;11.8;30.3;0;0;0;-75.6;0;0;0;0;0;0;0.0442;0.0001;0.5234;0.0023;167362;167596;45;0;101;0.003;-0.001;72695409;0.0442;0.0001;0.5234;0.0023;0.696;39.447;0;0;0;346.349;346.833;1;-1;0;0;0;0;0;0;0;0;0;-1;0.00000000;0.00000000;0.00000000;0.00000000;0.00000000;0.00000000;0.00000000;
72695460;11.8;30.3;0;0;0;-75.6;0;0;0;0;0;0;0.0442;0.0001;0.5234;0.0023;167362;167596;45;0;101;0.003;-0.001;72695442;0.0442;0.0001;0.5234;0.0023;0.696;39.447;0;0;0;346.349;346.833;1;-1;0;0;0;0;0;0;0;0;0;-1;0.00000000;0.00000000;0.00000000;0.00000000;0.00000000;0.00000000;0.00000000;
72695493;11.8;30.3;0;0;0;-76;0;0;0;0;0;0;0.0442;0.0001;0.5234;0.0023;167362;167596;44.9863;0;101;0.003;-0.002;72695460;0.0442;0.0001;0.5234;0.0023;0.696;39.446;0;0;0;346.349;346.833;1;-1;0;0;0;0;0;0;0;0;0;-1;0.00000000;0.00000000;0.00000000;0.00000000;0.00000000;0.00000000;0.00000000;
72695527;11.8;30.3;0;0;0;-76.2;0;0;0;0;0;0;0.0442;0.0001;0.5234;0.0023;167362;167596;44.9726;0;101;0.003;-0.002;72695494;0.0442;0.0001;0.5234;0.0023;0.696;39.445;0;0;0;346.349;346.833;1;-1;0;0;0;0;0;0;0;0;0;-1;0.00000000;0.00000000;0.00000000;0.00000000;0.00000000;0.00000000;0.00000000;
72695560;11.8;30.3;0;0;0;-76;0;0;0;0;0;0;0.0442;0.0001;0.5234;0.0023;167362;167596;44.9884;0;101;0.003;-0.001;72695527;0.0442;0.0001;0.5234;0.0023;0.696;39.445;0;0;0;346.349;346.833;1;-1;0;0;0;0;0;0;0;0;0;-1;0.00000000;0.00000000;0.00000000;0.00000000;0.00000000;0.00000000;0.00000000;
72695592;11.8;30.3;0;0;0;-75.9;0;0;0;0;0;0;0.0442;0.0001;0.5234;0.0023;167362;167596;44.9971;0;101;0.003;-0.002;72695560;0.0442;0.0001;0.5234;0.0023;0.696;39.444;0;0;0;346.349;346.833;1;-1;0;0;0;0;0;0;0;0;0;-1;0.00000000;0.00000000;0.00000000;0.00000000;0.00000000;0.00000000;0.00000000;
72695625;11.8;30.3;0;0;0;-75.7;0;0;0;0;0;0;0.0442;0.0001;0.5234;0.0023;167362;167596;44.9658;0;101;0.003;-0.001;72695593;0.0442;0.0001;0.5234;0.0023;0.696;39.443;0;0;0;346.349;346.833;1;-1;0;0;0;0;0;0;0;0;0;-1;0.00000000;0.00000000;0.00000000;0.00000000;0.00000000;0.00000000;0.00000000;
72695661;11.8;30.3;0;0;0;-75.5;0;0;0;0;0;0;0.0442;0.0001;0.5234;0.0023;167362;167596;45;0;101;0.004;-0.001;72695626;0.0442;0.0001;0.5234;0.0023;0.696;39.443;0;0;0;346.349;346.833;1;-1;0;0;0;0;0;0;0;0;0;-1;0.00000000;0.00000000;0.00000000;0.00000000;0.00000000;0.00000000;0.00000000;
72695675;11.8;30.3;0;0;0;-75.4;0;0;0;0;0;0.001;0.0442;0.0001;0.5234;0.0023;167362;167596;45;0;101;0.004;-0.001;72695661;0.0442;0.0001;0.5234;0.0023;0.696;39.442;0;0;0;346.349;346.833;1;-1;0;0;0;0;0;0;0;0;0;-1;0.00000000;0.00000000;0.00000000;0.00000000;0.00000000;0.00000000;0.00000000;
72695708;11.8;30.3;0;0;0;-75.6;0;0;0;0;0;0;0.0442;0.0001;0.5234;0.0023;167362;167596;44.9862;0;101;0.003;-0.002;72695676;0.0442;0.0001;0.5234;0.0023;0.696;39.442;0;0;0;346.349;346.833;1;-1;0;0;0;0;0;0;0;0;0;-1;0.00000000;0.00000000;0.00000000;0.00000000;0.00000000;0.00000000;0.00000000;
72695759;11.8;30.3;0;0;0;-75.2;0;0;0;0;0;0;0.0442;0.0001;0.5234;0.0023;167362;167596;44.9776;0;101;0.004;-0.001;72695710;0.0442;0.0001;0.5234;0.0023;0.696;39.441;0;0;0;346.349;346.833;1;-1;0;0;0;0;0;0;0;0;0;-1;0.00000000;0.00000000;0.00000000;0.00000000;0.00000000;0.00000000;0.00000000;
72695776;11.8;30.3;0;0;0;-75;0;0;0;0;0;0;0.0442;0.0001;0.5234;0.0023;167362;167596;45;0;101;0.004;-0.001;72695759;0.0442;0.0001;0.5234;0.0023;0.696;39.441;0;0;0;346.349;346.833;1;-1;0;0;0;0;0;0;0;0;0;-1;0.00000000;0.00000000;0.00000000;0.00000000;0.00000000;0.00000000;0.00000000;
72695809;11.8;30.3;0;0;0;-74.6;0;0;0;0;0;0;0.0442;0.0001;0.5234;0.0023;167362;167596;44.9384;0;101;0.004;-0.001;72695777;0.0442;0.0001;0.5234;0.0023;0.696;39.441;0;0;0;346.349;346.833;1;-1;0;0;0;0;0;0;0;0;0;-1;0.00000000;0.00000000;0.00000000;0.00000000;0.00000000;0.00000000;0.00000000;
72695844;11.8;30.3;0;0;0;-75.3;0;0;0;0;0;0;0.0442;0.0001;0.5234;0.0023;167362;167596;44.9315;0;101;0.003;-0.001;72695810;0.0442;0.0001;0.5234;0.0023;0.696;39.44;0;0;0;346.349;346.833;1;-1;0;0;0;0;0;0;0;0;0;-1;0.00000000;0.00000000;0.00000000;0.00000000;0.00000000;0.00000000;0.00000000;
72695875;11.8;30.3;0;0;0;-75.1;0;0;0;0;0;-0.001;0.0442;0.0001;0.5234;0.0023;167362;167596;45;0;101;0.003;-0.001;72695844;0.0442;0.0001;0.5234;0.0023;0.696;39.44;0;0;0;346.349;346.833;1;-1;0;0;0;0;0;0;0;0;0;-1;0.00000000;0.00000000;0.00000000;0.00000000;0.00000000;0.00000000;0.00000000;
72695912;11.8;30.3;0;0;0;-74.5;0;0;0;0;0;-0.001;0.0442;0.0001;0.5234;0.0023;167362;167596;45;0;101;0.004;-0.001;72695876;0.0442;0.0001;0.5234;0.0023;0.696;39.439;0;0;0;346.349;346.833;1;-1;0;0;0;0;0;0;0;0;0;-1;0.00000000;0.00000000;0.00000000;0.00000000;0.00000000;0.00000000;0.00000000;
72695952;11.8;30.3;0;0;0;-74.7;0;0;0;0;0;0;0.0442;0.0001;0.5234;0.0023;167362;167596;44.9795;0;101;0.003;-0.001;72695912;0.0442;0.0001;0.5234;0.0023;0.696;39.438;0;0;0;346.349;346.833;1;-1;0;0;0;0;0;0;0;0;0;-1;0.00000000;0.00000000;0.00000000;0.00000000;0.00000000;0.00000000;0.00000000;
72695982;11.8;30.3;0;0;0;-74.7;0;0;0;0;0;0;0.0442;0.0001;0.5234;0.0023;167362;167596;45;0;101;0.003;-0.001;72695952;0.0442;0.0001;0.5234;0.0023;0.696;39.437;0;0;0;346.349;346.833;1;-1;0;0;0;0;0;0;0;0;0;-1;0.00000000;0.00000000;0.00000000;0.00000000;0.00000000;0.00000000;0.00000000;
72696016;11.8;30.3;0;0;0;-74.5;0;0;0;0;0;0;0.0442;0.0001;0.5234;0.0023;167362;167596;45.001;0;101;0.003;-0.001;72695982;0.0442;0.0001;0.5234;0.0023;0.696;39.437;0;0;0;346.349;346.833;1;-1;0;0;0;0;0;0;0;0;0;-1;0.00000000;0.00000000;0.00000000;0.00000000;0.00000000;0.00000000;0.00000000;
72696046;11.8;30.3;0;0;0;-75.2;0;0;0;0;0;0;0.0442;0.0001;0.5234;0.0023;167362;167596;45;0;101;0.004;-0.001;72696017;0.0442;0.0001;0.5234;0.0023;0.696;39.436;0;0;0;346.349;346.833;1;-1;0;0;0;0;0;0;0;0;0;-1;0.00000000;0.00000000;0.00000000;0.00000000;0.00000000;0.00000000;0.00000000;
72696076;11.8;30.3;0;0;0;-75.4;0;0;0;0;0;0;0.0442;0.0001;0.5234;0.0023;167362;167596;44.9971;0;101;0.004;-0.001;72696047;0.0442;0.0001;0.5234;0.0023;0.696;39.436;0;0;0;346.349;346.833;1;-1;0;0;0;0;0;0;0;0;0;-1;0.00000000;0.00000000;0.00000000;0.00000000;0.00000000;0.00000000;0.00000000;
72696107;11.8;30.3;0;0;0;-75.8;0;0;0;0;0;0;0.0442;0.0001;0.5234;0.0023;167362;167596;44.9658;0;101;0.004;-0.001;72696076;0.0442;0.0001;0.5234;0.0023;0.696;39.435;0;0;0;346.349;346.833;1;-1;0;0;0;0;0;0;0;0;0;-1;0.00000000;0.00000000;0.00000000;0.00000000;0.00000000;0.00000000;0.00000000;
72696141;11.8;30.3;0;0;0;-75.3;0;0;0;0;0;-0.001;0.0442;0.0001;0.5234;0.0023;167362;167596;44.9452;0;101;0.003;-0.002;72696107;0.0442;0.0001;0.5234;0.0023;0.696;39.434;0;0;0;346.349;346.833;1;-1;0;0;0;0;0;0;0;0;0;-1;0.00000000;0.00000000;0.00000000;0.00000000;0.00000000;0.00000000;0.00000000;
72696174;11.8;30.3;0;0;0;-75.8;0;0;0;0;0;0;0.0442;0.0001;0.5234;0.0023;167362;167596;45.0079;0;101;0.003;-0.002;72696141;0.0442;0.0001;0.5234;0.0023;0.696;39.434;0;0;0;346.349;346.833;1;-1;0;0;0;0;0;0;0;0;0;-1;0.00000000;0.00000000;0.00000000;0.00000000;0.00000000;0.00000000;0.00000000;
72696209;11.8;30.3;0;0;0;-75.2;0;0;0;0;0;0;0.0442;0.0001;0.5234;0.0023;167362;167596;45;0;101;0.003;-0.001;72696175;0.0442;0.0001;0.5234;0.0023;0.696;39.433;0;0;0;346.349;346.833;1;-1;0;0;0;0;0;0;0;0;0;-1;0.00000000;0.00000000;0.00000000;0.00000000;0.00000000;0.00000000;0.00000000;
72696241;11.8;30.3;0;0;0;-75;0;0;0;0;0;0;0.0442;0.0001;0.5234;0.0023;167362;167596;44.9931;0;101;0.003;-0.001;72696209;0.0442;0.0001;0.5234;0.0023;0.696;39.433;0;0;0;346.349;346.833;1;-1;0;0;0;0;0;0;0;0;0;-1;0.00000000;0.00000000;0.00000000;0.00000000;0.00000000;0.00000000;0.00000000;
72696275;11.8;30.3;0;0;0;-75.2;0;0;0;0;0;0;0.0442;0.0001;0.5234;0.0023;167362;167596;45;0;101;0.004;-0.001;72696242;0.0442;0.0001;0.5234;0.0023;0.696;39.431;0;0;0;346.349;346.833;1;-1;0;0;0;0;0;0;0;0;0;-1;0.00000000;0.00000000;0.00000000;0.00000000;0.00000000;0.00000000;0.00000000;
72696308;11.8;30.3;0;0;0;-74.9;0;0;0;0;0;0.001;0.0442;0.0001;0.5234;0.0023;167362;167596;45.0079;0;101;0.003;-0.001;72696275;0.0442;0.0001;0.5234;0.0023;0.696;39.431;0;0;0;346.349;346.833;1;-1;0;0;0;0;0;0;0;0;0;-1;0.00000000;0.00000000;0.00000000;0.00000000;0.00000000;0.00000000;0.00000000;
72696341;11.8;30.3;0;0;0;-74.8;0;0;0;0;0;-0.001;0.0442;0.0001;0.5234;0.0023;167362;167596;45;0;101;0.003;-0.002;72696309;0.0442;0.0001;0.5234;0.0023;0.696;39.43;0;0;0;346.349;346.833;1;-1;0;0;0;0;0;0;0;0;0;-1;0.00000000;0.00000000;0.00000000;0.00000000;0.00000000;0.00000000;0.00000000;
72696364;11.8;30.3;0;0;0;-74.6;0;0;0;0;0;-0.001;0.0442;0.0001;0.5234;0.0023;167362;167596;44.9589;0;101;0.003;-0.001;72696342;0.0442;0.0001;0.5234;0.0023;0.696;39.43;0;0;0;346.349;346.833;1;-1;0;0;0;0;0;0;0;0;0;-1;0.00000000;0.00000000;0.00000000;0.00000000;0.00000000;0.00000000;0.00000000;
72696385;11.8;30.3;0;0;0;-74.5;0;0;0;0;0;0;0.0442;0.0001;0.5234;0.0023;167362;167596;44.9863;0;101;0.003;-0.001;72696364;0.0442;0.0001;0.5234;0.0023;0.696;39.429;0;0;0;346.349;346.833;1;-1;0;0;0;0;0;0;0;0;0;-1;0.00000000;0.00000000;0.00000000;0.00000000;0.00000000;0.00000000;0.00000000;
72696418;11.8;30.3;0;0;0;-74.2;0;0;0;0;0;0.001;0.0442;0.0001;0.5234;0.0023;167362;167596;45;0;101;0.004;-0.001;72696385;0.0442;0.0001;0.5234;0.0023;0.696;39.428;0;0;0;346.349;346.833;1;-1;0;0;0;0;0;0;0;0;0;-1;0.00000000;0.00000000;0.00000000;0.00000000;0.00000000;0.00000000;0.00000000;
72696452;11.8;30.3;0;0;0;-74.7;0;0;0;0;0;0;0.0442;0.0001;0.5234;0.0023;167362;167596;44.9658;0;101;0.003;-0.002;72696420;0.0442;0.0001;0.5234;0.0023;0.696;39.428;0;0;0;346.349;346.833;1;-1;0;0;0;0;0;0;0;0;0;-1;0.00000000;0.00000000;0.00000000;0.00000000;0.00000000;0.00000000;0.00000000;
72696482;11.8;30.3;0;0;0;-74.5;0;0;0;0;0;0;0.0442;0.0001;0.5234;0.0023;167362;167596;44.9863;0;101;0.003;-0.001;72696452;0.0442;0.0001;0.5234;0.0023;0.696;39.427;0;0;0;346.349;346.833;1;-1;0;0;0;0;0;0;0;0;0;-1;0.00000000;0.00000000;0.00000000;0.00000000;0.00000000;0.00000000;0.00000000;
72696517;11.8;30.3;0;0;0;-74.4;0;0;0;0;0;0;0.0442;0.0001;0.5234;0.0023;167362;167596;44.952;0;101;0.004;-0.002;72696483;0.0442;0.0001;0.5234;0.0023;0.696;39.427;0;0;0;346.349;346.833;1;-1;0;0;0;0;0;0;0;0;0;-1;0.00000000;0.00000000;0.00000000;0.00000000;0.00000000;0.00000000;0.00000000;
72696547;11.8;30.3;0;0;0;-74.4;0;0;0;0;0;0;0.0442;0.0001;0.5234;0.0023;167362;167596;45;0;101;0.004;-0.002;72696517;0.0442;0.0001;0.5234;0.0023;0.696;39.426;0;0;0;346.349;346.833;1;-1;0;0;0;0;0;0;0;0;0;-1;0.00000000;0.00000000;0.00000000;0.00000000;0.00000000;0.00000000;0.00000000;
72696577;11.8;30.3;0;0;0;-74.9;0;0;0;0;0;-0.001;0.0442;0.0001;0.5234;0.0023;167362;167596;45;0;101;0.004;-0.001;72696548;0.0442;0.0001;0.5234;0.0023;0.696;39.425;0;0;0;346.349;346.833;1;-1;0;0;0;0;0;0;0;0;0;-1;0.00000000;0.00000000;0.00000000;0.00000000;0.00000000;0.00000000;0.00000000;
72696624;11.8;30.3;0;0;0;-75.2;0;0;0;0;0;0;0.0442;0.0001;0.5234;0.0023;167362;167596;45;0;101;0.003;-0.002;72696577;0.0442;0.0001;0.5234;0.0023;0.696;39.425;0;0;0;346.349;346.833;1;-1;0;0;0;0;0;0;0;0;0;-1;0.00000000;0.00000000;0.00000000;0.00000000;0.00000000;0.00000000;0.00000000;
72696658;11.8;30.3;0;0;0;-75.3;0;0;0;0;0;0;0.0442;0.0001;0.5234;0.0023;167362;167596;44.952;0;101;0.003;-0.001;72696625;0.0442;0.0001;0.5234;0.0023;0.696;39.424;0;0;0;346.349;346.833;1;-1;0;0;0;0;0;0;0;0;0;-1;0.00000000;0.00000000;0.00000000;0.00000000;0.00000000;0.00000000;0.00000000;
72696691;11.8;30.3;0;0;0;-75.7;0;0;0;0;0;0;0.0442;0.0001;0.5234;0.0023;167362;167596;44.9697;0;101;0.003;-0.001;72696658;0.0442;0.0001;0.5234;0.0023;0.696;39.423;0;0;0;346.349;346.833;1;-1;0;0;0;0;0;0;0;0;0;-1;0.00000000;0.00000000;0.00000000;0.00000000;0.00000000;0.00000000;0.00000000;
72696711;11.8;30.3;0;0;0;-75.9;0;0;0;0;0;0;0.0442;0.0001;0.5234;0.0023;167362;167596;45.0198;0;101;0.003;-0.001;72696692;0.0442;0.0001;0.5234;0.0023;0.696;39.422;0;0;0;346.349;346.833;1;-1;0;0;0;0;0;0;0;0;0;-1;0.00000000;0.00000000;0.00000000;0.00000000;0.00000000;0.00000000;0.00000000;
72696743;11.8;30.3;0;0;0;-76.1;3.22;0.04;-0.06;3.38;4;0.02;0.0442;0.0001;0.5234;0.0023;167362;167596;46.4429;0;101;0.007;0.03;72696711;0.0442;0.0001;0.5234;0.0023;0.696;39.421;0;0;0;346.349;346.833;1;-1;0;0;0;0;0;0;0;0;0;-1;0.00000000;0.00000000;0.00000000;0.00000000;0.00000000;0.00000000;0.00000000;
72696777;11.8;30.3;0;0;0;-76;8.01;0.1;0.16;7.99;60;0.021;0.0442;0.0001;0.5234;0.0023;167363;167597;74.7101;0;101;0.015;0.102;72696743;0.0442;0.0001;0.5234;0.0023;0.696;39.421;0.1;8.17;0.001;346.349;346.833;1;-1;0;0;0;0;0;0;0;0;0;-1;0.00000000;0.00000000;0.00000000;0.00000000;0.00000000;0.00000000;0.00000000;
72696810;11.8;30.3;0;0;0;-75.9;7.97;0.1;-0.02;7.95;168;0.022;0.0442;0.0001;0.5234;0.0023;167364;167598;141.268;0;101;0;0.108;72696778;0.0442;0.0001;0.5234;0.0023;0.696;39.42;0.1;7.88;0.012;346.351;346.835;1;-1;0;0;0;0;0;0;0;0;0;-1;0.00000000;0.00000000;0.00000000;0.00000000;0.00000000;0.00000000;0.00000000;
72696847;11.8;30.3;0;0;0;-75.9;7.55;0.15;-0.03;7.53;413;0.041;0.0442;0.0001;0.5234;0.0023;167366;167600;294.802;0;101;0.004;0.156;72696811;0.0442;0.0001;0.5234;0.0023;0.696;39.42;0.11;7.79;0.034;346.353;346.837;1;-1;0;0;0;0;0;0;0;0;0;-1;0.00000000;0.00000000;0.00000000;0.00000000;0.00000000;0.00000000;0.00000000;
72696867;11.8;30.3;0;0;0;-75.9;8.54;0.17;-0.12;8.46;506;0.03;0.0442;0.0001;0.5234;0.0023;167368;167602;27.8697;0;101;0.014;0.162;72696848;0.0442;0.0001;0.5234;0.0023;0.696;39.42;0.3;9.35;0.086;346.357;346.841;1;-1;0;0;0;0;0;0;0;0;0;-1;0.00000000;0.00000000;0.00000000;0.00000000;0.00000000;0.00000000;0.00000000;
72696903;11.8;30.3;0;0;0;-75.7;7.9;0.17;-0.04;7.84;590;0.037;0.0442;0.0001;0.5234;0.0023;167370;167604;176.964;0;101;0.03;0.176;72696867;0.0442;0.0001;0.5234;0.0023;0.696;39.42;0.17;8.01;0.104;346.361;346.845;1;-1;0;0;0;0;0;0;0;0;0;-1;0.00000000;0.00000000;0.00000000;0.00000000;0.00000000;0.00000000;0.00000000;
72696926;11.8;30.3;0;0;0;-75.6;7.88;0.25;0.25;7.78;869;0.043;0.0442;0.0001;0.5235;0.0023;167374;167608;31.9567;0;101;-0.002;0.254;72696904;0.0442;0.0001;0.5234;0.0023;0.696;39.418;0.21;7.52;0.122;346.365;346.85;1;-1;0;0;0;0;0;0;0;0;0;-1;0.00000000;0.00000000;0.00000000;0.00000000;0.00000000;0.00000000;0.00000000;
72696960;11.8;30.3;0;0;0;-75.2;7.92;0.25;0;7.83;1146;0.049;0.0442;0.0001;0.5235;0.0023;167379;167613;343.111;0;101;0;0.259;72696927;0.0442;0.0001;0.5235;0.0023;0.696;39.417;0.24;7.3;0.18;346.374;346.858;1;-1;0;0;0;0;0;0;0;0;0;-1;0.00000000;0.00000000;0.00000000;0.00000000;0.00000000;0.00000000;0.00000000;
72696994;11.8;30.3;0;0;0;-75.4;8.01;0.31;0.06;7.92;1576;0.053;0.0442;0.0001;0.5235;0.0023;167387;167621;81.0637;0;101;-0.009;0.316;72696961;0.0442;0.0001;0.5235;0.0023;0.696;39.416;0.33;7.92;0.237;346.384;346.868;1;-1;0;0;0;0;0;0;0;0;0;-1;0.00000000;0.00000000;0.00000000;0.00000000;0.00000000;0.00000000;0.00000000;
72697029;11.8;30.3;0;0;0;-75.3;7.88;0.33;-0.05;7.81;1936;0.06;0.0442;0.0001;0.5236;0.0023;167395;167629;220.276;0;101;-0.011;0.338;72696995;0.0442;0.0001;0.5235;0.0023;0.696;39.415;0.22;6.68;0.326;346.401;346.885;1;-1;0;0;0;0;0;0;0;0;0;-1;0.00000000;0.00000000;0.00000000;0.00000000;0.00000000;0.00000000;0.00000000;
72697061;11.8;30.3;0;0;0;-75.2;8.05;0.37;-0.03;7.98;2276;0.06;0.0442;0.0001;0.5236;0.0023;167404;167638;44.8127;0;101;-0.011;0.375;72697029;0.0442;0.0001;0.5236;0.0023;0.696;39.414;0.39;7.1;0.401;346.417;346.901;1;-1;0;0;0;0;0;0;0;0;0;-1;0.00000000;0.00000000;0.00000000;0.00000000;0.00000000;0.00000000;0.00000000;
72697094;11.8;30.3;0;0;0;-75.2;7.97;0.4;0.13;7.89;2625;0.066;0.0442;0.0001;0.5236;0.0023;167415;167649;322.004;0;101;-0.016;0.407;72697061;0.0442;0.0001;0.5236;0.0023;0.696;39.411;0.43;7.68;0.471;346.436;346.92;1;-1;0;0;0;0;0;0;0;0;0;-1;0.00000000;0.00000000;0.00000000;0.00000000;0.00000000;0.00000000;0.00000000;
72697127;11.8;30.3;0;0;0;-75;7.93;0.44;-0.01;7.89;2987;0.068;0.0442;0.0001;0.5237;0.0023;167427;167661;306.441;0;101;-0.017;0.443;72697095;0.0442;0.0001;0.5236;0.0023;0.696;39.41;0.31;5.72;0.544;346.458;346.943;1;-1;0;0;0;0;0;0;0;0;0;-1;0.00000000;0.00000000;0.00000000;0.00000000;0.00000000;0.00000000;0.00000000;
72697145;11.8;30.3;0;0;0;-74.7;7.82;0.45;-0.11;7.7;3186;0.074;0.0442;0.0001;0.5237;0.0023;167434;167668;0.002349;0;101;-0.02;0.467;72697128;0.0442;0.0001;0.5237;0.0023;0.696;39.407;0.41;9.81;0.618;346.483;346.968;1;-1;0;0;0;0;0;0;0;0;0;-1;0.00000000;0.00000000;0.00000000;0.00000000;0.00000000;0.00000000;0.00000000;
72697178;11.8;30.3;0;0;0;-74.6;8.01;0.49;0.08;7.88;3535;0.081;0.0442;0.0001;0.5238;0.0023;167447;167681;79.0149;0;101;-0.02;0.493;72697146;0.0442;0.0001;0.5237;0.0023;0.696;39.407;0.62;10.03;0.659;346.498;346.982;1;-1;0;0;0;0;0;0;0;0;0;-1;0.00000000;0.00000000;0.00000000;0.00000000;0.00000000;0.00000000;0.00000000;
72697210;11.8;30.3;0;0;0;-74.7;8.05;0.51;-0.01;7.92;3809;0.083;0.0442;0.0001;0.5238;0.0023;167460;167694;141.318;0;101;-0.023;0.511;72697179;0.0442;0.0001;0.5238;0.0023;0.696;39.404;0.26;7.92;0.732;346.525;347.009;1;-1;0;0;0;0;0;0;0;0;0;-1;0.00000000;0.00000000;0.00000000;0.00000000;0.00000000;0.00000000;0.00000000;
72697244;11.8;30.3;0;0;0;-74.6;7.99;0.53;0.01;7.84;4140;0.09;0.0442;0.0001;0.5239;0.0023;167476;167710;37.4146;0;101;-0.026;0.54;72697210;0.0442;0.0001;0.5238;0.0023;0.696;39.402;0.29;7.39;0.788;346.552;347.036;1;-1;0;0;0;0;0;0;0;0;0;-1;0.00000000;0.00000000;0.00000000;0.00000000;0.00000000;0.00000000;0.00000000;
72697278;11.8;30.3;0;0;0;-74.7;7.96;0.58;-0.01;7.89;4555;0.092;0.0442;0.0001;0.5239;0.0023;167494;167728;4.62323;0;101;-0.031;0.59;72697245;0.0442;0.0001;0.5239;0.0023;0.695;39.399;0.85;7.98;0.858;346.585;347.069;1;-1;0;0;0;0;0;0;0;0;0;-1;0.00000000;0.00000000;0.00000000;0.00000000;0.00000000;0.00000000;0.00000000;
72697309;11.8;30.3;0;0;0;-74.8;8.12;0.6;0.08;7.95;4824;0.096;0.0442;0.0001;0.524;0.0023;167510;167744;267.209;0;101;-0.031;0.601;72697279;0.0442;0.0001;0.5239;0.0023;0.695;39.396;0.68;9.6;0.942;346.622;347.106;1;-1;0;0;0;0;0;0;0;0;0;-1;0.00000000;0.00000000;0.00000000;0.00000000;0.00000000;0.00000000;0.00000000;
72697348;11.8;30.3;0;0;0;-75.1;8.04;0.61;-0.07;7.93;5073;0.096;0.0443;0.0001;0.5241;0.0023;167529;167763;359.225;0;101;-0.032;0.612;72697310;0.0442;0.0001;0.524;0.0023;0.695;39.394;0.35;6.8;0.998;346.655;347.139;1;-1;0;0;0;0;0;0;0;0;0;-1;0.00000000;0.00000000;0.00000000;0.00000000;0.00000000;0.00000000;0.00000000;
72697366;11.8;30.3;0;0;0;-75.2;7.94;0.63;0.09;7.77;5284;0.102;0.0443;0.0001;0.5241;0.0023;167541;167775;350.496;0;101;-0.039;0.649;72697348;0.0443;0.0001;0.5241;0.0023;0.695;39.391;0.9;9.2;1.05;346.696;347.181;1;-1;0;0;0;0;0;0;0;0;0;-1;0.00000000;0.00000000;0.00000000;0.00000000;0.00000000;0.00000000;0.00000000;
72697396;11.8;30.3;0;0;0;-75.4;8;0.66;-0.01;7.87;5572;0.107;0.0443;0.0001;0.5242;0.0023;167560;167794;46.7716;0;101;-0.038;0.663;72697367;0.0443;0.0001;0.5241;0.0023;0.695;39.39;0.84;7.8;1.094;346.719;347.203;1;-1;0;0;0;0;0;0;0;0;0;-1;0.00000000;0.00000000;0.00000000;0.00000000;0.00000000;0.00000000;0.00000000;
72697428;11.8;30.3;0;0;0;-75.5;8.17;0.68;0.06;8.07;5746;0.106;0.0443;0.0001;0.5243;0.0023;167579;167813;82.2817;0;101;-0.036;0.667;72697397;0.0443;0.0001;0.5242;0.0023;0.695;39.387;0.87;7.51;1.153;346.759;347.243;1;-1;0;0;0;0;0;0;0;0;0;-1;0.00000000;0.00000000;0.00000000;0.00000000;0.00000000;0.00000000;0.00000000;
72697461;11.8;30.3;0;0;0;-75.7;8.06;0.69;0;7.91;6004;0.109;0.0443;0.0001;0.5243;0.0023;167600;167834;268.941;0;101;-0.041;0.698;72697428;0.0443;0.0001;0.5243;0.0023;0.695;39.385;0.38;7.53;1.189;346.798;347.282;1;-1;0;0;0;0;0;0;0;0;0;-1;0.00000000;0.00000000;0.00000000;0.00000000;0.00000000;0.00000000;0.00000000;
72697495;11.8;30.3;0;0;0;-75.6;7.9;0.69;0;7.75;6250;0.118;0.0443;0.0001;0.5244;0.0023;167622;167856;162.411;0;101;-0.042;0.713;72697462;0.0443;0.0001;0.5243;0.0023;0.695;39.381;0.37;6.75;1.242;346.841;347.326;1;-1;0;0;0;0;0;0;0;0;0;-1;0.00000000;0.00000000;0.00000000;0.00000000;0.00000000;0.00000000;0.00000000;
72697527;11.8;30.3;0;0;0;-75.6;8.17;0.77;0;8.07;6566;0.116;0.0443;0.0001;0.5245;0.0023;167645;167879;83.5219;0;101;-0.047;0.758;72697495;0.0443;0.0001;0.5244;0.0023;0.695;39.378;1.16;8.8;1.294;346.889;347.373;1;-1;0;0;0;0;0;0;0;0;0;-1;0.00000000;0.00000000;0.00000000;0.00000000;0.00000000;0.00000000;0.00000000;
72697562;11.8;30.3;0;0;0;-75;8.07;0.74;0.03;7.91;6727;0.12;0.0443;0.0001;0.5246;0.0023;167669;167903;90.5041;0;101;-0.045;0.747;72697527;0.0443;0.0001;0.5245;0.0023;0.695;39.375;0.4;7.32;1.359;346.934;347.419;1;-1;0;0;0;0;0;0;0;0;0;-1;0.00000000;0.00000000;0.00000000;0.00000000;0.00000000;0.00000000;0.00000000;
72697594;11.8;30.3;0;0;0;-75.1;8.12;0.8;-0.07;8.02;6995;0.117;0.0443;0.0001;0.5247;0.0023;167694;167928;128.704;0;101;-0.048;0.79;72697562;0.0443;0.0001;0.5246;0.0023;0.695;39.372;0.38;6.53;1.392;346.984;347.468;1;-1;0;0;0;0;0;0;0;0;0;-1;0.00000000;0.00000000;0.00000000;0.00000000;0.00000000;0.00000000;0.00000000;
72697627;11.8;30.3;0;0;0;-75.2;8;0.79;-0.01;7.82;7212;0.123;0.0443;0.0001;0.5247;0.0023;167718;167952;177.237;0;101;-0.05;0.8;72697595;0.0443;0.0001;0.5247;0.0023;0.695;39.368;0.65;8.99;1.447;347.036;347.52;1;-1;0;0;0;0;0;0;0;0;0;-1;0.00000000;0.00000000;0.00000000;0.00000000;0.00000000;0.00000000;0.00000000;
72697644;11.8;30.3;0;0;0;-75.2;8.37;0.83;-0.06;8.26;7286;0.117;0.0443;0.0001;0.5248;0.0023;167731;167965;235.095;0;101;-0.049;0.803;72697628;0.0443;0.0001;0.5247;0.0023;0.695;39.365;1.34;8.96;1.492;347.088;347.572;1;-1;0;0;0;0;0;0;0;0;0;-1;0.00000000;0.00000000;0.00000000;0.00000000;0.00000000;0.00000000;0.00000000;
72697677;11.8;30.3;0;0;0;-75.2;7.78;0.78;0.05;7.61;7505;0.133;0.0443;0.0001;0.5249;0.0023;167757;167991;356.907;0;101;-0.052;0.82;72697645;0.0443;0.0001;0.5248;0.0023;0.695;39.363;1.42;9.56;1.507;347.115;347.599;1;-1;0;0;0;0;0;0;0;0;0;-1;0.00000000;0.00000000;0.00000000;0.00000000;0.00000000;0.00000000;0.00000000;
72697708;11.8;30.3;0;0;0;-75.2;8.32;0.88;0.02;8.22;7723;0.125;0.0443;0.0001;0.525;0.0023;167783;168017;70.4438;0;101;-0.055;0.854;72697678;0.0443;0.0001;0.5249;0.0023;0.695;39.36;1.47;8.88;1.553;347.168;347.653;1;-1;0;0;0;0;0;0;0;0;0;-1;0.00000000;0.00000000;0.00000000;0.00000000;0.00000000;0.00000000;0.00000000;
72697743;11.8;30.3;0;0;0;-74.9;7.93;0.83;-0.02;7.75;7911;0.134;0.0443;0.0001;0.525;0.0023;167811;168045;308.703;0;101;-0.055;0.855;72697709;0.0443;0.0001;0.525;0.0023;0.695;39.356;0.71;9.69;1.598;347.22;347.704;1;-1;0;0;0;0;0;0;0;0;0;-1;0.00000000;0.00000000;0.00000000;0.00000000;0.00000000;0.00000000;0.00000000;
72697780;11.8;30.3;0;0;0;-74.9;8.32;0.9;0.06;8.15;8101;0.131;0.0443;0.0001;0.5252;0.0023;167842;168076;26.1471;0;101;-0.058;0.882;72697744;0.0443;0.0001;0.5251;0.0023;0.695;39.353;1.06;9.13;1.637;347.278;347.762;1;-1;0;0;0;0;0;0;0;0;0;-1;0.00000000;0.00000000;0.00000000;0.00000000;0.00000000;0.00000000;0.00000000;
72697811;11.8;30.3;0;0;0;-74.7;7.92;0.87;0;7.76;8280;0.139;0.0444;0.0001;0.5252;0.0023;167868;168102;155.716;0;101;-0.059;0.892;72697781;0.0443;0.0001;0.5252;0.0023;0.695;39.348;0.31;6.88;1.676;347.342;347.826;1;-1;0;0;0;0;0;0;0;0;0;-1;0.00000000;0.00000000;0.00000000;0.00000000;0.00000000;0.00000000;0.00000000;
72697846;11.8;30.3;0;0;0;-74.5;7.97;0.89;-0.07;7.83;8431;0.142;0.0444;0.0001;0.5253;0.0023;167895;168130;2.77731;0;101;-0.059;0.901;72697811;0.0444;0.0001;0.5252;0.0023;0.695;39.345;0.65;6.92;1.713;347.396;347.88;1;-1;0;0;0;0;0;0;0;0;0;-1;0.00000000;0.00000000;0.00000000;0.00000000;0.00000000;0.00000000;0.00000000;
72697875;11.8;30.3;0;0;0;-74.8;8.51;0.99;0.05;8.41;8585;0.132;0.0444;0.0001;0.5254;0.0023;167918;168152;256.58;0;101;-0.063;0.934;72697846;0.0444;0.0001;0.5253;0.0023;0.694;39.341;1.25;9.15;1.744;347.454;347.938;1;-1;0;0;0;0;0;0;0;0;0;-1;0.00000000;0.00000000;0.00000000;0.00000000;0.00000000;0.00000000;0.00000000;
72697912;11.8;30.3;0;0;0;-75.2;7.84;0.91;0;7.67;8888;0.149;0.0444;0.0001;0.5256;0.0023;167958;168192;138.998;0;101;-0.064;0.945;72697876;0.0444;0.0001;0.5254;0.0023;0.694;39.338;0.43;9.44;1.776;347.499;347.984;1;-1;0;0;0;0;0;0;0;0;0;-1;0.00000000;0.00000000;0.00000000;0.00000000;0.00000000;0.00000000;0.00000000;
72697928;11.8;30.3;0;0;0;-75.3;8.7;1.01;-0.01;8.55;8903;0.137;0.0444;0.0001;0.5256;0.0023;167973;168207;314.22;0;101;-0.064;0.937;72697912;0.0444;0.0001;0.5256;0.0023;0.694;39.333;0.55;9.21;1.839;347.582;348.066;1;-1;0;0;0;0;0;0;0;0;0;-1;0.00000000;0.00000000;0.00000000;0.00000000;0.00000000;0.00000000;0.00000000;
72697963;11.8;30.3;0;0;0;-75.6;7.86;0.91;0.02;7.64;9025;0.153;0.0444;0.0001;0.5257;0.0023;168004;168238;48.6584;0;101;-0.065;0.947;72697928;0.0444;0.0001;0.5256;0.0023;0.694;39.331;0.58;9.15;1.842;347.613;348.097;1;-1;0;0;0;0;0;0;0;0;0;-1;0.00000000;0.00000000;0.00000000;0.00000000;0.00000000;0.00000000;0.00000000;
72697995;11.8;30.3;0;0;0;-75.4;8.18;0.99;-0.01;8.08;9181;0.148;0.0444;0.0001;0.5258;0.0023;168035;168269;74.05;0;101;-0.068;0.976;72697963;0.0444;0.0001;0.5257;0.0023;0.694;39.327;1.09;6.55;1.868;347.677;348.162;1;-1;0;0;0;0;0;0;0;0;0;-1;0.00000000;0.00000000;0.00000000;0.00000000;0.00000000;0.00000000;0.00000000;
72698027;11.8;30.3;0;0;0;-75.3;8.18;0.98;-0.05;7.97;9282;0.148;0.0444;0.0001;0.5259;0.0023;168065;168299;118.186;0;101;-0.068;0.977;72697995;0.0444;0.0001;0.5258;0.0023;0.694;39.323;0.95;6.51;1.901;347.742;348.226;1;-1;0;0;0;0;0;0;0;0;0;-1;0.00000000;0.00000000;0.00000000;0.00000000;0.00000000;0.00000000;0.00000000;
72698060;11.8;30.3;0;0;0;-75;8.13;1.02;0.05;7.97;9546;0.15;0.0444;0.0001;0.526;0.0023;168099;168333;348.396;0;101;-0.074;1.021;72698027;0.0444;0.0001;0.5259;0.0023;0.694;39.32;1.71;8.93;1.92;347.806;348.29;1;-1;0;0;0;0;0;0;0;0;0;-1;0.00000000;0.00000000;0.00000000;0.00000000;0.00000000;0.00000000;0.00000000;
72698094;11.8;30.3;0;0;0;-74.9;8.05;0.97;-0.02;7.91;9510;0.152;0.0444;0.0001;0.5262;0.0023;168131;168365;71.3178;0;101;-0.068;0.972;72698062;0.0444;0.0001;0.526;0.0023;0.694;39.316;1.76;9.63;1.975;347.876;348.36;1;-1;0;0;0;0;0;0;0;0;0;-1;0.00000000;0.00000000;0.00000000;0.00000000;0.00000000;0.00000000;0.00000000;
72698116;11.8;30.3;0;0;0;-75;7.82;1.01;0.03;7.6;9753;0.162;0.0444;0.0001;0.5262;0.0023;168153;168387;358.947;0;101;-0.077;1.058;72698095;0.0444;0.0001;0.5262;0.0023;0.694;39.313;1.23;9.3;1.968;347.94;348.424;1;-1;0;0;0;0;0;0;0;0;0;-1;0.00000000;0.00000000;0.00000000;0.00000000;0.00000000;0.00000000;0.00000000;
72698147;11.8;30.3;0;0;0;-75.2;8.61;1.06;0.07;8.46;9701;0.151;0.0444;0.0001;0.5263;0.0023;168182;168416;267.616;0;101;-0.071;0.999;72698117;0.0444;0.0001;0.5262;0.0023;0.694;39.311;2.1;9.35;2.018;347.988;348.472;1;-1;0;0;0;0;0;0;0;0;0;-1;0.00000000;0.00000000;0.00000000;0.00000000;0.00000000;0.00000000;0.00000000;
72698184;11.8;30.4;0;0;0;-75.1;7.79;1;-0.09;7.61;9965;0.164;0.0445;0.0001;0.5265;0.0023;168222;168456;123.229;0;101;-0.076;1.047;72698147;0.0444;0.0001;0.5263;0.0023;0.694;39.308;0.26;7.25;2.007;348.046;348.53;1;-1;0;0;0;0;0;0;0;0;0;-1;0.00000000;0.00000000;0.00000000;0.00000000;0.00000000;0.00000000;0.00000000;
72698212;11.8;30.4;0;0;0;-75.6;8.67;1.1;0.01;8.5;9952;0.148;0.0445;0.0001;0.5265;0.0023;168249;168483;302.597;0;101;-0.076;1.031;72698185;0.0445;0.0001;0.5265;0.0023;0.694;39.305;1.54;8.98;2.062;348.129;348.613;1;-1;0;0;0;0;0;0;0;0;0;-1;0.00000000;0.00000000;0.00000000;0.00000000;0.00000000;0.00000000;0.00000000;
72698245;11.8;30.4;0;0;0;-75.7;7.76;0.99;0.08;7.54;10093;0.17;0.0445;0.0001;0.5267;0.0023;168282;168516;160.108;0;101;-0.077;1.05;72698213;0.0445;0.0001;0.5265;0.0023;0.694;39.302;1.41;9.07;2.059;348.184;348.669;1;-1;0;0;0;0;0;0;0;0;0;-1;0.00000000;0.00000000;0.00000000;0.00000000;0.00000000;0.00000000;0.00000000;
72698277;11.8;30.4;0;0;0;-76;8.42;1.13;-0.11;8.26;10294;0.155;0.0445;0.0001;0.5268;0.0023;168317;168551;119.794;0;101;-0.082;1.091;72698245;0.0445;0.0001;0.5267;0.0023;0.694;39.299;0.78;5.5;2.089;348.253;348.737;1;-1;0;0;0;0;0;0;0;0;0;-1;0.00000000;0.00000000;0.00000000;0.00000000;0.00000000;0.00000000;0.00000000;
72698311;11.8;30.4;0;0;0;-75.7;7.86;1.05;0.03;7.65;10462;0.17;0.0445;0.0001;0.5269;0.0023;168353;168587;114.708;0;101;-0.081;1.088;72698278;0.0445;0.0001;0.5268;0.0023;0.694;39.296;1.79;9.04;2.13;348.327;348.811;1;-1;0;0;0;0;0;0;0;0;0;-1;0.00000000;0.00000000;0.00000000;0.00000000;0.00000000;0.00000000;0.00000000;
72698346;11.8;30.4;0;0;0;-75.4;8.36;1.1;0;8.22;10425;0.16;0.0445;0.0001;0.527;0.0023;168390;168624;126.986;0;101;-0.08;1.067;72698312;0.0445;0.0001;0.5269;0.0023;0.694;39.293;2.16;8.95;2.165;348.402;348.886;1;-1;0;0;0;0;0;0;0;0;0;-1;0.00000000;0.00000000;0.00000000;0.00000000;0.00000000;0.00000000;0.00000000;
72698377;11.8;30.4;0;0;0;-75.2;8.05;1.09;0.08;7.83;10611;0.169;0.0445;0.0001;0.5271;0.0023;168423;168657;345.477;0;101;-0.085;1.111;72698347;0.0445;0.0001;0.527;0.0023;0.694;39.29;1.15;9.14;2.157;348.476;348.96;1;-1;0;0;0;0;0;0;0;0;0;-1;0.00000000;0.00000000;0.00000000;0.00000000;0.00000000;0.00000000;0.00000000;
72698412;11.8;30.4;0;0;0;-74.9;8.12;1.07;0;7.92;10564;0.173;0.0445;0.0001;0.5272;0.0023;168460;168694;43.7358;0;101;-0.08;1.07;72698378;0.0445;0.0001;0.5271;0.0023;0.693;39.287;1.6;8.1;2.195;348.544;349.029;1;-1;0;0;0;0;0;0;0;0;0;-1;0.00000000;0.00000000;0.00000000;0.00000000;0.00000000;0.00000000;0.00000000;
72698454;11.8;30.4;0;0;0;-74.5;8.09;1.17;0;7.96;10915;0.171;0.0445;0.0001;0.5274;0.0023;168496;168730;13.8564;0;101;-0.09;1.167;72698413;0.0445;0.0001;0.5272;0.0023;0.693;39.284;0.45;5.97;2.186;348.621;349.105;1;-1;0;0;0;0;0;0;0;0;0;-1;0.00000000;0.00000000;0.00000000;0.00000000;0.00000000;0.00000000;0.00000000;
72698483;11.8;30.4;0;0;0;-74.5;8.32;1.11;0.03;8.1;10809;0.17;0.0445;0.0001;0.5275;0.0023;168529;168763;203.63;0;101;-0.084;1.087;72698454;0.0445;0.0001;0.5274;0.0023;0.693;39.281;0.89;10.42;2.259;348.696;349.18;1;-1;0;0;0;0;0;0;0;0;0;-1;0.00000000;0.00000000;0.00000000;0.00000000;0.00000000;0.00000000;0.00000000;
72698518;11.8;30.4;0;0;0;-74.8;8.44;1.17;-0.12;8.25;10896;0.155;0.0446;0.0001;0.5276;0.0023;168567;168801;302.413;0;101;-0.087;1.129;72698484;0.0445;0.0001;0.5275;0.0023;0.693;39.279;0.06;7.75;2.237;348.766;349.25;1;-1;0;0;0;0;0;0;0;0;0;-1;0.00000000;0.00000000;0.00000000;0.00000000;0.00000000;0.00000000;0.00000000;
72698547;11.8;30.4;0;0;0;-74.9;7.6;1.02;0.09;7.33;10928;0.183;0.0446;0.0001;0.5277;0.0023;168598;168832;45.0655;0;101;-0.085;1.11;72698518;0.0446;0.0001;0.5276;0.0023;0.693;39.276;1.69;9.88;2.254;348.843;349.327;1;-1;0;0;0;0;0;0;0;0;0;-1;0.00000000;0.00000000;0.00000000;0.00000000;0.00000000;0.00000000;0.00000000;
72698576;11.8;30.4;0;0;0;-75.1;8.55;1.25;-0.02;8.4;11186;0.164;0.0446;0.0001;0.5278;0.0023;168633;168867;311.43;0;101;-0.093;1.19;72698548;0.0446;0.0001;0.5277;0.0023;0.693;39.274;0.51;5.96;2.262;348.907;349.391;1;-1;0;0;0;0;0;0;0;0;0;-1;0.00000000;0.00000000;0.00000000;0.00000000;0.00000000;0.00000000;0.00000000;
72698608;11.8;30.4;0;0;0;-74.8;8.06;1.1;0.04;7.8;11136;0.174;0.0446;0.0001;0.528;0.0023;168667;168901;229.963;0;101;-0.088;1.124;72698577;0.0446;0.0001;0.5278;0.0023;0.693;39.272;0.86;9.5;2.314;348.979;349.463;1;-1;0;0;0;0;0;0;0;0;0;-1;0.00000000;0.00000000;0.00000000;0.00000000;0.00000000;0.00000000;0.00000000;
72698641;11.8;30.4;0;0;0;-74.5;8.29;1.16;0.01;8.16;11110;0.167;0.0446;0.0001;0.5281;0.0023;168704;168938;258.259;0;101;-0.089;1.131;72698609;0.0446;0.0001;0.528;0.0023;0.693;39.27;2.02;7.59;2.304;349.052;349.536;1;-1;0;0;0;0;0;0;0;0;0;-1;0.00000000;0.00000000;0.00000000;0.00000000;0.00000000;0.00000000;0.00000000;
72698676;11.8;30.4;0;0;0;-74.7;7.96;1.15;-0.01;7.69;11361;0.177;0.0446;0.0001;0.5282;0.0023;168739;168973;234.119;0;101;-0.092;1.193;72698642;0.0446;0.0001;0.5281;0.0023;0.693;39.267;0.25;8.49;2.299;349.126;349.61;1;-1;0;0;0;0;0;0;0;0;0;-1;0.00000000;0.00000000;0.00000000;0.00000000;0.00000000;0.00000000;0.00000000;
72698708;11.8;30.4;0;0;0;-74.9;8.15;1.17;-0.02;7.94;11432;0.181;0.0446;0.0001;0.5283;0.0023;168779;169013;109.989;0;101;-0.093;1.168;72698677;0.0446;0.0001;0.5282;0.0023;0.693;39.265;2.56;9.13;2.351;349.201;349.685;1;-1;0;0;0;0;0;0;0;0;0;-1;0.00000000;0.00000000;0.00000000;0.00000000;0.00000000;0.00000000;0.00000000;
72698742;11.8;30.4;0;0;0;-74.8;8.36;1.21;0.06;8.17;11475;0.176;0.0446;0.0001;0.5285;0.0023;168818;169052;281.8;0;101;-0.095;1.176;72698709;0.0446;0.0001;0.5283;0.0023;0.693;39.262;2.04;8;2.365;349.283;349.768;1;-1;0;0;0;0;0;0;0;0;0;-1;0.00000000;0.00000000;0.00000000;0.00000000;0.00000000;0.00000000;0.00000000;
72698775;11.8;30.4;0;0;0;-75.2;7.97;1.13;0;7.76;11489;0.186;0.0446;0.0001;0.5286;0.0023;168856;169090;39.184;0;101;-0.092;1.163;72698742;0.0446;0.0001;0.5285;0.0023;0.693;39.26;0.98;9.67;2.374;349.364;349.848;1;-1;0;0;0;0;0;0;0;0;0;-1;0.00000000;0.00000000;0.00000000;0.00000000;0.00000000;0.00000000;0.00000000;
72698809;11.8;30.4;0;0;0;-74.9;8.51;1.23;-0.09;8.3;11508;0.171;0.0446;0.0001;0.5287;0.0023;168894;169128;176.649;0;101;-0.094;1.181;72698777;0.0446;0.0001;0.5286;0.0023;0.693;39.257;0.43;6;2.378;349.441;349.925;1;-1;0;0;0;0;0;0;0;0;0;-1;0.00000000;0.00000000;0.00000000;0.00000000;0.00000000;0.00000000;0.00000000;
72698843;11.8;30.4;0;0;0;-74.9;7.78;1.13;0.14;7.58;11612;0.19;0.0447;0.0001;0.5288;0.0023;168933;169167;334.09;0;101;-0.095;1.185;72698809;0.0446;0.0001;0.5287;0.0023;0.693;39.254;2.19;8.57;2.38;349.521;350.006;1;-1;0;0;0;0;0;0;0;0;0;-1;0.00000000;0.00000000;0.00000000;0.00000000;0.00000000;0.00000000;0.00000000;
72698875;11.8;30.4;0;0;0;-74.3;8.62;1.29;-0.06;8.46;11692;0.17;0.0447;0.0001;0.529;0.0023;168973;169207;197.917;0;101;-0.099;1.209;72698843;0.0447;0.0001;0.5288;0.0023;0.693;39.251;0.35;5.99;2.403;349.6;350.084;1;-1;0;0;0;0;0;0;0;0;0;-1;0.00000000;0.00000000;0.00000000;0.00000000;0.00000000;0.00000000;0.00000000;
72698911;11.8;30.4;0;0;0;-74.7;7.78;1.14;0.02;7.54;11793;0.192;0.0447;0.0001;0.5291;0.0023;169014;169248;148.846;0;101;-0.095;1.201;72698876;0.0447;0.0001;0.529;0.0023;0.693;39.247;0.25;8.52;2.419;349.683;350.167;1;-1;0;0;0;0;0;0;0;0;0;-1;0.00000000;0.00000000;0.00000000;0.00000000;0.00000000;0.00000000;0.00000000;
72698957;11.8;30.4;0;0;0;-74.4;8.26;1.24;-0.03;8.04;11950;0.183;0.0447;0.0001;0.5293;0.0023;169072;169306;6.73151;0;101;-0.1;1.226;72698912;0.0447;0.0001;0.5291;0.0023;0.693;39.243;-0.01;6.53;2.44;349.768;350.252;1;-1;0;0;0;0;0;0;0;0;0;-1;0.00000000;0.00000000;0.00000000;0.00000000;0.00000000;0.00000000;0.00000000;
72698992;11.8;30.5;0;0;0;-74.7;8.21;1.23;-0.03;7.99;12020;0.182;0.0447;0.0001;0.5294;0.0023;169115;169349;65.4838;0;101;-0.101;1.225;72698958;0.0447;0.0001;0.5293;0.0023;0.693;39.237;1.48;9.65;2.473;349.888;350.372;1;-1;0;0;0;0;0;0;0;0;0;-1;0.00000000;0.00000000;0.00000000;0.00000000;0.00000000;0.00000000;0.00000000;
72699024;11.8;30.5;0;0;0;-75.1;8.41;1.24;0.06;8.16;11973;0.18;0.0447;0.0001;0.5296;0.0023;169153;169387;233.995;0;101;-0.101;1.21;72698993;0.0447;0.0001;0.5294;0.0023;0.693;39.233;1.93;9.9;2.487;349.977;350.461;1;-1;0;0;0;0;0;0;0;0;0;-1;0.00000000;0.00000000;0.00000000;0.00000000;0.00000000;0.00000000;0.00000000;
72699059;11.8;30.5;0;0;0;-75.2;7.94;1.19;0.03;7.73;12034;0.193;0.0447;0.0001;0.5297;0.0023;169194;169428;147.395;0;101;-0.099;1.22;72699025;0.0447;0.0001;0.5296;0.0023;0.692;39.23;2.13;7.63;2.477;350.057;350.542;1;-1;0;0;0;0;0;0;0;0;0;-1;0.00000000;0.00000000;0.00000000;0.00000000;0.00000000;0.00000000;0.00000000;
72699091;11.8;30.5;0;0;0;-75.4;8.31;1.28;-0.03;8.11;12162;0.184;0.0447;0.0001;0.5299;0.0023;169237;169471;195.397;0;101;-0.104;1.252;72699060;0.0447;0.0001;0.5297;0.0023;0.692;39.226;-0.11;6.67;2.49;350.14;350.624;1;-1;0;0;0;0;0;0;0;0;0;-1;0.00000000;0.00000000;0.00000000;0.00000000;0.00000000;0.00000000;0.00000000;
72699126;11.8;30.5;0;0;0;-75.2;8.27;1.27;0;8.07;12228;0.181;0.0448;0.0001;0.53;0.0023;169276;169510;10.3711;0;101;-0.105;1.247;72699092;0.0447;0.0001;0.5299;0.0023;0.692;39.222;0.99;9.6;2.517;350.229;350.713;1;-1;0;0;0;0;0;0;0;0;0;-1;0.00000000;0.00000000;0.00000000;0.00000000;0.00000000;0.00000000;0.00000000;
72699160;11.8;30.5;0;0;0;-75;8.07;1.19;0.06;7.76;12193;0.194;0.0448;0.0001;0.5301;0.0023;169316;169550;291.513;0;101;-0.1;1.223;72699126;0.0448;0.0001;0.53;0.0023;0.692;39.218;0.93;9.69;2.53;350.31;350.794;1;-1;0;0;0;0;0;0;0;0;0;-1;0.00000000;0.00000000;0.00000000;0.00000000;0.00000000;0.00000000;0.00000000;
72699202;11.8;30.5;0;0;0;-74.8;8.24;1.28;0.01;8.03;12342;0.192;0.0448;0.0001;0.5303;0.0023;169375;169609;207.999;0;101;-0.104;1.263;72699161;0.0448;0.0001;0.5301;0.0023;0.692;39.214;2.27;7.83;2.523;350.395;350.879;1;-1;0;0;0;0;0;0;0;0;0;-1;0.00000000;0.00000000;0.00000000;0.00000000;0.00000000;0.00000000;0.00000000;
72699233;11.8;30.5;0;0;0;-74.6;8.4;1.29;-0.13;8.19;12346;0.18;0.0448;0.0001;0.5305;0.0023;169415;169649;67.8238;0;101;-0.105;1.252;72699202;0.0448;0.0001;0.5303;0.0023;0.692;39.209;0.01;8.21;2.554;350.515;350.999;1;-1;0;0;0;0;0;0;0;0;0;-1;0.00000000;0.00000000;0.00000000;0.00000000;0.00000000;0.00000000;0.00000000;
72699267;11.8;30.5;0;0;0;-74.5;8;1.22;0.09;7.77;12375;0.193;0.0448;0.0001;0.5306;0.0023;169456;169690;23.4102;0;101;-0.104;1.249;72699234;0.0448;0.0001;0.5305;0.0023;0.692;39.206;2.17;9.71;2.554;350.597;351.082;1;-1;0;0;0;0;0;0;0;0;0;-1;0.00000000;0.00000000;0.00000000;0.00000000;0.00000000;0.00000000;0.00000000;
72699299;11.8;30.5;0;0;0;-74.6;8.29;1.28;0.03;7.98;12467;0.194;0.0448;0.0001;0.5307;0.0023;169495;169729;224.756;0;101;-0.107;1.276;72699267;0.0448;0.0001;0.5306;0.0023;0.692;39.203;0.02;7.98;2.561;350.682;351.167;1;-1;0;0;0;0;0;0;0;0;0;-1;0.00000000;0.00000000;0.00000000;0.00000000;0.00000000;0.00000000;0.00000000;
72699327;11.8;30.5;0;0;0;-74.8;8.29;1.3;0.02;8.09;12546;0.192;0.0448;0.0001;0.5308;0.0023;169532;169766;278.02;0;101;-0.107;1.28;72699300;0.0448;0.0001;0.5307;0.0023;0.692;39.199;1.67;6.56;2.58;350.763;351.247;1;-1;0;0;0;0;0;0;0;0;0;-1;0.00000000;0.00000000;0.00000000;0.00000000;0.00000000;0.00000000;0.00000000;
72699359;11.8;30.5;0;0;0;-74.7;8.18;1.24;-0.08;7.91;12468;0.194;0.0448;0.0001;0.531;0.0023;169570;169804;50.2288;0;101;-0.104;1.244;72699328;0.0448;0.0001;0.5308;0.0023;0.692;39.197;0.8;7.27;2.596;350.84;351.324;1;-1;0;0;0;0;0;0;0;0;0;-1;0.00000000;0.00000000;0.00000000;0.00000000;0.00000000;0.00000000;0.00000000;
72699392;11.8;30.5;0;0;0;-74.5;8.3;1.31;0.04;8.14;12565;0.188;0.0448;0.0001;0.5311;0.0023;169611;169845;321.943;0;101;-0.109;1.284;72699359;0.0448;0.0001;0.531;0.0023;0.692;39.195;2.08;7.87;2.58;350.918;351.402;1;-1;0;0;0;0;0;0;0;0;0;-1;0.00000000;0.00000000;0.00000000;0.00000000;0.00000000;0.00000000;0.00000000;
72699425;11.8;30.5;0;0;0;-74.1;8.05;1.24;-0.08;7.79;12554;0.194;0.0449;0.0001;0.5312;0.0023;169650;169884;132.466;0;101;-0.105;1.261;72699392;0.0448;0.0001;0.5311;0.0023;0.692;39.192;0.22;8.76;2.6;351.003;351.487;1;-1;0;0;0;0;0;0;0;0;0;-1;0.00000000;0.00000000;0.00000000;0.00000000;0.00000000;0.00000000;0.00000000;
72699458;11.8;30.5;0;0;0;-74;8.29;1.31;0.05;8;12697;0.193;0.0449;0.0001;0.5314;0.0023;169693;169927;235.678;0;101;-0.111;1.303;72699426;0.0449;0.0001;0.5312;0.0023;0.692;39.19;0.44;8.9;2.598;351.084;351.568;1;-1;0;0;0;0;0;0;0;0;0;-1;0.00000000;0.00000000;0.00000000;0.00000000;0.00000000;0.00000000;0.00000000;
72699492;11.8;30.5;0;0;0;-74.6;8.23;1.3;0.05;8;12744;0.197;0.0449;0.0001;0.5315;0.0023;169737;169971;339.59;0;101;-0.11;1.29;72699459;0.0449;0.0001;0.5314;0.0023;0.692;39.186;2.78;9.76;2.627;351.175;351.659;1;-1;0;0;0;0;0;0;0;0;0;-1;0.00000000;0.00000000;0.00000000;0.00000000;0.00000000;0.00000000;0.00000000;
72699526;11.8;30.5;0;0;0;-74.7;8.13;1.28;0.02;7.9;12775;0.2;0.0449;0.0001;0.5317;0.0023;169778;170012;274.585;0;101;-0.11;1.29;72699492;0.0449;0.0001;0.5315;0.0023;0.692;39.184;0.93;6.79;2.637;351.264;351.748;1;-1;0;0;0;0;0;0;0;0;0;-1;0.00000000;0.00000000;0.00000000;0.00000000;0.00000000;0.00000000;0.00000000;
72699559;11.8;30.5;0;0;0;-74.6;8.45;1.31;-0.05;8.22;12641;0.19;0.0449;0.0001;0.5318;0.0023;169821;170055;323.12;0;101;-0.108;1.261;72699526;0.0449;0.0001;0.5317;0.0023;0.692;39.181;0.44;6.74;2.644;351.349;351.833;1;-1;0;0;0;0;0;0;0;0;0;-1;0.00000000;0.00000000;0.00000000;0.00000000;0.00000000;0.00000000;0.00000000;
72699591;11.8;30.6;0;0;0;-74.7;8.03;1.26;-0.06;7.72;12774;0.2;0.0449;0.0001;0.5319;0.0023;169865;170099;114.284;0;101;-0.106;1.302;72699559;0.0449;0.0001;0.5318;0.0023;0.692;39.178;0;7.36;2.616;351.438;351.922;1;-1;0;0;0;0;0;0;0;0;0;-1;0.00000000;0.00000000;0.00000000;0.00000000;0.00000000;0.00000000;0.00000000;
72699626;11.8;30.6;0;0;0;-74.5;8.22;1.33;0;7.96;12936;0.198;0.0449;0.0001;0.5321;0.0023;169909;170143;181.874;0;101;-0.112;1.328;72699592;0.0449;0.0001;0.5319;0.0023;0.692;39.176;2.28;8.21;2.643;351.531;352.015;1;-1;0;0;0;0;0;0;0;0;0;-1;0.00000000;0.00000000;0.00000000;0.00000000;0.00000000;0.00000000;0.00000000;
72699658;11.8;30.6;0;0;0;-74.5;8.42;1.31;0.01;8.17;12796;0.193;0.0449;0.0001;0.5323;0.0023;169950;170184;177.359;0;101;-0.11;1.273;72699626;0.0449;0.0001;0.5321;0.0023;0.692;39.174;2.16;9.97;2.676;351.62;352.104;1;-1;0;0;0;0;0;0;0;0;0;-1;0.00000000;0.00000000;0.00000000;0.00000000;0.00000000;0.00000000;0.00000000;
72699692;11.8;30.6;0;0;0;-74.7;8.05;1.3;0.03;7.8;12959;0.203;0.045;0.0001;0.5324;0.0023;169995;170229;349.865;0;101;-0.113;1.325;72699659;0.0449;0.0001;0.5323;0.0023;0.691;39.171;2.59;7.63;2.647;351.707;352.191;1;-1;0;0;0;0;0;0;0;0;0;-1;0.00000000;0.00000000;0.00000000;0.00000000;0.00000000;0.00000000;0.00000000;
72699711;11.8;30.6;0;0;0;-75;8.31;1.36;0.07;8.07;13096;0.202;0.045;0.0001;0.5325;0.0023;170037;170271;335.854;0;101;-0.115;1.341;72699693;0.045;0.0001;0.5324;0.0023;0.691;39.17;2.49;8.49;2.681;351.8;352.284;1;-1;0;0;0;0;0;0;0;0;0;-1;0.00000000;0.00000000;0.00000000;0.00000000;0.00000000;0.00000000;0.00000000;
72699743;11.8;30.6;0;0;0;-75.1;8.43;1.33;-0.01;8.14;12991;0.197;0.045;0.0001;0.5326;0.0023;170077;170311;223.874;0;101;-0.111;1.297;72699712;0.045;0.0001;0.5325;0.0023;0.691;39.168;0.47;6.82;2.71;351.885;352.369;1;-1;0;0;0;0;0;0;0;0;0;-1;0.00000000;0.00000000;0.00000000;0.00000000;0.00000000;0.00000000;0.00000000;
72699778;11.8;30.6;0;0;0;-75.4;8.11;1.3;-0.11;7.9;13033;0.197;0.045;0.0001;0.5328;0.0023;170124;170358;133.325;0;101;-0.112;1.314;72699743;0.045;0.0001;0.5326;0.0023;0.691;39.166;0.78;6.01;2.688;351.967;352.452;1;-1;0;0;0;0;0;0;0;0;0;-1;0.00000000;0.00000000;0.00000000;0.00000000;0.00000000;0.00000000;0.00000000;
72699812;11.8;30.6;0;0;0;-74.8;8.16;1.31;0.11;7.83;13124;0.205;0.045;0.0001;0.5329;0.0023;170167;170401;230.221;0;101;-0.115;1.334;72699779;0.045;0.0001;0.5328;0.0023;0.691;39.164;0.44;9.18;2.697;352.065;352.549;1;-1;0;0;0;0;0;0;0;0;0;-1;0.00000000;0.00000000;0.00000000;0.00000000;0.00000000;0.00000000;0.00000000;
72699846;11.8;30.6;0;0;0;-74.9;8.44;1.37;-0.09;8.27;13069;0.192;0.045;0.0001;0.5331;0.0023;170213;170447;77.6942;0;101;-0.115;1.312;72699812;0.045;0.0001;0.5329;0.0023;0.691;39.162;2.61;7.44;2.716;352.154;352.638;1;-1;0;0;0;0;0;0;0;0;0;-1;0.00000000;0.00000000;0.00000000;0.00000000;0.00000000;0.00000000;0.00000000;
72699876;11.8;30.6;0;0;0;-74.5;8.02;1.26;0.21;7.64;13067;0.205;0.045;0.0001;0.5332;0.0023;170239;170473;218.212;0;101;-0.112;1.316;72699847;0.045;0.0001;0.5331;0.0023;0.691;39.161;0.43;8.84;2.704;352.249;352.733;1;-1;0;0;0;0;0;0;0;0;0;-1;0.00000000;0.00000000;0.00000000;0.00000000;0.00000000;0.00000000;0.00000000;
72699911;11.8;30.6;0;0;0;-74.2;8.2;1.33;-0.02;7.94;13148;0.208;0.045;0.0001;0.5334;0.0023;170298;170532;158.934;0;101;-0.113;1.33;72699876;0.045;0.0001;0.5332;0.0023;0.691;39.16;0.68;5.89;2.704;352.303;352.787;1;-1;0;0;0;0;0;0;0;0;0;-1;0.00000000;0.00000000;0.00000000;0.00000000;0.00000000;0.00000000;0.00000000;
72699951;11.8;30.6;0;0;0;-74.9;8.44;1.36;-0.14;8.18;13115;0.195;0.0451;0.0001;0.5335;0.0023;170339;170573;118.377;0;101;-0.114;1.319;72699913;0.045;0.0001;0.5334;0.0023;0.691;39.158;0.24;6.19;2.721;352.425;352.909;1;-1;0;0;0;0;0;0;0;0;0;-1;0.00000000;0.00000000;0.00000000;0.00000000;0.00000000;0.00000000;0.00000000;
72699982;11.8;30.6;0;0;0;-75.1;8.08;1.32;0.16;7.8;13231;0.207;0.0451;0.0001;0.5336;0.0023;170380;170614;37.1931;0;101;-0.115;1.347;72699952;0.0451;0.0001;0.5335;0.0023;0.691;39.157;2.57;9.05;2.713;352.512;352.996;1;-1;0;0;0;0;0;0;0;0;0;-1;0.00000000;0.00000000;0.00000000;0.00000000;0.00000000;0.00000000;0.00000000;
72700017;11.8;30.6;0;0;0;-75.4;8.31;1.37;0;8.04;13317;0.205;0.0451;0.0001;0.5338;0.0023;170427;170661;338.321;0;101;-0.118;1.351;72699982;0.0451;0.0001;0.5337;0.0023;0.691;39.156;1.07;7.16;2.738;352.594;353.079;1;-1;0;0;0;0;0;0;0;0;0;-1;0.00000000;0.00000000;0.00000000;0.00000000;0.00000000;0.00000000;0.00000000;
72700047;11.8;30.6;0;0;0;-75.5;8.31;1.34;-0.08;8.05;13251;0.198;0.0451;0.0001;0.534;0.0023;170467;170701;183.529;0;101;-0.115;1.324;72700018;0.0451;0.0001;0.5338;0.0023;0.691;39.154;0.75;7.03;2.756;352.692;353.176;1;-1;0;0;0;0;0;0;0;0;0;-1;0.00000000;0.00000000;0.00000000;0.00000000;0.00000000;0.00000000;0.00000000;
72700077;11.8;30.6;0;0;0;-75.4;8.14;1.33;-0.02;7.83;13352;0.207;0.0451;0.0001;0.5341;0.0023;170507;170741;110.584;0;101;-0.117;1.356;72700047;0.0451;0.0001;0.534;0.0023;0.691;39.153;2.57;9.18;2.741;352.774;353.259;1;-1;0;0;0;0;0;0;0;0;0;-1;0.00000000;0.00000000;0.00000000;0.00000000;0.00000000;0.00000000;0.00000000;
72700108;11.8;30.7;0;0;0;-75.8;8.38;1.36;-0.03;8.13;13282;0.2;0.0451;0.0001;0.5342;0.0023;170548;170782;63.336;0;101;-0.116;1.325;72700079;0.0451;0.0001;0.5341;0.0023;0.691;39.151;2.68;8.63;2.763;352.857;353.344;1;-1;0;0;0;0;0;0;0;0;0;-1;0.00000000;0.00000000;0.00000000;0.00000000;0.00000000;0.00000000;0.00000000;
72700142;11.8;30.7;0;0;0;-75.8;8.3;1.36;0.07;7.99;13342;0.202;0.0451;0.0001;0.5344;0.0023;170590;170824;56.5381;0;101;-0.117;1.352;72700108;0.0451;0.0001;0.5342;0.0023;0.691;39.149;3.08;9.69;2.748;352.944;353.428;1;-1;0;0;0;0;0;0;0;0;0;-1;0.00000000;0.00000000;0.00000000;0.00000000;0.00000000;0.00000000;0.00000000;
72700175;11.8;30.7;0;0;0;-75.2;8.14;1.33;-0.06;7.87;13382;0.206;0.0451;0.0001;0.5345;0.0023;170633;170867;118.826;0;101;-0.117;1.349;72700142;0.0451;0.0001;0.5344;0.0023;0.691;39.147;2.62;8.5;2.76;353.031;353.515;1;-1;0;0;0;0;0;0;0;0;0;-1;0.00000000;0.00000000;0.00000000;0.00000000;0.00000000;0.00000000;0.00000000;
72700208;11.8;30.7;0;0;0;-75;8.36;1.37;0.17;8.11;13361;0.205;0.0451;0.0001;0.5347;0.0023;170677;170911;211.197;0;101;-0.119;1.344;72700175;0.0451;0.0001;0.5345;0.0023;0.691;39.144;2.87;8.91;2.769;353.12;353.604;1;-1;0;0;0;0;0;0;0;0;0;-1;0.00000000;0.00000000;0.00000000;0.00000000;0.00000000;0.00000000;0.00000000;
72700242;11.8;30.7;0;0;0;-75.1;8.4;1.37;-0.07;8.1;13371;0.198;0.0452;0.0001;0.5348;0.0023;170721;170955;354.399;0;101;-0.117;1.348;72700209;0.0451;0.0001;0.5347;0.0023;0.691;39.141;0.12;7;2.765;353.209;353.693;1;-1;0;0;0;0;0;0;0;0;0;-1;0.00000000;0.00000000;0.00000000;0.00000000;0.00000000;0.00000000;0.00000000;
72700276;11.8;30.7;0;0;0;-74.8;8.1;1.32;-0.03;7.84;13342;0.201;0.0452;0.0001;0.5349;0.0023;170767;171001;181.375;0;101;-0.114;1.335;72700242;0.0452;0.0001;0.5348;0.0023;0.691;39.138;2.69;9.14;2.766;353.302;353.786;1;-1;0;0;0;0;0;0;0;0;0;-1;0.00000000;0.00000000;0.00000000;0.00000000;0.00000000;0.00000000;0.00000000;
72700309;11.8;30.7;0;0;0;-74.6;8.17;1.35;-0.02;7.87;13459;0.206;0.0452;0.0001;0.5351;0.0023;170812;171046;0.49353;0;101;-0.119;1.367;72700277;0.0452;0.0001;0.5349;0.0023;0.691;39.136;1.15;9.78;2.76;353.395;353.88;1;-1;0;0;0;0;0;0;0;0;0;-1;0.00000000;0.00000000;0.00000000;0.00000000;0.00000000;0.00000000;0.00000000;
72700342;11.8;30.7;0;0;0;-74.6;8.52;1.43;0.11;8.26;13522;0.2;0.0452;0.0001;0.5353;0.0023;170857;171091;202.242;0;101;-0.121;1.375;72700310;0.0452;0.0001;0.5351;0.0023;0.691;39.132;2.75;9.84;2.785;353.488;353.973;1;-1;0;0;0;0;0;0;0;0;0;-1;0.00000000;0.00000000;0.00000000;0.00000000;0.00000000;0.00000000;0.00000000;
72700375;11.8;30.7;0;0;0;-74.8;8.17;1.32;-0.05;7.83;13478;0.205;0.0452;0.0001;0.5354;0.0023;170900;171134;298.408;0;101;-0.117;1.345;72700343;0.0452;0.0001;0.5353;0.0023;0.691;39.129;0.04;8.38;2.798;353.582;354.066;1;-1;0;0;0;0;0;0;0;0;0;-1;0.00000000;0.00000000;0.00000000;0.00000000;0.00000000;0.00000000;0.00000000;
72700408;11.8;30.7;0;0;0;-74.9;8.18;1.36;-0.11;7.91;13543;0.205;0.0452;0.0001;0.5356;0.0023;170946;171180;124.92;0;101;-0.118;1.367;72700376;0.0452;0.0001;0.5354;0.0023;0.691;39.126;2.87;8.68;2.789;353.673;354.157;1;-1;0;0;0;0;0;0;0;0;0;-1;0.00000000;0.00000000;0.00000000;0.00000000;0.00000000;0.00000000;0.00000000;
72700442;11.8;30.7;0;0;0;-75.1;8.5;1.41;0.09;8.24;13490;0.199;0.0452;0.0001;0.5357;0.0023;170992;171226;18.9883;0;101;-0.12;1.355;72700409;0.0452;0.0001;0.5356;0.0023;0.691;39.123;1.97;6.27;2.802;353.766;354.25;1;-1;0;0;0;0;0;0;0;0;0;-1;0.00000000;0.00000000;0.00000000;0.00000000;0.00000000;0.00000000;0.00000000;
72700461;11.8;30.7;0;0;0;-74.4;8.19;1.33;-0.11;7.88;13472;0.199;0.0452;0.0001;0.5358;0.0023;171035;171269;66.7265;0;101;-0.117;1.349;72700443;0.0452;0.0001;0.5357;0.0023;0.691;39.121;0.26;8.38;2.791;353.861;354.345;1;-1;0;0;0;0;0;0;0;0;0;-1;0.00000000;0.00000000;0.00000000;0.00000000;0.00000000;0.00000000;0.00000000;
72700494;11.8;30.7;0;0;0;-75;8.1;1.35;0.12;7.74;13617;0.212;0.0453;0.0001;0.536;0.0023;171080;171314;296.286;0;101;-0.12;1.386;72700461;0.0452;0.0001;0.5358;0.0023;0.691;39.119;2.08;9.86;2.787;353.95;354.434;1;-1;0;0;0;0;0;0;0;0;0;-1;0.00000000;0.00000000;0.00000000;0.00000000;0.00000000;0.00000000;0.00000000;
72700528;11.8;30.7;0;0;0;-74.9;8.54;1.4;-0.06;8.25;13505;0.203;0.0453;0.0001;0.5362;0.0023;171126;171360;169.946;0;101;-0.119;1.348;72700494;0.0453;0.0001;0.536;0.0023;0.69;39.117;3.12;9.39;2.818;354.045;354.529;1;-1;0;0;0;0;0;0;0;0;0;-1;0.00000000;0.00000000;0.00000000;0.00000000;0.00000000;0.00000000;0.00000000;
72700561;11.8;30.7;0;0;0;-75.3;8.17;1.35;0.1;7.88;13545;0.209;0.0453;0.0001;0.5363;0.0023;171170;171404;286.178;0;101;-0.119;1.365;72700528;0.0453;0.0001;0.5362;0.0023;0.69;39.114;2.59;7.09;2.794;354.14;354.625;1;-1;0;0;0;0;0;0;0;0;0;-1;0.00000000;0.00000000;0.00000000;0.00000000;0.00000000;0.00000000;0.00000000;
72700596;11.8;30.7;0;0;0;-75.3;8.14;1.38;-0.02;7.83;13739;0.215;0.0453;0.0001;0.5365;0.0023;171219;171453;349.523;0;101;-0.123;1.402;72700562;0.0453;0.0001;0.5363;0.0023;0.69;39.112;1.71;7.42;2.803;354.231;354.716;1;-1;0;0;0;0;0;0;0;0;0;-1;0.00000000;0.00000000;0.00000000;0.00000000;0.00000000;0.00000000;0.00000000;
72700612;11.8;30.7;0;0;0;-75.3;8.59;1.45;-0.04;8.32;13749;0.207;0.0453;0.0001;0.5365;0.0023;171243;171477;357.081;0;101;-0.125;1.386;72700596;0.0453;0.0001;0.5365;0.0023;0.69;39.11;2.97;9.35;2.843;354.333;354.817;1;-1;0;0;0;0;0;0;0;0;0;-1;0.00000000;0.00000000;0.00000000;0.00000000;0.00000000;0.00000000;0.00000000;
72700645;11.8;30.7;0;0;0;-75.3;8.26;1.38;-0.09;8.02;13705;0.202;0.0453;0.0001;0.5367;0.0023;171287;171521;65.4038;0;101;-0.121;1.368;72700613;0.0453;0.0001;0.5365;0.0023;0.69;39.109;2.81;8.84;2.844;354.382;354.867;1;-1;0;0;0;0;0;0;0;0;0;-1;0.00000000;0.00000000;0.00000000;0.00000000;0.00000000;0.00000000;0.00000000;
72700679;11.8;30.7;0;0;0;-75.4;8.2;1.36;0.07;7.89;13679;0.208;0.0453;0.0001;0.5368;0.0023;171332;171566;299.297;0;101;-0.121;1.368;72700646;0.0453;0.0001;0.5367;0.0023;0.69;39.107;1.77;7.74;2.835;354.471;354.956;1;-1;0;0;0;0;0;0;0;0;0;-1;0.00000000;0.00000000;0.00000000;0.00000000;0.00000000;0.00000000;0.00000000;
72700710;11.8;30.8;0;0;0;-75.5;8.5;1.4;0.02;8.24;13571;0.203;0.0453;0.0001;0.537;0.0023;171376;171610;42.6977;0;101;-0.121;1.352;72700680;0.0453;0.0001;0.5368;0.0023;0.69;39.105;2.95;9.48;2.83;354.567;355.051;1;-1;0;0;0;0;0;0;0;0;0;-1;0.00000000;0.00000000;0.00000000;0.00000000;0.00000000;0.00000000;0.00000000;
72700744;11.8;30.8;0;0;0;-75.8;8.03;1.34;0;7.72;13655;0.211;0.0454;0.0001;0.5371;0.0023;171422;171656;295.321;0;101;-0.12;1.379;72700711;0.0453;0.0001;0.537;0.0023;0.69;39.103;0.84;6.63;2.808;354.656;355.14;1;-1;0;0;0;0;0;0;0;0;0;-1;0.00000000;0.00000000;0.00000000;0.00000000;0.00000000;0.00000000;0.00000000;
72700777;11.8;30.8;0;0;0;-75.5;8.23;1.41;0;7.97;13814;0.21;0.0454;0.0001;0.5373;0.0023;171469;171703;189.1;0;101;-0.125;1.41;72700744;0.0454;0.0001;0.5371;0.0023;0.69;39.102;0.45;6.91;2.826;354.753;355.237;1;-1;0;0;0;0;0;0;0;0;0;-1;0.00000000;0.00000000;0.00000000;0.00000000;0.00000000;0.00000000;0.00000000;
72700812;11.8;30.8;0;0;0;-75.4;8.52;1.38;-0.03;8.2;13583;0.206;0.0454;0.0001;0.5374;0.0023;171514;171748;48.8961;0;101;-0.12;1.334;72700777;0.0454;0.0001;0.5373;0.0023;0.69;39.101;0.88;10.06;2.858;354.848;355.332;1;-1;0;0;0;0;0;0;0;0;0;-1;0.00000000;0.00000000;0.00000000;0.00000000;0.00000000;0.00000000;0.00000000;
72700841;11.8;30.8;0;0;0;-75.9;8.02;1.34;0.11;7.69;13679;0.215;0.0454;0.0001;0.5376;0.0023;171548;171782;287.246;0;101;-0.12;1.391;72700813;0.0454;0.0001;0.5374;0.0023;0.69;39.1;0.87;6.77;2.811;354.941;355.425;1;-1;0;0;0;0;0;0;0;0;0;-1;0.00000000;0.00000000;0.00000000;0.00000000;0.00000000;0.00000000;0.00000000;
72700879;11.8;30.8;0;0;0;-75.5;8.3;1.44;0.03;8.04;13913;0.212;0.0454;0.0001;0.5377;0.0023;171608;171842;261.655;0;101;-0.126;1.42;72700841;0.0454;0.0001;0.5376;0.0023;0.69;39.099;2.01;7.68;2.831;355.014;355.498;1;-1;0;0;0;0;0;0;0;0;0;-1;0.00000000;0.00000000;0.00000000;0.00000000;0.00000000;0.00000000;0.00000000;
72700896;11.8;30.8;0;0;0;-75.9;8.91;1.45;-0.06;8.6;13757;0.201;0.0454;0.0001;0.5378;0.0023;171631;171865;209.349;0;101;-0.122;1.339;72700879;0.0454;0.0001;0.5377;0.0023;0.69;39.097;0.29;9.36;2.879;355.136;355.62;1;-1;0;0;0;0;0;0;0;0;0;-1;0.00000000;0.00000000;0.00000000;0.00000000;0.00000000;0.00000000;0.00000000;
72700926;11.8;30.8;0;0;0;-75.8;7.97;1.31;-0.07;7.65;13687;0.212;0.0454;0.0001;0.538;0.0023;171672;171906;164.746;0;101;-0.119;1.358;72700896;0.0454;0.0001;0.5378;0.0023;0.69;39.097;0.4;6.01;2.847;355.183;355.668;1;-1;0;0;0;0;0;0;0;0;0;-1;0.00000000;0.00000000;0.00000000;0.00000000;0.00000000;0.00000000;0.00000000;
72700962;11.8;30.8;0;0;0;-75.4;8.18;1.38;0.03;7.86;13817;0.216;0.0454;0.0001;0.5381;0.0023;171721;171955;234.324;0;101;-0.124;1.402;72700927;0.0454;0.0001;0.538;0.0023;0.69;39.096;1.91;6.67;2.832;355.268;355.752;1;-1;0;0;0;0;0;0;0;0;0;-1;0.00000000;0.00000000;0.00000000;0.00000000;0.00000000;0.00000000;0.00000000;
72701009;11.8;30.8;0;0;0;-75.3;8.7;1.47;-0.06;8.42;13777;0.199;0.0455;0.0001;0.5383;0.0023;171768;172002;174.616;0;101;-0.125;1.387;72700962;0.0454;0.0001;0.5381;0.0023;0.69;39.094;3.3;8.14;2.859;355.372;355.856;1;-1;0;0;0;0;0;0;0;0;0;-1;0.00000000;0.00000000;0.00000000;0.00000000;0.00000000;0.00000000;0.00000000;
72701043;11.8;30.8;0;0;0;-75.5;8;1.32;0.12;7.71;13699;0.213;0.0455;0.0001;0.5384;0.0023;171812;172046;281.454;0;101;-0.119;1.359;72701010;0.0455;0.0001;0.5383;0.0023;0.69;39.093;2.52;7.42;2.85;355.469;355.953;1;-1;0;0;0;0;0;0;0;0;0;-1;0.00000000;0.00000000;0.00000000;0.00000000;0.00000000;0.00000000;0.00000000;
72701061;11.8;30.8;0;0;0;-75.4;8.11;1.39;0.02;7.77;13931;0.222;0.0455;0.0001;0.5386;0.0023;171860;172094;276.435;0;101;-0.126;1.428;72701044;0.0455;0.0001;0.5384;0.0023;0.69;39.092;0.43;6.66;2.835;355.558;356.042;1;-1;0;0;0;0;0;0;0;0;0;-1;0.00000000;0.00000000;0.00000000;0.00000000;0.00000000;0.00000000;0.00000000;
72701092;11.8;30.8;0;0;0;-75.2;8.92;1.55;-0.05;8.66;13970;0.205;0.0455;0.0001;0.5387;0.0023;171890;172124;284.913;0;101;-0.129;1.419;72701062;0.0455;0.0001;0.5386;0.0023;0.69;39.092;0.61;6.63;2.883;355.657;356.141;1;-1;0;0;0;0;0;0;0;0;0;-1;0.00000000;0.00000000;0.00000000;0.00000000;0.00000000;0.00000000;0.00000000;
72701130;11.8;30.8;0;0;0;-75.4;8.19;1.35;-0.08;7.9;13776;0.209;0.0455;0.0001;0.5389;0.0023;171952;172186;51.959;0;101;-0.122;1.362;72701093;0.0455;0.0001;0.5387;0.0023;0.69;39.091;1.03;7.45;2.89;355.719;356.204;1;-1;0;0;0;0;0;0;0;0;0;-1;0.00000000;0.00000000;0.00000000;0.00000000;0.00000000;0.00000000;0.00000000;
72701146;11.8;30.8;0;0;0;-75.4;8.04;1.37;0.05;7.8;13809;0.211;0.0455;0.0001;0.539;0.0023;171976;172210;19.9639;0;101;-0.121;1.395;72701130;0.0455;0.0001;0.5389;0.0023;0.69;39.091;2.54;8.56;2.85;355.85;356.334;1;-1;0;0;0;0;0;0;0;0;0;-1;0.00000000;0.00000000;0.00000000;0.00000000;0.00000000;0.00000000;0.00000000;
72701179;11.8;30.8;0;0;0;-75.3;8.45;1.45;0.06;8.12;13958;0.208;0.0455;0.0001;0.5391;0.0023;172023;172257;345.205;0;101;-0.127;1.425;72701146;0.0455;0.0001;0.539;0.0023;0.69;39.091;0.15;8.2;2.858;355.897;356.382;1;-1;0;0;0;0;0;0;0;0;0;-1;0.00000000;0.00000000;0.00000000;0.00000000;0.00000000;0.00000000;0.00000000;
72701211;11.8;30.8;0;0;0;-75.4;8.25;1.36;-0.13;7.94;13798;0.207;0.0455;0.0001;0.5393;0.0023;172066;172300;55.397;0;101;-0.121;1.358;72701179;0.0455;0.0001;0.5391;0.0023;0.69;39.091;2.79;9.43;2.887;355.997;356.481;1;-1;0;0;0;0;0;0;0;0;0;-1;0.00000000;0.00000000;0.00000000;0.00000000;0.00000000;0.00000000;0.00000000;
72701244;11.8;30.8;0;0;0;-75.3;8.08;1.37;0.13;7.79;13879;0.219;0.0456;0.0001;0.5394;0.0023;172113;172347;337.294;0;101;-0.124;1.4;72701212;0.0455;0.0001;0.5393;0.0023;0.69;39.091;3.07;9.27;2.855;356.086;356.57;1;-1;0;0;0;0;0;0;0;0;0;-1;0.00000000;0.00000000;0.00000000;0.00000000;0.00000000;0.00000000;0.00000000;
72701277;11.8;30.8;0;0;0;-75.2;8.46;1.48;0.01;8.18;14069;0.208;0.0456;0.0001;0.5396;0.0023;172160;172394;263.884;0;101;-0.13;1.443;72701244;0.0456;0.0001;0.5394;0.0023;0.69;39.09;0;6.71;2.873;356.181;356.665;1;-1;0;0;0;0;0;0;0;0;0;-1;0.00000000;0.00000000;0.00000000;0.00000000;0.00000000;0.00000000;0.00000000;
72701309;11.8;30.8;0;0;0;-74.8;8.38;1.4;-0.16;8.04;13973;0.205;0.0456;0.0001;0.5397;0.0023;172204;172438;58.2668;0;101;-0.125;1.388;72701278;0.0456;0.0001;0.5396;0.0023;0.69;39.09;0.17;8.74;2.911;356.278;356.762;1;-1;0;0;0;0;0;0;0;0;0;-1;0.00000000;0.00000000;0.00000000;0.00000000;0.00000000;0.00000000;0.00000000;
72701365;11.8;30.8;0;0;0;-74.6;8.14;1.37;0.09;7.85;13949;0.21;0.0456;0.0001;0.5399;0.0023;172256;172490;252.598;0;101;-0.124;1.394;72701310;0.0456;0.0001;0.5397;0.0023;0.69;39.089;3.2;9.84;2.891;356.371;356.855;1;-1;0;0;0;0;0;0;0;0;0;-1;0.00000000;0.00000000;0.00000000;0.00000000;0.00000000;0.00000000;0.00000000;
72701379;11.8;30.9;0;0;0;-74.3;8.38;1.44;-0.09;8.09;13990;0.207;0.0456;0.0001;0.54;0.0023;172302;172536;133.155;0;101;-0.126;1.41;72701366;0.0456;0.0001;0.5399;0.0023;0.69;39.089;1.91;9.8;2.886;356.477;356.961;1;-1;0;0;0;0;0;0;0;0;0;-1;0.00000000;0.00000000;0.00000000;0.00000000;0.00000000;0.00000000;0.00000000;
72701396;11.8;30.9;0;0;0;-74.5;8.3;1.41;0.01;8;13995;0.207;0.0456;0.0001;0.5401;0.0023;172326;172560;133.968;0;101;-0.126;1.406;72701380;0.0456;0.0001;0.54;0.0023;0.69;39.087;0.38;9.01;2.894;356.572;357.056;1;-1;0;0;0;0;0;0;0;0;0;-1;0.00000000;0.00000000;0.00000000;0.00000000;0.00000000;0.00000000;0.00000000;
72701427;11.8;30.9;0;0;0;-74.8;8.27;1.39;0.14;7.97;13944;0.211;0.0456;0.0001;0.5403;0.0023;172370;172604;267.169;0;101;-0.125;1.391;72701396;0.0456;0.0001;0.5401;0.0023;0.69;39.087;0.23;8.8;2.896;356.622;357.106;1;-1;0;0;0;0;0;0;0;0;0;-1;0.00000000;0.00000000;0.00000000;0.00000000;0.00000000;0.00000000;0.00000000;
72701462;11.8;30.9;0;0;0;-75.1;8.37;1.42;-0.04;8.06;13961;0.205;0.0456;0.0001;0.5404;0.0023;172418;172652;247.144;0;101;-0.126;1.405;72701428;0.0456;0.0001;0.5403;0.0023;0.69;39.086;0.1;7.75;2.886;356.713;357.197;1;-1;0;0;0;0;0;0;0;0;0;-1;0.00000000;0.00000000;0.00000000;0.00000000;0.00000000;0.00000000;0.00000000;
72701496;11.8;30.9;0;0;0;-75.2;8.25;1.4;0.03;7.95;13959;0.21;0.0457;0.0001;0.5406;0.0023;172465;172699;203.915;0;101;-0.124;1.399;72701463;0.0456;0.0001;0.5404;0.0023;0.69;39.084;1.72;9.94;2.889;356.812;357.296;1;-1;0;0;0;0;0;0;0;0;0;-1;0.00000000;0.00000000;0.00000000;0.00000000;0.00000000;0.00000000;0.00000000;
72701527;11.8;30.9;0;0;0;-75.4;8.17;1.4;-0.12;7.83;14046;0.213;0.0457;0.0001;0.5407;0.0023;172511;172745;61.2712;0;101;-0.128;1.418;72701496;0.0457;0.0001;0.5406;0.0023;0.69;39.083;0.14;9.56;2.889;356.909;357.393;1;-1;0;0;0;0;0;0;0;0;0;-1;0.00000000;0.00000000;0.00000000;0.00000000;0.00000000;0.00000000;0.00000000;
72701562;11.8;30.9;0;0;0;-75.4;8.49;1.43;0.04;8.2;13927;0.208;0.0457;0.0001;0.5409;0.0023;172557;172791;356.562;0;101;-0.126;1.384;72701529;0.0457;0.0001;0.5407;0.0023;0.69;39.081;3.12;9.89;2.906;357.004;357.489;1;-1;0;0;0;0;0;0;0;0;0;-1;0.00000000;0.00000000;0.00000000;0.00000000;0.00000000;0.00000000;0.00000000;
72701594;11.8;30.9;0;0;0;-75.5;8.22;1.39;0.04;7.97;13891;0.211;0.0457;0.0001;0.541;0.0023;172600;172834;34.5517;0;101;-0.122;1.388;72701563;0.0457;0.0001;0.5409;0.0023;0.69;39.079;2.78;8.6;2.881;357.102;357.586;1;-1;0;0;0;0;0;0;0;0;0;-1;0.00000000;0.00000000;0.00000000;0.00000000;0.00000000;0.00000000;0.00000000;
72701628;11.8;30.9;0;0;0;-75.5;8.13;1.4;0.01;7.79;14047;0.221;0.0457;0.0001;0.5412;0.0023;172650;172884;150.849;0;101;-0.126;1.426;72701595;0.0457;0.0001;0.541;0.0023;0.69;39.077;0.01;7.22;2.875;357.189;357.673;1;-1;0;0;0;0;0;0;0;0;0;-1;0.00000000;0.00000000;0.00000000;0.00000000;0.00000000;0.00000000;0.00000000;
72701660;11.8;30.9;0;0;0;-75.8;8.45;1.47;-0.07;8.17;14126;0.21;0.0457;0.0001;0.5414;0.0023;172697;172931;79.629;0;101;-0.13;1.431;72701628;0.0457;0.0001;0.5412;0.0023;0.69;39.075;-0.05;6.32;2.907;357.292;357.776;1;-1;0;0;0;0;0;0;0;0;0;-1;0.00000000;0.00000000;0.00000000;0.00000000;0.00000000;0.00000000;0.00000000;
72701693;11.8;30.9;0;0;0;-75.5;8.31;1.41;0.04;8.01;14052;0.208;0.0457;0.0001;0.5415;0.0023;172741;172975;190.357;0;101;-0.127;1.401;72701661;0.0457;0.0001;0.5414;0.0023;0.69;39.074;0.11;8.39;2.923;357.389;357.874;1;-1;0;0;0;0;0;0;0;0;0;-1;0.00000000;0.00000000;0.00000000;0.00000000;0.00000000;0.00000000;0.00000000;
72701711;11.8;30.9;0;0;0;-75.2;8.17;1.4;0.05;7.86;14068;0.214;0.0457;0.0001;0.5416;0.0023;172767;173001;329.416;0;101;-0.127;1.412;72701693;0.0457;0.0001;0.5415;0.0023;0.69;39.072;0.54;9.96;2.908;357.48;357.965;1;-1;0;0;0;0;0;0;0;0;0;-1;0.00000000;0.00000000;0.00000000;0.00000000;0.00000000;0.00000000;0.00000000;
72701744;11.8;30.9;0;0;0;-75.2;8.29;1.42;0.01;7.97;14107;0.212;0.0457;0.0001;0.5418;0.0023;172814;173048;260.406;0;101;-0.127;1.421;72701711;0.0457;0.0001;0.5416;0.0023;0.69;39.071;-0.01;8.13;2.911;357.534;358.018;1;-1;0;0;0;0;0;0;0;0;0;-1;0.00000000;0.00000000;0.00000000;0.00000000;0.00000000;0.00000000;0.00000000;
72701779;11.8;30.9;0;0;0;-75.2;8.48;1.45;-0.1;8.17;14069;0.203;0.0458;0.0001;0.5419;0.0023;172864;173098;6.50305;0;101;-0.128;1.409;72701745;0.0457;0.0001;0.5418;0.0023;0.69;39.07;0.29;9.04;2.919;357.632;358.116;1;-1;0;0;0;0;0;0;0;0;0;-1;0.00000000;0.00000000;0.00000000;0.00000000;0.00000000;0.00000000;0.00000000;
72701811;11.8;30.9;0;0;0;-74.9;8.13;1.37;-0.05;7.78;14039;0.212;0.0458;0.0001;0.542;0.0023;172908;173142;120.017;0;101;-0.124;1.399;72701779;0.0458;0.0001;0.5419;0.0023;0.69;39.068;0.28;8.43;2.911;357.735;358.219;1;-1;0;0;0;0;0;0;0;0;0;-1;0.00000000;0.00000000;0.00000000;0.00000000;0.00000000;0.00000000;0.00000000;
72701862;11.8;30.9;0;0;0;-75;8.31;1.45;0.12;8.03;14143;0.215;0.0458;0.0001;0.5422;0.0023;172961;173195;87.2283;0;101;-0.13;1.432;72701811;0.0458;0.0001;0.542;0.0023;0.69;39.066;1.99;9.36;2.905;357.826;358.31;1;-1;0;0;0;0;0;0;0;0;0;-1;0.00000000;0.00000000;0.00000000;0.00000000;0.00000000;0.00000000;0.00000000;
72701879;11.8;31;0;0;0;-75.1;8.42;1.42;-0.07;8.09;14047;0.211;0.0458;0.0001;0.5424;0.0023;173003;173237;108.087;0;101;-0.128;1.395;72701862;0.0458;0.0001;0.5422;0.0023;0.69;39.065;-0.02;7.45;2.927;357.936;358.42;1;-1;0;0;0;0;0;0;0;0;0;-1;0.00000000;0.00000000;0.00000000;0.00000000;0.00000000;0.00000000;0.00000000;
72701897;11.8;31;0;0;0;-75.6;8.09;1.39;0.09;7.87;14044;0.212;0.0458;0.0001;0.5425;0.0023;173031;173265;317.492;0;101;-0.127;1.407;72701880;0.0458;0.0001;0.5424;0.0023;0.69;39.063;2.17;7.79;2.906;358.025;358.509;1;-1;0;0;0;0;0;0;0;0;0;-1;0.00000000;0.00000000;0.00000000;0.00000000;0.00000000;0.00000000;0.00000000;
72701927;11.8;31;0;0;0;-75.6;8.25;1.43;0.05;7.91;14151;0.216;0.0458;0.0001;0.5426;0.0023;173073;173307;328.308;0;101;-0.129;1.436;72701898;0.0458;0.0001;0.5425;0.0023;0.69;39.063;0.29;8.81;2.906;358.081;358.565;1;-1;0;0;0;0;0;0;0;0;0;-1;0.00000000;0.00000000;0.00000000;0.00000000;0.00000000;0.00000000;0.00000000;
72701962;11.8;31;0;0;0;-75.6;8.48;1.46;-0.05;8.17;14141;0.21;0.0458;0.0001;0.5428;0.0023;173123;173357;105.917;0;101;-0.131;1.421;72701928;0.0458;0.0001;0.5426;0.0023;0.69;39.062;-0.14;7.87;2.928;358.167;358.652;1;-1;0;0;0;0;0;0;0;0;0;-1;0.00000000;0.00000000;0.00000000;0.00000000;0.00000000;0.00000000;0.00000000;
72701994;11.8;31;0;0;0;-75.1;8.12;1.38;0.1;7.84;14090;0.216;0.0458;0.0001;0.5429;0.0023;173168;173402;267.943;0;101;-0.127;1.402;72701963;0.0458;0.0001;0.5428;0.0023;0.69;39.061;1.89;7.77;2.926;358.273;358.757;1;-1;0;0;0;0;0;0;0;0;0;-1;0.00000000;0.00000000;0.00000000;0.00000000;0.00000000;0.00000000;0.00000000;
72702028;11.8;31;0;0;0;-75.4;8.25;1.44;-0.01;7.96;14205;0.215;0.0459;0.0001;0.5431;0.0023;173216;173450;256.55;0;101;-0.13;1.441;72701995;0.0458;0.0001;0.5429;0.0023;0.689;39.06;0.05;7.51;2.916;358.364;358.848;1;-1;0;0;0;0;0;0;0;0;0;-1;0.00000000;0.00000000;0.00000000;0.00000000;0.00000000;0.00000000;0.00000000;
72702062;11.8;31;0;0;0;-75.1;8.45;1.43;-0.14;8.1;14120;0.212;0.0459;0.0001;0.5432;0.0023;173261;173495;108.795;0;101;-0.127;1.405;72702028;0.0459;0.0001;0.5431;0.0023;0.689;39.059;0.48;9.73;2.94;358.463;358.948;1;-1;0;0;0;0;0;0;0;0;0;-1;0.00000000;0.00000000;0.00000000;0.00000000;0.00000000;0.00000000;0.00000000;
72702092;11.8;31;0;0;0;-75.1;8.12;1.39;0.22;7.78;14135;0.22;0.0459;0.0001;0.5433;0.0023;173293;173527;220.856;0;101;-0.128;1.421;72702062;0.0459;0.0001;0.5432;0.0023;0.689;39.059;2.31;7.85;2.921;358.559;359.043;1;-1;0;0;0;0;0;0;0;0;0;-1;0.00000000;0.00000000;0.00000000;0.00000000;0.00000000;0.00000000;0.00000000;
72702128;11.8;31;0;0;0;-75.4;8.35;1.46;-0.13;8.06;14233;0.21;0.0459;0.0001;0.5436;0.0023;173358;173592;122.994;0;101;-0.129;1.436;72702093;0.0459;0.0001;0.5434;0.0023;0.689;39.058;1.27;6.17;2.925;358.623;359.107;1;-1;0;0;0;0;0;0;0;0;0;-1;0.00000000;0.00000000;0.00000000;0.00000000;0.00000000;0.00000000;0.00000000;
72702146;11.8;31;0;0;0;-75.3;8.46;1.44;0.34;8.13;14164;0.214;0.0459;0.0001;0.5436;0.0023;173383;173617;216.217;0;101;-0.129;1.403;72702129;0.0459;0.0001;0.5436;0.0023;0.689;39.057;2.21;9.75;2.945;358.757;359.242;1;-1;0;0;0;0;0;0;0;0;0;-1;0.00000000;0.00000000;0.00000000;0.00000000;0.00000000;0.00000000;0.00000000;
72702178;11.8;31;0;0;0;-74.6;8.17;1.41;-0.12;7.87;14181;0.213;0.0459;0.0001;0.5438;0.0023;173428;173662;20.3271;0;101;-0.127;1.421;72702146;0.0459;0.0001;0.5436;0.0023;0.689;39.057;0;7.09;2.931;358.809;359.293;1;-1;0;0;0;0;0;0;0;0;0;-1;0.00000000;0.00000000;0.00000000;0.00000000;0.00000000;0.00000000;0.00000000;
72702210;11.8;31;0;0;0;-74.6;8.39;1.44;0;8.09;14163;0.211;0.0459;0.0001;0.5439;0.0023;173472;173706;135.072;0;101;-0.128;1.419;72702178;0.0459;0.0001;0.5438;0.0023;0.689;39.057;0.68;9.09;2.935;358.902;359.386;1;-1;0;0;0;0;0;0;0;0;0;-1;0.00000000;0.00000000;0.00000000;0.00000000;0.00000000;0.00000000;0.00000000;
72702244;11.8;31;0;0;0;-74.9;8.26;1.41;0.06;7.88;14164;0.216;0.0459;0.0001;0.5441;0.0023;173521;173755;233.84;0;101;-0.129;1.421;72702210;0.0459;0.0001;0.5439;0.0023;0.689;39.057;0.16;8.79;2.93;358.993;359.477;1;-1;0;0;0;0;0;0;0;0;0;-1;0.00000000;0.00000000;0.00000000;0.00000000;0.00000000;0.00000000;0.00000000;
72702279;11.8;31;0;0;0;-74.8;8.35;1.47;-0.05;8.07;14272;0.21;0.046;0.0001;0.5443;0.0023;173572;173806;13.9627;0;101;-0.13;1.444;72702246;0.0459;0.0001;0.5441;0.0023;0.689;39.057;3.37;8.14;2.931;359.097;359.581;1;-1;0;0;0;0;0;0;0;0;0;-1;0.00000000;0.00000000;0.00000000;0.00000000;0.00000000;0.00000000;0.00000000;
72702311;11.8;31;0;0;0;-74.5;8.31;1.41;0.02;8;14165;0.211;0.046;0.0001;0.5444;0.0023;173617;173851;189.124;0;101;-0.127;1.404;72702279;0.046;0.0001;0.5443;0.0023;0.689;39.056;1.68;10.44;2.953;359.2;359.684;1;-1;0;0;0;0;0;0;0;0;0;-1;0.00000000;0.00000000;0.00000000;0.00000000;0.00000000;0.00000000;0.00000000;
72702346;11.8;31;0;0;0;-74.5;8.27;1.41;0.06;7.9;14158;0.218;0.046;0.0001;0.5446;0.0023;173666;173900;288.59;0;101;-0.128;1.417;72702312;0.046;0.0001;0.5444;0.0023;0.689;39.056;0.83;10.01;2.931;359.293;359.778;1;-1;0;0;0;0;0;0;0;0;0;-1;0.00000000;0.00000000;0.00000000;0.00000000;0.00000000;0.00000000;0.00000000;
72702375;11.8;31;0;0;0;-74.4;8.23;1.45;0;7.95;14243;0.216;0.046;0.0001;0.5447;0.0023;173696;173930;253.114;0;101;-0.13;1.449;72702346;0.046;0.0001;0.5446;0.0023;0.689;39.056;2.32;7.99;2.93;359.397;359.881;1;-1;0;0;0;0;0;0;0;0;0;-1;0.00000000;0.00000000;0.00000000;0.00000000;0.00000000;0.00000000;0.00000000;
72702413;11.8;31;0;0;0;-74.8;8.46;1.46;-0.07;8.13;14214;0.207;0.046;0.0001;0.5449;0.0023;173764;173998;11.7753;0;101;-0.128;1.425;72702375;0.046;0.0001;0.5447;0.0023;0.689;39.056;0.92;9.64;2.948;359.457;359.941;1;-1;0;0;0;0;0;0;0;0;0;-1;0.00000000;0.00000000;0.00000000;0.00000000;0.00000000;0.00000000;0.00000000;
72702455;11.8;31;0;0;0;-74.7;8.17;1.4;0.05;7.82;14231;0.219;0.046;0.0001;0.5451;0.0023;173807;174041;98.8499;0;101;-0.127;1.427;72702414;0.046;0.0001;0.5449;0.0023;0.689;39.057;1.74;9.82;2.941;359.597;360.082;1;-1;0;0;0;0;0;0;0;0;0;-1;0.00000000;0.00000000;0.00000000;0.00000000;0.00000000;0.00000000;0.00000000;
72702484;11.8;31;0;0;0;-74.9;8.34;1.45;0;8.04;14261;0.218;0.046;0.0001;0.5452;0.0023;173849;174083;91.7297;0;101;-0.131;1.435;72702455;0.046;0.0001;0.5451;0.0023;0.689;39.057;0.87;6.95;2.944;359.689;360.173;1;-1;0;0;0;0;0;0;0;0;0;-1;0.00000000;0.00000000;0.00000000;0.00000000;0.00000000;0.00000000;0.00000000;
72702518;11.8;31;0;0;0;-74.7;8.43;1.47;-0.04;8.16;14275;0.206;0.0461;0.0001;0.5453;0.0023;173897;174131;73.1983;0;101;-0.132;1.436;72702485;0.046;0.0001;0.5452;0.0023;0.689;39.058;0.72;6.74;2.951;359.773;360.258;1;-1;0;0;0;0;0;0;0;0;0;-1;0.00000000;0.00000000;0.00000000;0.00000000;0.00000000;0.00000000;0.00000000;
72702548;11.8;31;0;0;0;-74.5;8.15;1.39;-0.04;7.82;14212;0.212;0.0461;0.0001;0.5455;0.0023;173940;174174;128.167;0;101;-0.128;1.413;72702518;0.0461;0.0001;0.5453;0.0023;0.689;39.058;0.24;8.91;2.954;359.873;360.357;1;-1;0;0;0;0;0;0;0;0;0;-1;0.00000000;0.00000000;0.00000000;0.00000000;0.00000000;0.00000000;0.00000000;
72702577;11.8;31;0;0;0;-74.4;8.2;1.44;0.18;7.88;14323;0.218;0.0461;0.0001;0.5456;0.0023;173984;174218;257.069;0;101;-0.133;1.452;72702549;0.0461;0.0001;0.5455;0.0023;0.689;39.059;1.12;9.1;2.941;359.962;360.446;1;-1;0;0;0;0;0;0;0;0;0;-1;0.00000000;0.00000000;0.00000000;0.00000000;0.00000000;0.00000000;0.00000000;
72702609;11.8;31;0;0;0;-74.4;8.58;1.49;-0.1;8.23;14296;0.211;0.0461;0.0001;0.5458;0.0023;174028;174262;56.1788;0;101;-0.133;1.433;72702578;0.0461;0.0001;0.5456;0.0023;0.689;39.059;0.37;9.13;2.964;360.053;360.537;1;-1;0;0;0;0;0;0;0;0;0;-1;0.00000000;0.00000000;0.00000000;0.00000000;0.00000000;0.00000000;0.00000000;
72702641;11.8;31.1;0;0;0;-74.5;8.15;1.39;0.07;7.83;14237;0.218;0.0461;0.0001;0.5459;0.0023;174074;174308;294.969;0;101;-0.128;1.415;72702610;0.0461;0.0001;0.5458;0.0023;0.689;39.059;3.14;9.3;2.958;360.146;360.63;1;-1;0;0;0;0;0;0;0;0;0;-1;0.00000000;0.00000000;0.00000000;0.00000000;0.00000000;0.00000000;0.00000000;
72702675;11.8;31.1;0;0;0;-74.5;8.3;1.46;-0.08;8.04;14316;0.214;0.0461;0.0001;0.5461;0.0023;174119;174353;76.9274;0;101;-0.13;1.447;72702642;0.0461;0.0001;0.5459;0.0023;0.689;39.06;3.16;9.28;2.946;360.241;360.725;1;-1;0;0;0;0;0;0;0;0;0;-1;0.00000000;0.00000000;0.00000000;0.00000000;0.00000000;0.00000000;0.00000000;
72702709;11.8;31.1;0;0;0;-74.8;8.39;1.44;0;8.06;14261;0.215;0.0461;0.0001;0.5462;0.0023;174167;174401;91.4999;0;101;-0.131;1.423;72702676;0.0461;0.0001;0.5461;0.0023;0.689;39.06;0.45;9.13;2.962;360.332;360.816;1;-1;0;0;0;0;0;0;0;0;0;-1;0.00000000;0.00000000;0.00000000;0.00000000;0.00000000;0.00000000;0.00000000;
72702742;11.8;31.1;0;0;0;-75;8.2;1.42;0.06;7.84;14319;0.222;0.0461;0.0001;0.5464;0.0023;174214;174448;34.9683;0;101;-0.13;1.441;72702709;0.0461;0.0001;0.5462;0.0023;0.689;39.06;0.06;6.8;2.951;360.431;360.916;1;-1;0;0;0;0;0;0;0;0;0;-1;0.00000000;0.00000000;0.00000000;0.00000000;0.00000000;0.00000000;0.00000000;
72702766;11.8;31.1;0;0;0;-74.8;8.34;1.46;0.02;8.04;14330;0.22;0.0462;0.0001;0.5465;0.0023;174261;174495;338.866;0;101;-0.132;1.439;72702743;0.0461;0.0001;0.5464;0.0023;0.69;39.061;0.16;6.72;2.963;360.529;361.013;1;-1;0;0;0;0;0;0;0;0;0;-1;0.00000000;0.00000000;0.00000000;0.00000000;0.00000000;0.00000000;0.00000000;
72702797;11.8;31.1;0;0;0;-75.1;8.33;1.46;-0.1;8.04;14331;0.213;0.0462;0.0001;0.5467;0.0023;174298;174532;11.1018;0;101;-0.131;1.437;72702766;0.0462;0.0001;0.5465;0.0023;0.69;39.061;0.14;6.61;2.966;360.626;361.11;1;-1;0;0;0;0;0;0;0;0;0;-1;0.00000000;0.00000000;0.00000000;0.00000000;0.00000000;0.00000000;0.00000000;
72702842;11.8;31.1;0;0;0;-75.5;8.48;1.46;0.05;8.14;14263;0.211;0.0462;0.0001;0.5469;0.0023;174356;174590;285.221;0;101;-0.131;1.428;72702798;0.0462;0.0001;0.5467;0.0023;0.69;39.061;0.88;8.94;2.965;360.703;361.187;1;-1;0;0;0;0;0;0;0;0;0;-1;0.00000000;0.00000000;0.00000000;0.00000000;0.00000000;0.00000000;0.00000000;
72702875;11.8;31.1;0;0;0;-75.5;8.16;1.4;0.02;7.89;14188;0.216;0.0462;0.0001;0.547;0.0023;174403;174637;204.94;0;101;-0.127;1.41;72702843;0.0462;0.0001;0.5469;0.0023;0.689;39.059;1.77;7.14;2.951;360.823;361.307;1;-1;0;0;0;0;0;0;0;0;0;-1;0.00000000;0.00000000;0.00000000;0.00000000;0.00000000;0.00000000;0.00000000;
72702912;11.8;31.1;0;0;0;-75.8;8.16;1.41;-0.03;7.75;14292;0.222;0.0462;0.0001;0.5472;0.0023;174451;174685;234.499;0;101;-0.13;1.444;72702876;0.0462;0.0001;0.547;0.0023;0.689;39.059;-0.2;8.24;2.936;360.92;361.404;1;-1;0;0;0;0;0;0;0;0;0;-1;0.00000000;0.00000000;0.00000000;0.00000000;0.00000000;0.00000000;0.00000000;
72702955;11.8;31.1;0;0;0;-75.8;8.49;1.48;-0.1;8.21;14261;0.207;0.0462;0.0001;0.5474;0.0023;174521;174755;62.705;0;101;-0.133;1.434;72702913;0.0462;0.0001;0.5472;0.0023;0.689;39.058;3.29;9.02;2.957;361.021;361.506;1;-1;0;0;0;0;0;0;0;0;0;-1;0.00000000;0.00000000;0.00000000;0.00000000;0.00000000;0.00000000;0.00000000;
72702983;11.8;31.1;0;0;0;-76;8.1;1.37;0.06;7.75;14197;0.219;0.0462;0.0001;0.5476;0.0023;174562;174796;54.6871;0;101;-0.127;1.41;72702956;0.0462;0.0001;0.5474;0.0023;0.689;39.056;2.67;9.59;2.951;361.164;361.648;1;-1;0;0;0;0;0;0;0;0;0;-1;0.00000000;0.00000000;0.00000000;0.00000000;0.00000000;0.00000000;0.00000000;
72703019;11.8;31.1;0;0;0;-76.1;8.17;1.47;0.16;7.84;14491;0.228;0.0463;0.0001;0.5477;0.0023;174614;174848;281.787;0;101;-0.136;1.489;72702985;0.0462;0.0001;0.5476;0.0023;0.689;39.055;3.3;8.78;2.937;361.251;361.735;1;-1;0;0;0;0;0;0;0;0;0;-1;0.00000000;0.00000000;0.00000000;0.00000000;0.00000000;0.00000000;0.00000000;
72703046;11.8;31.1;0;0;0;-75.7;8.59;1.51;-0.09;8.29;14439;0.213;0.0463;0.0001;0.5479;0.0023;174656;174890;245.483;0;101;-0.134;1.441;72703020;0.0463;0.0001;0.5477;0.0023;0.689;39.053;1.36;7.41;2.999;361.357;361.841;1;-1;0;0;0;0;0;0;0;0;0;-1;0.00000000;0.00000000;0.00000000;0.00000000;0.00000000;0.00000000;0.00000000;
72703077;11.8;31.1;0;0;0;-75.3;8.3;1.42;0;7.96;14321;0.214;0.0463;0.0001;0.548;0.0023;174697;174931;238.431;0;101;-0.128;1.415;72703047;0.0463;0.0001;0.5479;0.0023;0.689;39.052;3.05;9.31;2.988;361.443;361.928;1;-1;0;0;0;0;0;0;0;0;0;-1;0.00000000;0.00000000;0.00000000;0.00000000;0.00000000;0.00000000;0.00000000;
72703108;11.8;31.1;0;0;0;-75.4;8.24;1.44;-0.14;7.94;14377;0.215;0.0463;0.0001;0.5481;0.0023;174744;174978;131.069;0;101;-0.13;1.446;72703078;0.0463;0.0001;0.548;0.0023;0.689;39.051;3.4;9.26;2.963;361.53;362.015;1;-1;0;0;0;0;0;0;0;0;0;-1;0.00000000;0.00000000;0.00000000;0.00000000;0.00000000;0.00000000;0.00000000;
72703142;11.8;31.1;0;0;0;-75.3;8.39;1.47;0.07;8.08;14388;0.212;0.0463;0.0001;0.5483;0.0023;174790;175024;6.78125;0;101;-0.133;1.444;72703109;0.0463;0.0001;0.5481;0.0023;0.689;39.05;0.73;9.26;2.975;361.626;362.11;1;-1;0;0;0;0;0;0;0;0;0;-1;0.00000000;0.00000000;0.00000000;0.00000000;0.00000000;0.00000000;0.00000000;
72703176;11.8;31.1;0;0;0;-75.2;8.31;1.43;0.04;8;14316;0.213;0.0463;0.0001;0.5484;0.0023;174835;175069;189.524;0;101;-0.13;1.425;72703143;0.0463;0.0001;0.5483;0.0023;0.689;39.05;1.71;9.89;2.977;361.721;362.205;1;-1;0;0;0;0;0;0;0;0;0;-1;0.00000000;0.00000000;0.00000000;0.00000000;0.00000000;0.00000000;0.00000000;
72703209;11.8;31.1;0;0;0;-75.3;8.37;1.45;0;7.96;14362;0.219;0.0463;0.0001;0.5486;0.0023;174882;175116;165.529;0;101;-0.131;1.446;72703176;0.0463;0.0001;0.5484;0.0023;0.689;39.049;0.73;9.7;2.962;361.814;362.298;1;-1;0;0;0;0;0;0;0;0;0;-1;0.00000000;0.00000000;0.00000000;0.00000000;0.00000000;0.00000000;0.00000000;
72703242;11.8;31.1;0;0;0;-74.9;8.33;1.45;-0.08;8.03;14364;0.213;0.0463;0.0001;0.5488;0.0023;174929;175164;122.443;0;101;-0.131;1.439;72703210;0.0463;0.0001;0.5486;0.0023;0.689;39.048;2.2;6.76;2.971;361.911;362.395;1;-1;0;0;0;0;0;0;0;0;0;-1;0.00000000;0.00000000;0.00000000;0.00000000;0.00000000;0.00000000;0.00000000;
72703274;11.8;31.1;0;0;0;-74.8;8.22;1.43;0;7.88;14402;0.218;0.0464;0.0001;0.5489;0.0023;174977;175211;64.2054;0;101;-0.132;1.446;72703243;0.0463;0.0001;0.5488;0.0023;0.689;39.048;2.22;9.56;2.972;362.01;362.495;1;-1;0;0;0;0;0;0;0;0;0;-1;0.00000000;0.00000000;0.00000000;0.00000000;0.00000000;0.00000000;0.00000000;
72703309;11.8;31.2;0;0;0;-75.1;8.46;1.46;0;8.16;14302;0.212;0.0464;0.0001;0.5491;0.0023;175024;175258;55.0644;0;101;-0.132;1.422;72703274;0.0464;0.0001;0.5489;0.0023;0.689;39.047;2.75;9.97;2.98;362.108;362.592;1;-1;0;0;0;0;0;0;0;0;0;-1;0.00000000;0.00000000;0.00000000;0.00000000;0.00000000;0.00000000;0.00000000;
72703342;11.8;31.2;0;0;0;-75.2;8.26;1.43;0.05;7.98;14253;0.215;0.0464;0.0001;0.5492;0.0023;175074;175308;146.427;0;101;-0.127;1.422;72703309;0.0464;0.0001;0.5491;0.0023;0.689;39.047;0.22;6.62;2.959;362.207;362.691;1;-1;0;0;0;0;0;0;0;0;0;-1;0.00000000;0.00000000;0.00000000;0.00000000;0.00000000;0.00000000;0.00000000;
72703376;11.8;31.2;0;0;0;-75.2;8.12;1.43;0.07;7.8;14381;0.222;0.0464;0.0001;0.5494;0.0023;175119;175353;328.974;0;101;-0.134;1.458;72703343;0.0464;0.0001;0.5492;0.0023;0.689;39.046;1.94;9.71;2.948;362.311;362.795;1;-1;0;0;0;0;0;0;0;0;0;-1;0.00000000;0.00000000;0.00000000;0.00000000;0.00000000;0.00000000;0.00000000;
72703408;11.8;31.2;0;0;0;-75.2;8.39;1.49;-0.06;8.02;14505;0.22;0.0464;0.0001;0.5496;0.0023;175170;175404;176.661;0;101;-0.136;1.471;72703376;0.0464;0.0001;0.5494;0.0023;0.689;39.046;-0.07;8.23;2.976;362.402;362.886;1;-1;0;0;0;0;0;0;0;0;0;-1;0.00000000;0.00000000;0.00000000;0.00000000;0.00000000;0.00000000;0.00000000;
72703444;11.8;31.2;0;0;0;-75.3;8.5;1.45;-0.01;8.24;14263;0.212;0.0464;0.0001;0.5497;0.0023;175217;175451;89.0292;0;101;-0.129;1.396;72703409;0.0464;0.0001;0.5496;0.0023;0.689;39.045;3.2;9.1;3.001;362.509;362.993;1;-1;0;0;0;0;0;0;0;0;0;-1;0.00000000;0.00000000;0.00000000;0.00000000;0.00000000;0.00000000;0.00000000;
72703461;11.8;31.2;0;0;0;-75.5;8.07;1.41;0.04;7.75;14341;0.218;0.0464;0.0001;0.5499;0.0023;175263;175497;320.75;0;101;-0.131;1.446;72703444;0.0464;0.0001;0.5497;0.0023;0.689;39.045;-0.05;7.02;2.951;362.604;363.089;1;-1;0;0;0;0;0;0;0;0;0;-1;0.00000000;0.00000000;0.00000000;0.00000000;0.00000000;0.00000000;0.00000000;
72703494;11.8;31.2;0;0;0;-74.8;8.4;1.49;0.04;8.02;14524;0.221;0.0465;0.0001;0.5501;0.0023;175312;175546;43.0478;0;101;-0.136;1.481;72703462;0.0464;0.0001;0.5499;0.0023;0.689;39.045;-0.05;8.24;2.968;362.7;363.184;1;-1;0;0;0;0;0;0;0;0;0;-1;0.00000000;0.00000000;0.00000000;0.00000000;0.00000000;0.00000000;0.00000000;
72703528;11.8;31.2;0;0;0;-74.9;8.39;1.44;-0.05;8.09;14357;0.218;0.0465;0.0001;0.5502;0.0023;175360;175594;38.5022;0;101;-0.131;1.413;72703495;0.0465;0.0001;0.5501;0.0023;0.689;39.045;3.48;10.21;3.005;362.803;363.287;1;-1;0;0;0;0;0;0;0;0;0;-1;0.00000000;0.00000000;0.00000000;0.00000000;0.00000000;0.00000000;0.00000000;
72703561;11.8;31.2;0;0;0;-75;8.23;1.45;0;7.94;14417;0.218;0.0465;0.0001;0.5503;0.0023;175408;175642;22.5819;0;101;-0.132;1.452;72703529;0.0465;0.0001;0.5502;0.0023;0.689;39.045;1.11;7.2;2.971;362.9;363.385;1;-1;0;0;0;0;0;0;0;0;0;-1;0.00000000;0.00000000;0.00000000;0.00000000;0.00000000;0.00000000;0.00000000;
72703594;11.8;31.2;0;0;0;-75.3;8.43;1.47;-0.01;8.07;14428;0.216;0.0465;0.0001;0.5505;0.0023;175456;175690;47.678;0;101;-0.134;1.45;72703561;0.0465;0.0001;0.5503;0.0023;0.689;39.045;-0.03;7.99;2.983;363;363.484;1;-1;0;0;0;0;0;0;0;0;0;-1;0.00000000;0.00000000;0.00000000;0.00000000;0.00000000;0.00000000;0.00000000;
72703627;11.8;31.2;0;0;0;-75.5;8.2;1.42;-0.07;7.87;14411;0.216;0.0465;0.0001;0.5507;0.0023;175505;175739;61.8231;0;101;-0.13;1.438;72703595;0.0465;0.0001;0.5505;0.0023;0.689;39.044;0.59;6.92;2.985;363.101;363.585;1;-1;0;0;0;0;0;0;0;0;0;-1;0.00000000;0.00000000;0.00000000;0.00000000;0.00000000;0.00000000;0.00000000;
72703647;11.8;31.2;0;0;0;-75.3;8.27;1.47;0.19;7.97;14470;0.219;0.0465;0.0001;0.5508;0.0023;175533;175767;315.122;0;101;-0.134;1.466;72703628;0.0465;0.0001;0.5507;0.0023;0.689;39.044;3.01;9.82;2.982;363.2;363.685;1;-1;0;0;0;0;0;0;0;0;0;-1;0.00000000;0.00000000;0.00000000;0.00000000;0.00000000;0.00000000;0.00000000;
72703676;11.8;31.2;0;0;0;-75.1;8.54;1.51;-0.05;8.24;14474;0.208;0.0465;0.0001;0.5509;0.0023;175575;175809;310.519;0;101;-0.136;1.453;72703648;0.0465;0.0001;0.5508;0.0023;0.689;39.045;0.46;8.86;2.994;363.258;363.743;1;-1;0;0;0;0;0;0;0;0;0;-1;0.00000000;0.00000000;0.00000000;0.00000000;0.00000000;0.00000000;0.00000000;
72703711;11.8;31.2;0;0;0;-75;8.23;1.4;-0.04;7.91;14314;0.212;0.0465;0.0001;0.5511;0.0023;175624;175858;1.13785;0;101;-0.129;1.41;72703677;0.0465;0.0001;0.5509;0.0023;0.689;39.044;2.25;10.6;2.994;363.345;363.83;1;-1;0;0;0;0;0;0;0;0;0;-1;0.00000000;0.00000000;0.00000000;0.00000000;0.00000000;0.00000000;0.00000000;
72703745;11.8;31.2;0;0;0;-75;8.18;1.44;0.05;7.87;14415;0.219;0.0466;0.0001;0.5512;0.0023;175674;175908;135.757;0;101;-0.132;1.456;72703712;0.0465;0.0001;0.5511;0.0023;0.689;39.044;2.7;9.9;2.962;363.447;363.931;1;-1;0;0;0;0;0;0;0;0;0;-1;0.00000000;0.00000000;0.00000000;0.00000000;0.00000000;0.00000000;0.00000000;
72703779;11.8;31.2;0;0;0;-75.3;8.57;1.51;0.07;8.26;14428;0.213;0.0466;0.0001;0.5514;0.0023;175719;175953;329.729;0;101;-0.137;1.453;72703746;0.0466;0.0001;0.5512;0.0023;0.689;39.044;-0.03;8.58;2.983;363.55;364.034;1;-1;0;0;0;0;0;0;0;0;0;-1;0.00000000;0.00000000;0.00000000;0.00000000;0.00000000;0.00000000;0.00000000;
72703812;11.8;31.2;0;0;0;-75.3;8.13;1.4;-0.12;7.78;14364;0.217;0.0466;0.0001;0.5515;0.0023;175768;176002;58.6337;0;101;-0.129;1.427;72703779;0.0466;0.0001;0.5514;0.0023;0.689;39.045;0.09;7.26;2.985;363.643;364.128;1;-1;0;0;0;0;0;0;0;0;0;-1;0.00000000;0.00000000;0.00000000;0.00000000;0.00000000;0.00000000;0.00000000;
72703847;11.8;31.2;0;0;0;-75;8.24;1.46;0.15;7.92;14498;0.224;0.0466;0.0001;0.5517;0.0023;175820;176054;287.618;0;101;-0.137;1.47;72703812;0.0466;0.0001;0.5515;0.0023;0.689;39.045;2.82;10.08;2.972;363.747;364.231;1;-1;0;0;0;0;0;0;0;0;0;-1;0.00000000;0.00000000;0.00000000;0.00000000;0.00000000;0.00000000;0.00000000;
72703867;11.8;31.2;0;0;0;-74.9;8.5;1.5;0.03;8.25;14464;0.219;0.0466;0.0001;0.5518;0.0023;175849;176083;217.827;0;101;-0.135;1.444;72703848;0.0466;0.0001;0.5517;0.0023;0.689;39.046;2.29;7.79;3;363.852;364.337;1;-1;0;0;0;0;0;0;0;0;0;-1;0.00000000;0.00000000;0.00000000;0.00000000;0.00000000;0.00000000;0.00000000;
72703897;11.8;31.2;0;0;0;-74.7;8.24;1.45;-0.02;7.95;14472;0.217;0.0466;0.0001;0.552;0.0023;175892;176126;256.958;0;101;-0.134;1.45;72703868;0.0466;0.0001;0.5518;0.0023;0.689;39.046;0.13;7.23;2.993;363.912;364.397;1;-1;0;0;0;0;0;0;0;0;0;-1;0.00000000;0.00000000;0.00000000;0.00000000;0.00000000;0.00000000;0.00000000;
72703928;11.8;31.3;0;0;0;-75.2;8.39;1.45;-0.17;8.08;14390;0.212;0.0466;0.0001;0.5521;0.0023;175938;176172;130.187;0;101;-0.131;1.43;72703897;0.0466;0.0001;0.552;0.0023;0.689;39.046;0.43;9.32;2.995;364.001;364.486;1;-1;0;0;0;0;0;0;0;0;0;-1;0.00000000;0.00000000;0.00000000;0.00000000;0.00000000;0.00000000;0.00000000;
72703977;11.8;31.2;0;0;0;-75;8.26;1.43;0;7.89;14386;0.219;0.0466;0.0001;0.5523;0.0023;175985;176219;111.29;0;101;-0.132;1.44;72703929;0.0466;0.0001;0.5521;0.0023;0.689;39.046;-0.02;8.69;2.977;364.097;364.581;1;-1;0;0;0;0;0;0;0;0;0;-1;0.00000000;0.00000000;0.00000000;0.00000000;0.00000000;0.00000000;0.00000000;
72703995;11.8;31.2;0;0;0;-74.9;8.22;1.47;0;7.95;14514;0.218;0.0467;0.0001;0.5524;0.0023;176034;176268;128.21;0;101;-0.137;1.471;72703977;0.0466;0.0001;0.5523;0.0023;0.689;39.047;2.79;8.25;2.976;364.196;364.68;1;-1;0;0;0;0;0;0;0;0;0;-1;0.00000000;0.00000000;0.00000000;0.00000000;0.00000000;0.00000000;0.00000000;
72704043;11.8;31.2;0;0;0;-74.5;8.46;1.45;0.06;8.13;14350;0.218;0.0467;0.0001;0.5526;0.0023;176082;176316;155.976;0;101;-0.13;1.417;72703995;0.0467;0.0001;0.5524;0.0023;0.689;39.048;3.2;7.82;3.003;364.295;364.779;1;-1;0;0;0;0;0;0;0;0;0;-1;0.00000000;0.00000000;0.00000000;0.00000000;0.00000000;0.00000000;0.00000000;
72704061;11.8;31.2;0;0;0;-74.3;8.16;1.42;0.05;7.82;14384;0.225;0.0467;0.0001;0.5527;0.0023;176128;176362;40.8352;0;101;-0.132;1.444;72704043;0.0467;0.0001;0.5526;0.0023;0.689;39.049;-0.1;6.44;2.969;364.395;364.879;1;-1;0;0;0;0;0;0;0;0;0;-1;0.00000000;0.00000000;0.00000000;0.00000000;0.00000000;0.00000000;0.00000000;
72704096;11.8;31.3;0;0;0;-74.8;8.38;1.5;-0.04;8.03;14587;0.221;0.0467;0.0001;0.5529;0.0023;176176;176410;51.7029;0;101;-0.138;1.491;72704061;0.0467;0.0001;0.5527;0.0023;0.689;39.051;0.72;6.61;2.977;364.49;364.974;1;-1;0;0;0;0;0;0;0;0;0;-1;0.00000000;0.00000000;0.00000000;0.00000000;0.00000000;0.00000000;0.00000000;
72704143;11.8;31.3;0;0;0;-74.8;8.47;1.48;0.02;8.18;14473;0.216;0.0467;0.0001;0.5531;0.0023;176224;176458;43.1217;0;101;-0.135;1.435;72704096;0.0467;0.0001;0.5529;0.0023;0.689;39.051;3.3;10.79;3.018;364.591;365.075;1;-1;0;0;0;0;0;0;0;0;0;-1;0.00000000;0.00000000;0.00000000;0.00000000;0.00000000;0.00000000;0.00000000;
72704176;11.8;31.3;0;0;0;-74.8;8.2;1.42;0.07;7.85;14412;0.222;0.0467;0.0001;0.5532;0.0023;176276;176510;277.872;0;101;-0.131;1.434;72704144;0.0467;0.0001;0.5531;0.0023;0.689;39.052;1.16;7.47;2.995;364.688;365.173;1;-1;0;0;0;0;0;0;0;0;0;-1;0.00000000;0.00000000;0.00000000;0.00000000;0.00000000;0.00000000;0.00000000;
72704209;11.8;31.3;0;0;0;-74.7;8.29;1.47;-0.03;8;14504;0.221;0.0467;0.0001;0.5534;0.0023;176325;176559;331.219;0;101;-0.134;1.465;72704176;0.0467;0.0001;0.5532;0.0023;0.689;39.053;0.2;6.92;2.983;364.796;365.28;1;-1;0;0;0;0;0;0;0;0;0;-1;0.00000000;0.00000000;0.00000000;0.00000000;0.00000000;0.00000000;0.00000000;
72704242;11.8;31.3;0;0;0;-74.6;8.51;1.48;0;8.22;14392;0.211;0.0467;0.0001;0.5535;0.0023;176372;176606;260.932;0;101;-0.134;1.431;72704210;0.0467;0.0001;0.5534;0.0023;0.689;39.054;0.64;6.76;3.002;364.897;365.382;1;-1;0;0;0;0;0;0;0;0;0;-1;0.00000000;0.00000000;0.00000000;0.00000000;0.00000000;0.00000000;0.00000000;
72704275;11.8;31.3;0;0;0;-74.5;8.08;1.4;0;7.73;14422;0.221;0.0468;0.0001;0.5537;0.0023;176420;176654;259.261;0;101;-0.131;1.445;72704243;0.0467;0.0001;0.5535;0.0023;0.689;39.056;0.12;8.5;2.978;364.995;365.479;1;-1;0;0;0;0;0;0;0;0;0;-1;0.00000000;0.00000000;0.00000000;0.00000000;0.00000000;0.00000000;0.00000000;
72704311;11.8;31.3;0;0;0;-74.7;8.41;1.5;-0.12;8.09;14542;0.213;0.0468;0.0001;0.5539;0.0023;176477;176711;69.2442;0;101;-0.135;1.473;72704276;0.0468;0.0001;0.5537;0.0023;0.689;39.057;0.92;9.54;2.985;365.094;365.578;1;-1;0;0;0;0;0;0;0;0;0;-1;0.00000000;0.00000000;0.00000000;0.00000000;0.00000000;0.00000000;0.00000000;
72704341;11.8;31.3;0;0;0;-74.8;8.33;1.45;0.08;8.02;14451;0.214;0.0468;0.0001;0.554;0.0023;176517;176751;320.942;0;101;-0.133;1.432;72704312;0.0468;0.0001;0.5539;0.0023;0.689;39.057;1.77;10.37;3.009;365.212;365.696;1;-1;0;0;0;0;0;0;0;0;0;-1;0.00000000;0.00000000;0.00000000;0.00000000;0.00000000;0.00000000;0.00000000;
72704374;11.8;31.3;0;0;0;-75.2;8.33;1.46;0.01;8;14463;0.212;0.0468;0.0001;0.5542;0.0023;176564;176798;251.432;0;101;-0.134;1.453;72704342;0.0468;0.0001;0.554;0.0023;0.689;39.058;0.36;8.51;2.99;365.295;365.779;1;-1;0;0;0;0;0;0;0;0;0;-1;0.00000000;0.00000000;0.00000000;0.00000000;0.00000000;0.00000000;0.00000000;
72704409;11.8;31.3;0;0;0;-75.5;8.26;1.44;0.01;7.93;14467;0.215;0.0468;0.0001;0.5544;0.0023;176612;176846;246.813;0;101;-0.132;1.448;72704376;0.0468;0.0001;0.5542;0.0023;0.689;39.059;1.01;9.66;2.993;365.392;365.876;1;-1;0;0;0;0;0;0;0;0;0;-1;0.00000000;0.00000000;0.00000000;0.00000000;0.00000000;0.00000000;0.00000000;
72704443;11.8;31.3;0;0;0;-75.4;8.28;1.45;-0.05;7.94;14510;0.221;0.0468;0.0001;0.5545;0.0023;176663;176897;88.429;0;101;-0.133;1.456;72704410;0.0468;0.0001;0.5544;0.0023;0.689;39.059;1.82;10.08;2.994;365.491;365.976;1;-1;0;0;0;0;0;0;0;0;0;-1;0.00000000;0.00000000;0.00000000;0.00000000;0.00000000;0.00000000;0.00000000;
72704461;11.8;31.3;0;0;0;-75.2;8.51;1.48;0.03;8.2;14397;0.209;0.0468;0.0001;0.5547;0.0023;176708;176942;244.199;0;101;-0.134;1.43;72704443;0.0468;0.0001;0.5545;0.0023;0.689;39.059;-0.15;7.05;3.003;365.597;366.081;1;-1;0;0;0;0;0;0;0;0;0;-1;0.00000000;0.00000000;0.00000000;0.00000000;0.00000000;0.00000000;0.00000000;
72704493;11.8;31.3;0;0;0;-75.4;8.24;1.42;-0.05;7.89;14354;0.218;0.0469;0.0001;0.5548;0.0023;176753;176987;107.931;0;101;-0.13;1.43;72704462;0.0468;0.0001;0.5547;0.0023;0.689;39.059;2.21;9.73;2.979;365.69;366.174;1;-1;0;0;0;0;0;0;0;0;0;-1;0.00000000;0.00000000;0.00000000;0.00000000;0.00000000;0.00000000;0.00000000;
72704529;11.8;31.3;0;0;0;-75.8;8.11;1.45;0.06;7.81;14546;0.223;0.0469;0.0001;0.555;0.0023;176805;177039;324.695;0;101;-0.137;1.479;72704494;0.0469;0.0001;0.5548;0.0023;0.689;39.059;2.26;7.7;2.97;365.785;366.269;1;-1;0;0;0;0;0;0;0;0;0;-1;0.00000000;0.00000000;0.00000000;0.00000000;0.00000000;0.00000000;0.00000000;
72704576;11.8;31.3;0;0;0;-75.7;8.49;1.44;0.05;8.12;14348;0.222;0.0469;0.0001;0.5551;0.0023;176852;177086;283.832;0;101;-0.13;1.411;72704529;0.0469;0.0001;0.555;0.0023;0.689;39.058;0.26;8.91;3.011;365.891;366.375;1;-1;0;0;0;0;0;0;0;0;0;-1;0.00000000;0.00000000;0.00000000;0.00000000;0.00000000;0.00000000;0.00000000;
72704595;11.8;31.3;0;0;0;-75.5;8.2;1.46;-0.07;7.9;14487;0.221;0.0469;0.0001;0.5553;0.0023;176901;177135;305.784;0;101;-0.135;1.47;72704577;0.0469;0.0001;0.5551;0.0023;0.689;39.057;2.38;7.47;2.969;365.99;366.474;1;-1;0;0;0;0;0;0;0;0;0;-1;0.00000000;0.00000000;0.00000000;0.00000000;0.00000000;0.00000000;0.00000000;
72704616;11.8;31.3;0;0;0;-75.2;8.31;1.49;-0.1;7.94;14629;0.224;0.0469;0.0001;0.5554;0.0023;176933;177167;112.85;0;101;-0.137;1.498;72704596;0.0469;0.0001;0.5553;0.0023;0.689;39.056;2.09;9.55;2.998;366.089;366.574;1;-1;0;0;0;0;0;0;0;0;0;-1;0.00000000;0.00000000;0.00000000;0.00000000;0.00000000;0.00000000;0.00000000;
72704648;11.8;31.3;0;0;0;-75.1;8.56;1.48;0.13;8.29;14436;0.216;0.0469;0.0001;0.5556;0.0023;176977;177211;203.588;0;101;-0.133;1.42;72704617;0.0469;0.0001;0.5554;0.0023;0.689;39.056;3.08;9.49;3.027;366.158;366.642;1;-1;0;0;0;0;0;0;0;0;0;-1;0.00000000;0.00000000;0.00000000;0.00000000;0.00000000;0.00000000;0.00000000;
72704678;11.8;31.4;0;0;0;-75.3;8.23;1.43;0;7.9;14424;0.22;0.0469;0.0001;0.5557;0.0023;177021;177255;329.544;0;101;-0.132;1.441;72704648;0.0469;0.0001;0.5556;0.0023;0.689;39.055;-0.27;8.26;2.987;366.247;366.731;1;-1;0;0;0;0;0;0;0;0;0;-1;0.00000000;0.00000000;0.00000000;0.00000000;0.00000000;0.00000000;0.00000000;
72704711;11.8;31.4;0;0;0;-75.7;8.17;1.44;0;7.76;14584;0.229;0.0469;0.0001;0.5558;0.0023;177069;177303;343.245;0;101;-0.134;1.481;72704679;0.0469;0.0001;0.5557;0.0023;0.689;39.054;0.5;6.56;2.985;366.338;366.822;1;-1;0;0;0;0;0;0;0;0;0;-1;0.00000000;0.00000000;0.00000000;0.00000000;0.00000000;0.00000000;0.00000000;
72704746;11.8;31.3;0;0;0;-75.5;8.58;1.49;-0.1;8.27;14447;0.217;0.047;0.0001;0.556;0.0023;177119;177353;104.928;0;101;-0.132;1.433;72704711;0.0469;0.0001;0.5558;0.0023;0.689;39.053;1.56;7.19;3.018;366.437;366.921;1;-1;0;0;0;0;0;0;0;0;0;-1;0.00000000;0.00000000;0.00000000;0.00000000;0.00000000;0.00000000;0.00000000;
72704779;11.8;31.3;0;0;0;-75.2;8.15;1.41;0.04;7.8;14415;0.224;0.047;0.0001;0.5562;0.0023;177166;177400;48.9234;0;101;-0.13;1.436;72704746;0.047;0.0001;0.556;0.0023;0.689;39.052;2.86;9.26;2.989;366.543;367.027;1;-1;0;0;0;0;0;0;0;0;0;-1;0.00000000;0.00000000;0.00000000;0.00000000;0.00000000;0.00000000;0.00000000;
72704811;11.8;31.3;0;0;0;-75;8.27;1.49;0.04;7.96;14602;0.226;0.047;0.0001;0.5563;0.0023;177214;177448;45.632;0;101;-0.139;1.488;72704779;0.047;0.0001;0.5562;0.0023;0.689;39.052;3.17;8.73;2.983;366.64;367.124;1;-1;0;0;0;0;0;0;0;0;0;-1;0.00000000;0.00000000;0.00000000;0.00000000;0.00000000;0.00000000;0.00000000;
72704848;11.8;31.4;0;0;0;-75.3;8.56;1.51;0.03;8.27;14545;0.212;0.047;0.0001;0.5565;0.0023;177266;177500;256.984;0;101;-0.133;1.453;72704811;0.047;0.0001;0.5563;0.0023;0.689;39.052;1.65;7.99;3.022;366.739;367.223;1;-1;0;0;0;0;0;0;0;0;0;-1;0.00000000;0.00000000;0.00000000;0.00000000;0.00000000;0.00000000;0.00000000;
72704866;11.8;31.4;0;0;0;-75.4;8.2;1.4;-0.22;7.82;14468;0.214;0.047;0.0001;0.5566;0.0023;177293;177527;118.737;0;101;-0.13;1.426;72704849;0.047;0.0001;0.5565;0.0023;0.689;39.051;0.49;9.67;3.01;366.845;367.329;1;-1;0;0;0;0;0;0;0;0;0;-1;0.00000000;0.00000000;0.00000000;0.00000000;0.00000000;0.00000000;0.00000000;
72704897;11.8;31.4;0;0;0;-75.4;8.31;1.45;0.15;7.95;14459;0.219;0.047;0.0001;0.5568;0.0023;177337;177571;231.121;0;101;-0.134;1.448;72704866;0.047;0.0001;0.5566;0.0023;0.689;39.051;2.92;9.27;2.993;366.903;367.387;1;-1;0;0;0;0;0;0;0;0;0;-1;0.00000000;0.00000000;0.00000000;0.00000000;0.00000000;0.00000000;0.00000000;
72704926;11.8;31.4;0;0;0;-75.4;8.19;1.45;-0.09;7.9;14510;0.218;0.047;0.0001;0.5569;0.0023;177381;177615;306.242;0;101;-0.134;1.459;72704897;0.047;0.0001;0.5568;0.0023;0.689;39.051;2.98;9.5;2.992;366.994;367.478;1;-1;0;0;0;0;0;0;0;0;0;-1;0.00000000;0.00000000;0.00000000;0.00000000;0.00000000;0.00000000;0.00000000;
72704961;11.8;31.4;0;0;0;-75.1;8.39;1.48;0.06;8.06;14520;0.22;0.047;0.0001;0.557;0.0023;177433;177667;209.001;0;101;-0.134;1.458;72704926;0.047;0.0001;0.5569;0.0023;0.689;39.051;2.13;9.84;3.003;367.083;367.567;1;-1;0;0;0;0;0;0;0;0;0;-1;0.00000000;0.00000000;0.00000000;0.00000000;0.00000000;0.00000000;0.00000000;
72704994;11.8;31.4;0;0;0;-75.2;8.43;1.47;-0.17;8.11;14444;0.211;0.0471;0.0001;0.5572;0.0023;177480;177714;120.286;0;101;-0.133;1.437;72704962;0.047;0.0001;0.557;0.0023;0.689;39.051;-0.36;8.47;3.005;367.19;367.675;1;-1;0;0;0;0;0;0;0;0;0;-1;0.00000000;0.00000000;0.00000000;0.00000000;0.00000000;0.00000000;0.00000000;
72705027;11.8;31.4;0;0;0;-75.6;8.27;1.44;0.04;7.95;14428;0.214;0.0471;0.0001;0.5574;0.0023;177527;177761;73.6207;0;101;-0.131;1.441;72704995;0.0471;0.0001;0.5572;0.0023;0.689;39.051;2.7;9.44;2.988;367.288;367.772;1;-1;0;0;0;0;0;0;0;0;0;-1;0.00000000;0.00000000;0.00000000;0.00000000;0.00000000;0.00000000;0.00000000;
72705075;11.8;31.4;0;0;0;-75.7;8.18;1.44;0.18;7.83;14523;0.226;0.0471;0.0001;0.5575;0.0023;177577;177811;207.637;0;101;-0.135;1.466;72705029;0.0471;0.0001;0.5574;0.0023;0.689;39.051;0.91;9.21;2.985;367.385;367.869;1;-1;0;0;0;0;0;0;0;0;0;-1;0.00000000;0.00000000;0.00000000;0.00000000;0.00000000;0.00000000;0.00000000;
72705095;11.8;31.4;0;0;0;-75.3;8.54;1.48;-0.03;8.21;14412;0.218;0.0471;0.0001;0.5577;0.0023;177625;177859;219.895;0;101;-0.134;1.433;72705077;0.0471;0.0001;0.5575;0.0023;0.689;39.051;-0.35;7.55;3.006;367.488;367.973;1;-1;0;0;0;0;0;0;0;0;0;-1;0.00000000;0.00000000;0.00000000;0.00000000;0.00000000;0.00000000;0.00000000;
72705130;11.8;31.4;0;0;0;-75.6;8.18;1.41;-0.04;7.82;14401;0.223;0.0471;0.0001;0.5579;0.0023;177674;177908;289.269;0;101;-0.129;1.438;72705095;0.0471;0.0001;0.5577;0.0023;0.689;39.051;1;5.97;2.982;367.588;368.072;1;-1;0;0;0;0;0;0;0;0;0;-1;0.00000000;0.00000000;0.00000000;0.00000000;0.00000000;0.00000000;0.00000000;
72705145;11.8;31.4;0;0;0;-75.7;8.05;1.43;0.05;7.68;14493;0.228;0.0471;0.0001;0.558;0.0023;177697;177931;237.611;0;101;-0.136;1.484;72705131;0.0471;0.0001;0.5579;0.0023;0.689;39.051;2.52;8.12;2.98;367.691;368.175;1;-1;0;0;0;0;0;0;0;0;0;-1;0.00000000;0.00000000;0.00000000;0.00000000;0.00000000;0.00000000;0.00000000;
72705179;11.8;31.4;0;0;0;-75.5;8.56;1.55;-0.1;8.28;14635;0.214;0.0471;0.0001;0.5581;0.0023;177749;177983;77.6028;0;101;-0.138;1.489;72705145;0.0471;0.0001;0.558;0.0023;0.689;39.051;3.57;8.8;2.999;367.739;368.223;1;-1;0;0;0;0;0;0;0;0;0;-1;0.00000000;0.00000000;0.00000000;0.00000000;0.00000000;0.00000000;0.00000000;
72705211;11.8;31.4;0;0;0;-75.9;8.35;1.46;0.01;8.03;14526;0.211;0.0471;0.0001;0.5583;0.0023;177795;178029;309.025;0;101;-0.134;1.44;72705179;0.0471;0.0001;0.5581;0.0023;0.689;39.05;0.31;8.76;3.028;367.844;368.329;1;-1;0;0;0;0;0;0;0;0;0;-1;0.00000000;0.00000000;0.00000000;0.00000000;0.00000000;0.00000000;0.00000000;
72705244;11.8;31.4;0;0;0;-75.6;8.17;1.43;0.12;7.83;14513;0.222;0.0472;0.0001;0.5584;0.0023;177842;178076;269.803;0;101;-0.132;1.45;72705212;0.0471;0.0001;0.5583;0.0023;0.689;39.051;1.41;9.55;3.005;367.939;368.424;1;-1;0;0;0;0;0;0;0;0;0;-1;0.00000000;0.00000000;0.00000000;0.00000000;0.00000000;0.00000000;0.00000000;
72705279;11.8;31.4;0;0;0;-75.6;8.42;1.48;-0.19;8.09;14523;0.213;0.0472;0.0001;0.5586;0.0023;177893;178127;65.6848;0;101;-0.135;1.458;72705245;0.0472;0.0001;0.5584;0.0023;0.689;39.051;0;8.27;3.004;368.037;368.521;1;-1;0;0;0;0;0;0;0;0;0;-1;0.00000000;0.00000000;0.00000000;0.00000000;0.00000000;0.00000000;0.00000000;
72705312;11.8;31.4;0;0;0;-75.6;8.29;1.45;0.08;7.96;14474;0.214;0.0472;0.0001;0.5587;0.0023;177939;178173;304.64;0;101;-0.133;1.442;72705279;0.0472;0.0001;0.5586;0.0023;0.689;39.051;2.42;10.16;3.005;368.142;368.627;1;-1;0;0;0;0;0;0;0;0;0;-1;0.00000000;0.00000000;0.00000000;0.00000000;0.00000000;0.00000000;0.00000000;
72705342;11.8;31.4;0;0;0;-75.4;8.17;1.43;-0.02;7.77;14524;0.222;0.0472;0.0001;0.5588;0.0023;177969;178203;356.809;0;101;-0.134;1.464;72705313;0.0472;0.0001;0.5587;0.0023;0.689;39.052;2.41;10.13;2.995;368.237;368.722;1;-1;0;0;0;0;0;0;0;0;0;-1;0.00000000;0.00000000;0.00000000;0.00000000;0.00000000;0.00000000;0.00000000;
72705376;11.8;31.4;0;0;0;-75.3;8.45;1.5;-0.02;8.16;14556;0.214;0.0472;0.0001;0.559;0.0023;178020;178254;133.236;0;101;-0.135;1.466;72705343;0.0472;0.0001;0.5588;0.0023;0.689;39.052;2.97;8.77;3.005;368.302;368.786;1;-1;0;0;0;0;0;0;0;0;0;-1;0.00000000;0.00000000;0.00000000;0.00000000;0.00000000;0.00000000;0.00000000;
72705412;11.8;31.4;0;0;0;-75.1;8.25;1.45;0.03;7.95;14532;0.217;0.0472;0.0001;0.5592;0.0023;178085;178319;83.5336;0;101;-0.135;1.452;72705377;0.0472;0.0001;0.559;0.0023;0.689;39.053;0.19;8.64;3.011;368.405;368.889;1;-1;0;0;0;0;0;0;0;0;0;-1;0.00000000;0.00000000;0.00000000;0.00000000;0.00000000;0.00000000;0.00000000;
72705428;11.8;31.4;0;0;0;-74.8;8.69;1.52;-0.07;8.28;14531;0.212;0.0472;0.0001;0.5593;0.0023;178109;178343;118.031;0;101;-0.134;1.459;72705412;0.0472;0.0001;0.5592;0.0023;0.689;39.053;0.41;9.19;3.007;368.54;369.024;1;-1;0;0;0;0;0;0;0;0;0;-1;0.00000000;0.00000000;0.00000000;0.00000000;0.00000000;0.00000000;0.00000000;
72705460;11.8;31.4;0;0;0;-74.6;8.19;1.41;0.05;7.88;14410;0.219;0.0472;0.0001;0.5594;0.0023;178156;178390;23.3245;0;101;-0.13;1.423;72705428;0.0472;0.0001;0.5593;0.0023;0.689;39.053;3.04;10.47;3.006;368.591;369.076;1;-1;0;0;0;0;0;0;0;0;0;-1;0.00000000;0.00000000;0.00000000;0.00000000;0.00000000;0.00000000;0.00000000;
72705495;11.8;31.4;0;0;0;-74.7;8.24;1.45;-0.06;7.86;14506;0.221;0.0473;0.0001;0.5596;0.0023;178205;178439;117.322;0;101;-0.133;1.466;72705460;0.0472;0.0001;0.5594;0.0023;0.689;39.054;-0.1;6.63;2.982;368.687;369.171;1;-1;0;0;0;0;0;0;0;0;0;-1;0.00000000;0.00000000;0.00000000;0.00000000;0.00000000;0.00000000;0.00000000;
72705527;11.8;31.4;0;0;0;-74.5;8.58;1.53;0.1;8.22;14617;0.218;0.0473;0.0001;0.5598;0.0023;178254;178488;152.543;0;101;-0.136;1.485;72705495;0.0473;0.0001;0.5596;0.0023;0.689;39.055;3.1;9.23;3.001;368.79;369.274;1;-1;0;0;0;0;0;0;0;0;0;-1;0.00000000;0.00000000;0.00000000;0.00000000;0.00000000;0.00000000;0.00000000;
72705561;11.8;31.4;0;0;0;-74.2;8.29;1.43;-0.12;7.98;14477;0.212;0.0473;0.0001;0.5599;0.0023;178302;178536;121.595;0;101;-0.131;1.428;72705527;0.0473;0.0001;0.5598;0.0023;0.689;39.055;0.34;6.68;3.024;368.889;369.374;1;-1;0;0;0;0;0;0;0;0;0;-1;0.00000000;0.00000000;0.00000000;0.00000000;0.00000000;0.00000000;0.00000000;
72705595;11.8;31.4;0;0;0;-74.8;8.11;1.42;0.08;7.77;14524;0.221;0.0473;0.0001;0.5601;0.0023;178353;178587;302.571;0;101;-0.135;1.457;72705561;0.0473;0.0001;0.5599;0.0023;0.689;39.056;2.4;9.69;2.995;368.989;369.473;1;-1;0;0;0;0;0;0;0;0;0;-1;0.00000000;0.00000000;0.00000000;0.00000000;0.00000000;0.00000000;0.00000000;
72705625;11.8;31.4;0;0;0;-74.8;8.33;1.51;0;7.97;14693;0.225;0.0473;0.0001;0.5603;0.0023;178395;178629;351.75;0;101;-0.14;1.5;72705596;0.0473;0.0001;0.5601;0.0023;0.689;39.057;2.64;9.47;3.005;369.094;369.578;1;-1;0;0;0;0;0;0;0;0;0;-1;0.00000000;0.00000000;0.00000000;0.00000000;0.00000000;0.00000000;0.00000000;
72705646;11.8;31.5;0;0;0;-75.4;8.79;1.57;0;8.56;14624;0.212;0.0473;0.0001;0.5604;0.0023;178427;178661;88.0588;0;101;-0.136;1.453;72705625;0.0473;0.0001;0.5603;0.0023;0.689;39.057;3.09;9.33;3.04;369.183;369.667;1;-1;0;0;0;0;0;0;0;0;0;-1;0.00000000;0.00000000;0.00000000;0.00000000;0.00000000;0.00000000;0.00000000;
72705676;11.8;31.5;0;0;0;-75.3;8.19;1.4;-0.06;7.88;14424;0.213;0.0473;0.0001;0.5605;0.0023;178470;178704;132.037;0;101;-0.129;1.411;72705646;0.0473;0.0001;0.5604;0.0023;0.689;39.058;0.07;7.88;3.026;369.247;369.732;1;-1;0;0;0;0;0;0;0;0;0;-1;0.00000000;0.00000000;0.00000000;0.00000000;0.00000000;0.00000000;0.00000000;
72705712;11.8;31.5;0;0;0;-75.5;8.1;1.44;0.05;7.76;14590;0.223;0.0473;0.0001;0.5607;0.0023;178522;178756;15.0918;0;101;-0.137;1.48;72705677;0.0473;0.0001;0.5605;0.0023;0.689;39.059;0.32;8.7;2.984;369.336;369.821;1;-1;0;0;0;0;0;0;0;0;0;-1;0.00000000;0.00000000;0.00000000;0.00000000;0.00000000;0.00000000;0.00000000;
72705743;11.8;31.5;0;0;0;-75.3;8.81;1.55;0;8.42;14566;0.207;0.0474;0.0001;0.5608;0.0023;178567;178801;237.374;0;101;-0.136;1.467;72705712;0.0473;0.0001;0.5607;0.0023;0.689;39.06;0.45;8.77;3.02;369.444;369.928;1;-1;0;0;0;0;0;0;0;0;0;-1;0.00000000;0.00000000;0.00000000;0.00000000;0.00000000;0.00000000;0.00000000;
72705779;11.8;31.5;0;0;0;-75.4;8.05;1.37;0;7.7;14411;0.22;0.0474;0.0001;0.561;0.0023;178617;178851;353.986;0;101;-0.129;1.416;72705743;0.0474;0.0001;0.5608;0.0023;0.689;39.06;3.11;8.74;3.013;369.539;370.023;1;-1;0;0;0;0;0;0;0;0;0;-1;0.00000000;0.00000000;0.00000000;0.00000000;0.00000000;0.00000000;0.00000000;
72705811;11.8;31.5;0;0;0;-74.9;8.18;1.46;-0.06;7.82;14611;0.226;0.0474;0.0001;0.5611;0.0023;178666;178900;58.586;0;101;-0.137;1.489;72705779;0.0474;0.0001;0.561;0.0023;0.69;39.063;3.01;8.87;2.982;369.643;370.127;1;-1;0;0;0;0;0;0;0;0;0;-1;0.00000000;0.00000000;0.00000000;0.00000000;0.00000000;0.00000000;0.00000000;
72705847;11.8;31.5;0;0;0;-74.7;8.64;1.51;0.06;8.37;14449;0.21;0.0474;0.0001;0.5613;0.0023;178717;178951;189.37;0;101;-0.133;1.435;72705812;0.0474;0.0001;0.5611;0.0023;0.69;39.064;3.59;9.91;3.023;369.744;370.228;1;-1;0;0;0;0;0;0;0;0;0;-1;0.00000000;0.00000000;0.00000000;0.00000000;0.00000000;0.00000000;0.00000000;
72705863;11.8;31.5;0;0;0;-74.7;7.93;1.35;-0.04;7.46;14454;0.221;0.0474;0.0001;0.5614;0.0023;178740;178974;178.964;0;101;-0.13;1.446;72705848;0.0474;0.0001;0.5613;0.0023;0.69;39.065;0.61;9.63;2.99;369.848;370.332;1;-1;0;0;0;0;0;0;0;0;0;-1;0.00000000;0.00000000;0.00000000;0.00000000;0.00000000;0.00000000;0.00000000;
72705896;11.8;31.5;0;0;0;-75.1;8.26;1.48;0.03;7.92;14649;0.222;0.0474;0.0001;0.5616;0.0023;178791;179025;306.622;0;101;-0.137;1.493;72705863;0.0474;0.0001;0.5614;0.0023;0.69;39.066;3.33;8.24;2.99;369.897;370.381;1;-1;0;0;0;0;0;0;0;0;0;-1;0.00000000;0.00000000;0.00000000;0.00000000;0.00000000;0.00000000;0.00000000;
72705928;11.8;31.5;0;0;0;-74.9;8.61;1.52;0.08;8.24;14613;0.218;0.0474;0.0001;0.5617;0.0023;178837;179071;224.72;0;101;-0.138;1.465;72705897;0.0474;0.0001;0.5616;0.0023;0.69;39.068;2.31;10.25;3.031;370.001;370.485;1;-1;0;0;0;0;0;0;0;0;0;-1;0.00000000;0.00000000;0.00000000;0.00000000;0.00000000;0.00000000;0.00000000;
72705961;11.8;31.5;0;0;0;-74.8;8.21;1.45;-0.11;7.96;14556;0.216;0.0475;0.0001;0.5619;0.0023;178883;179117;76.9242;0;101;-0.132;1.447;72705929;0.0474;0.0001;0.5617;0.0023;0.69;39.069;1.94;6.58;3.024;370.096;370.58;1;-1;0;0;0;0;0;0;0;0;0;-1;0.00000000;0.00000000;0.00000000;0.00000000;0.00000000;0.00000000;0.00000000;
72705995;11.8;31.5;0;0;0;-74.8;8.25;1.45;0.03;7.87;14607;0.223;0.0475;0.0001;0.5621;0.0023;178935;179169;353.989;0;101;-0.137;1.468;72705961;0.0475;0.0001;0.5619;0.0023;0.69;39.071;0.44;9.12;3.012;370.191;370.675;1;-1;0;0;0;0;0;0;0;0;0;-1;0.00000000;0.00000000;0.00000000;0.00000000;0.00000000;0.00000000;0.00000000;
72706026;11.8;31.5;0;0;0;-74.8;8.45;1.47;0;8.12;14490;0.221;0.0475;0.0001;0.5622;0.0023;178980;179214;162.85;0;101;-0.133;1.435;72705996;0.0475;0.0001;0.5621;0.0023;0.69;39.073;3.23;9.73;3.022;370.301;370.785;1;-1;0;0;0;0;0;0;0;0;0;-1;0.00000000;0.00000000;0.00000000;0.00000000;0.00000000;0.00000000;0.00000000;
72706062;11.8;31.5;0;0;0;-75.3;8.18;1.46;0;7.89;14589;0.219;0.0475;0.0001;0.5623;0.0023;179031;179265;308.793;0;101;-0.136;1.472;72706027;0.0475;0.0001;0.5622;0.0023;0.69;39.074;1.57;5.82;2.998;370.392;370.876;1;-1;0;0;0;0;0;0;0;0;0;-1;0.00000000;0.00000000;0.00000000;0.00000000;0.00000000;0.00000000;0.00000000;
72706093;11.8;31.5;0;0;0;-75;8.51;1.52;0.05;8.19;14646;0.216;0.0475;0.0001;0.5625;0.0023;179079;179313;325.355;0;101;-0.138;1.478;72706062;0.0475;0.0001;0.5623;0.0023;0.69;39.075;1.71;10.21;3.019;370.497;370.982;1;-1;0;0;0;0;0;0;0;0;0;-1;0.00000000;0.00000000;0.00000000;0.00000000;0.00000000;0.00000000;0.00000000;
72706129;11.8;31.5;0;0;0;-74.9;8.28;1.43;-0.08;7.96;14484;0.214;0.0475;0.0001;0.5627;0.0023;179128;179362;9.68423;0;101;-0.132;1.427;72706094;0.0475;0.0001;0.5625;0.0023;0.69;39.076;0.08;8.62;3.031;370.597;371.081;1;-1;0;0;0;0;0;0;0;0;0;-1;0.00000000;0.00000000;0.00000000;0.00000000;0.00000000;0.00000000;0.00000000;
72706146;11.8;31.5;0;0;0;-74.8;8.18;1.44;-0.06;7.85;14507;0.218;0.0475;0.0001;0.5628;0.0023;179154;179388;132.676;0;101;-0.132;1.46;72706130;0.0475;0.0001;0.5627;0.0023;0.69;39.078;1.15;9.34;2.997;370.698;371.182;1;-1;0;0;0;0;0;0;0;0;0;-1;0.00000000;0.00000000;0.00000000;0.00000000;0.00000000;0.00000000;0.00000000;
72706178;11.8;31.5;0;0;0;-74.7;8.38;1.48;0;8.01;14561;0.22;0.0475;0.0001;0.5629;0.0023;179201;179435;114.087;0;101;-0.136;1.467;72706146;0.0475;0.0001;0.5628;0.0023;0.69;39.079;0.31;8.67;3.002;370.752;371.236;1;-1;0;0;0;0;0;0;0;0;0;-1;0.00000000;0.00000000;0.00000000;0.00000000;0.00000000;0.00000000;0.00000000;
72706211;11.8;31.5;0;0;0;-74.6;8.27;1.45;0.01;7.93;14548;0.221;0.0476;0.0001;0.5631;0.0023;179249;179483;114.183;0;101;-0.134;1.454;72706179;0.0475;0.0001;0.5629;0.0023;0.69;39.08;3.08;9.13;3.012;370.851;371.335;1;-1;0;0;0;0;0;0;0;0;0;-1;0.00000000;0.00000000;0.00000000;0.00000000;0.00000000;0.00000000;0.00000000;
72706245;11.8;31.5;0;0;0;-75;8.32;1.49;0.01;7.99;14639;0.219;0.0476;0.0001;0.5633;0.0023;179298;179532;177.534;0;101;-0.137;1.481;72706212;0.0476;0.0001;0.5631;0.0023;0.69;39.081;2.57;8.14;3.01;370.951;371.435;1;-1;0;0;0;0;0;0;0;0;0;-1;0.00000000;0.00000000;0.00000000;0.00000000;0.00000000;0.00000000;0.00000000;
72706278;11.8;31.5;0;0;0;-75.5;8.48;1.51;0.04;8.21;14603;0.216;0.0476;0.0001;0.5634;0.0023;179345;179579;95.4186;0;101;-0.137;1.459;72706245;0.0476;0.0001;0.5633;0.0023;0.69;39.082;3.1;9.01;3.029;371.052;371.536;1;-1;0;0;0;0;0;0;0;0;0;-1;0.00000000;0.00000000;0.00000000;0.00000000;0.00000000;0.00000000;0.00000000;
72706320;11.8;31.5;0;0;0;-75.4;8.2;1.44;0;7.85;14570;0.218;0.0476;0.0001;0.5636;0.0023;179407;179641;191.14;0;101;-0.134;1.454;72706279;0.0476;0.0001;0.5634;0.0023;0.69;39.083;0.5;7.05;3.022;371.147;371.631;1;-1;0;0;0;0;0;0;0;0;0;-1;0.00000000;0.00000000;0.00000000;0.00000000;0.00000000;0.00000000;0.00000000;
72706335;11.8;31.5;0;0;0;-75.4;8.39;1.49;-0.2;8.06;14596;0.217;0.0476;0.0001;0.5637;0.0023;179430;179664;126.642;0;101;-0.135;1.469;72706320;0.0476;0.0001;0.5636;0.0023;0.69;39.083;1.65;9.84;3.015;371.275;371.76;1;-1;0;0;0;0;0;0;0;0;0;-1;0.00000000;0.00000000;0.00000000;0.00000000;0.00000000;0.00000000;0.00000000;
72706373;11.8;31.5;0;0;0;-75.5;8.49;1.49;-0.01;8.17;14520;0.209;0.0476;0.0001;0.5638;0.0023;179484;179718;132.127;0;101;-0.135;1.451;72706336;0.0476;0.0001;0.5637;0.0023;0.69;39.083;1.46;9.24;3.02;371.323;371.807;1;-1;0;0;0;0;0;0;0;0;0;-1;0.00000000;0.00000000;0.00000000;0.00000000;0.00000000;0.00000000;0.00000000;
72706396;11.8;31.5;0;0;0;-75.6;8.06;1.39;0.01;7.64;14504;0.222;0.0476;0.0001;0.564;0.0023;179519;179753;113.85;0;101;-0.131;1.446;72706373;0.0476;0.0001;0.5638;0.0023;0.69;39.083;1.44;9.18;3.004;371.435;371.919;1;-1;0;0;0;0;0;0;0;0;0;-1;0.00000000;0.00000000;0.00000000;0.00000000;0.00000000;0.00000000;0.00000000;
72706426;11.8;31.5;0;0;0;-75.8;8.33;1.49;0.15;7.97;14632;0.227;0.0476;0.0001;0.5641;0.0023;179562;179796;157.954;0;101;-0.136;1.488;72706398;0.0476;0.0001;0.564;0.0023;0.69;39.083;3.07;8.8;3.001;371.509;371.994;1;-1;0;0;0;0;0;0;0;0;0;-1;0.00000000;0.00000000;0.00000000;0.00000000;0.00000000;0.00000000;0.00000000;
72706461;11.8;31.5;0;0;0;-75.5;8.6;1.51;-0.05;8.28;14533;0.211;0.0477;0.0001;0.5643;0.0023;179613;179847;353.032;0;101;-0.137;1.45;72706426;0.0476;0.0001;0.5641;0.0023;0.69;39.083;-0.06;6.18;3.028;371.596;372.08;1;-1;0;0;0;0;0;0;0;0;0;-1;0.00000000;0.00000000;0.00000000;0.00000000;0.00000000;0.00000000;0.00000000;
72706495;11.8;31.5;0;0;0;-75;8.05;1.39;-0.01;7.73;14475;0.219;0.0477;0.0001;0.5645;0.0023;179661;179895;359.394;0;101;-0.131;1.436;72706461;0.0477;0.0001;0.5643;0.0023;0.69;39.082;3.02;9.3;3.006;371.704;372.188;1;-1;0;0;0;0;0;0;0;0;0;-1;0.00000000;0.00000000;0.00000000;0.00000000;0.00000000;0.00000000;0.00000000;
72706526;11.8;31.6;0;0;0;-75.4;8.31;1.48;0.09;7.91;14619;0.225;0.0477;0.0001;0.5646;0.0023;179707;179941;233.609;0;101;-0.136;1.487;72706495;0.0477;0.0001;0.5645;0.0023;0.69;39.082;3.06;9.57;2.995;371.803;372.287;1;-1;0;0;0;0;0;0;0;0;0;-1;0.00000000;0.00000000;0.00000000;0.00000000;0.00000000;0.00000000;0.00000000;
72706562;11.8;31.5;0;0;0;-75;8.44;1.5;-0.04;8.12;14616;0.223;0.0477;0.0001;0.5648;0.0023;179760;179994;151.425;0;101;-0.134;1.464;72706526;0.0477;0.0001;0.5646;0.0023;0.69;39.082;3.4;8.93;3.025;371.898;372.383;1;-1;0;0;0;0;0;0;0;0;0;-1;0.00000000;0.00000000;0.00000000;0.00000000;0.00000000;0.00000000;0.00000000;
72706595;11.8;31.5;0;0;0;-75;8.33;1.47;-0.03;7.97;14633;0.221;0.0477;0.0001;0.5649;0.0023;179806;180040;52.708;0;101;-0.137;1.467;72706563;0.0477;0.0001;0.5648;0.0023;0.69;39.081;0.05;6.42;3.024;372.006;372.49;1;-1;0;0;0;0;0;0;0;0;0;-1;0.00000000;0.00000000;0.00000000;0.00000000;0.00000000;0.00000000;0.00000000;
72706629;11.8;31.5;0;0;0;-74.6;8.36;1.49;0.07;8.09;14637;0.214;0.0477;0.0001;0.5651;0.0023;179858;180092;251.813;0;101;-0.136;1.467;72706596;0.0477;0.0001;0.565;0.0023;0.69;39.081;3.39;9.63;3.028;372.103;372.587;1;-1;0;0;0;0;0;0;0;0;0;-1;0.00000000;0.00000000;0.00000000;0.00000000;0.00000000;0.00000000;0.00000000;
72706645;11.8;31.6;0;0;0;-74.6;8.47;1.44;0;7.98;14553;0.219;0.0477;0.0001;0.5652;0.0023;179881;180115;233.492;0;101;-0.131;1.431;72706630;0.0477;0.0001;0.5651;0.0023;0.69;39.081;1.2;10.62;3.029;372.209;372.693;1;-1;0;0;0;0;0;0;0;0;0;-1;0.00000000;0.00000000;0.00000000;0.00000000;0.00000000;0.00000000;0.00000000;
72706679;11.8;31.6;0;0;0;-74.8;8.15;1.44;-0.02;7.85;14563;0.222;0.0477;0.0001;0.5653;0.0023;179930;180164;295.458;0;101;-0.134;1.457;72706645;0.0477;0.0001;0.5652;0.0023;0.69;39.08;2.55;6.86;3.011;372.258;372.743;1;-1;0;0;0;0;0;0;0;0;0;-1;0.00000000;0.00000000;0.00000000;0.00000000;0.00000000;0.00000000;0.00000000;
72706711;11.8;31.6;0;0;0;-74.8;8.4;1.51;-0.02;8.08;14675;0.219;0.0478;0.0001;0.5655;0.0023;179979;180213;353.801;0;101;-0.139;1.485;72706679;0.0477;0.0001;0.5653;0.0023;0.69;39.08;3.44;9.55;3.013;372.36;372.844;1;-1;0;0;0;0;0;0;0;0;0;-1;0.00000000;0.00000000;0.00000000;0.00000000;0.00000000;0.00000000;0.00000000;
72706744;11.8;31.6;0;0;0;-74.9;8.37;1.44;0.05;8.01;14505;0.221;0.0478;0.0001;0.5657;0.0023;180025;180259;229.532;0;101;-0.132;1.428;72706711;0.0478;0.0001;0.5655;0.0023;0.69;39.08;3.28;10.15;3.036;372.461;372.946;1;-1;0;0;0;0;0;0;0;0;0;-1;0.00000000;0.00000000;0.00000000;0.00000000;0.00000000;0.00000000;0.00000000;
72706793;11.8;31.6;0;0;0;-75.2;8.19;1.46;-0.01;7.9;14613;0.225;0.0478;0.0001;0.5658;0.0023;180081;180315;324.163;0;101;-0.136;1.472;72706745;0.0478;0.0001;0.5657;0.0023;0.69;39.08;2.93;7.21;3.001;372.556;373.041;1;-1;0;0;0;0;0;0;0;0;0;-1;0.00000000;0.00000000;0.00000000;0.00000000;0.00000000;0.00000000;0.00000000;
72706811;11.8;31.6;0;0;0;-75.1;8.71;1.54;-0.03;8.31;14612;0.215;0.0478;0.0001;0.566;0.0023;180124;180358;45.8361;0;101;-0.136;1.469;72706793;0.0478;0.0001;0.5658;0.0023;0.69;39.08;-0.15;7.7;3.024;372.67;373.155;1;-1;0;0;0;0;0;0;0;0;0;-1;0.00000000;0.00000000;0.00000000;0.00000000;0.00000000;0.00000000;0.00000000;
72706846;11.8;31.6;0;0;0;-74.6;8.15;1.41;0;7.83;14520;0.222;0.0478;0.0001;0.5662;0.0023;180174;180408;145.734;0;101;-0.131;1.438;72706811;0.0478;0.0001;0.566;0.0023;0.69;39.08;0.64;6.65;3.023;372.759;373.244;1;-1;0;0;0;0;0;0;0;0;0;-1;0.00000000;0.00000000;0.00000000;0.00000000;0.00000000;0.00000000;0.00000000;
72706866;11.8;31.6;0;0;0;-74.6;8.16;1.46;-0.1;7.83;14600;0.221;0.0478;0.0001;0.5663;0.0023;180204;180438;129.07;0;101;-0.136;1.481;72706846;0.0478;0.0001;0.5662;0.0023;0.69;39.08;-0.46;7.02;3.005;372.863;373.347;1;-1;0;0;0;0;0;0;0;0;0;-1;0.00000000;0.00000000;0.00000000;0.00000000;0.00000000;0.00000000;0.00000000;
72706898;11.8;31.6;0;0;0;-74.7;8.5;1.53;0.01;8.13;14705;0.219;0.0478;0.0001;0.5664;0.0023;180251;180485;110.448;0;101;-0.14;1.491;72706866;0.0478;0.0001;0.5663;0.0023;0.69;39.08;0.03;8.63;3.021;372.925;373.409;1;-1;0;0;0;0;0;0;0;0;0;-1;0.00000000;0.00000000;0.00000000;0.00000000;0.00000000;0.00000000;0.00000000;
72706927;11.8;31.6;0;0;0;-74.9;8.24;1.46;-0.02;7.95;14646;0.217;0.0478;0.0001;0.5666;0.0023;180294;180528;128.182;0;101;-0.135;1.455;72706899;0.0478;0.0001;0.5664;0.0023;0.69;39.08;2.79;9.05;3.042;373.024;373.508;1;-1;0;0;0;0;0;0;0;0;0;-1;0.00000000;0.00000000;0.00000000;0.00000000;0.00000000;0.00000000;0.00000000;
72706961;11.8;31.6;0;0;0;-75;8.43;1.47;0;8.03;14597;0.219;0.0479;0.0001;0.5667;0.0023;180341;180575;111.529;0;101;-0.134;1.457;72706927;0.0478;0.0001;0.5666;0.0023;0.69;39.08;0.07;8.62;3.03;373.111;373.595;1;-1;0;0;0;0;0;0;0;0;0;-1;0.00000000;0.00000000;0.00000000;0.00000000;0.00000000;0.00000000;0.00000000;
72706994;11.8;31.6;0;0;0;-75;8.29;1.46;0.1;7.95;14563;0.219;0.0479;0.0001;0.5669;0.0023;180392;180626;240.208;0;101;-0.135;1.455;72706962;0.0479;0.0001;0.5667;0.0023;0.69;39.079;2.84;8.46;3.02;373.21;373.695;1;-1;0;0;0;0;0;0;0;0;0;-1;0.00000000;0.00000000;0.00000000;0.00000000;0.00000000;0.00000000;0.00000000;
72707027;11.8;31.6;0;0;0;-74.8;8.2;1.46;0.01;7.89;14632;0.221;0.0479;0.0001;0.567;0.0023;180440;180674;247.047;0;101;-0.135;1.473;72706995;0.0479;0.0001;0.5669;0.0023;0.69;39.08;3.48;8.29;3.013;373.314;373.798;1;-1;0;0;0;0;0;0;0;0;0;-1;0.00000000;0.00000000;0.00000000;0.00000000;0.00000000;0.00000000;0.00000000;
72707061;11.8;31.6;0;0;0;-75.1;8.46;1.49;-0.04;8.11;14584;0.22;0.0479;0.0001;0.5672;0.0023;180489;180723;350.765;0;101;-0.136;1.456;72707028;0.0479;0.0001;0.567;0.0023;0.69;39.08;1.86;9.74;3.028;373.413;373.897;1;-1;0;0;0;0;0;0;0;0;0;-1;0.00000000;0.00000000;0.00000000;0.00000000;0.00000000;0.00000000;0.00000000;
72707095;11.8;31.6;0;0;0;-74.7;8.29;1.45;0.03;7.98;14530;0.223;0.0479;0.0001;0.5674;0.0023;180538;180772;40.478;0;101;-0.133;1.447;72707062;0.0479;0.0001;0.5672;0.0023;0.69;39.08;2.74;8.13;3.017;373.517;374.001;1;-1;0;0;0;0;0;0;0;0;0;-1;0.00000000;0.00000000;0.00000000;0.00000000;0.00000000;0.00000000;0.00000000;
72707117;11.8;31.6;0;0;0;-74.5;8.19;1.45;-0.18;7.82;14608;0.221;0.0479;0.0001;0.5675;0.0023;180570;180804;120.636;0;101;-0.134;1.48;72707095;0.0479;0.0001;0.5674;0.0023;0.69;39.08;0.76;6.86;3.007;373.616;374.1;1;-1;0;0;0;0;0;0;0;0;0;-1;0.00000000;0.00000000;0.00000000;0.00000000;0.00000000;0.00000000;0.00000000;
72707145;11.8;31.6;0;0;0;-74.4;8.31;1.51;0.08;8;14740;0.221;0.0479;0.0001;0.5676;0.0023;180613;180847;188.919;0;101;-0.141;1.499;72707117;0.0479;0.0001;0.5675;0.0023;0.69;39.08;2.81;9.37;3.022;373.682;374.167;1;-1;0;0;0;0;0;0;0;0;0;-1;0.00000000;0.00000000;0.00000000;0.00000000;0.00000000;0.00000000;0.00000000;
72707196;11.8;31.6;0;0;0;-74.6;7.34;1.24;-0.04;6.93;14420;0.196;0.048;0.0001;0.5678;0.0023;180685;180919;188.115;0;101;-0.13;1.414;72707146;0.0479;0.0001;0.5676;0.0023;0.69;39.08;0.85;9.86;3.05;373.771;374.255;1;-1;0;0;0;0;0;0;0;0;0;-1;0.00000000;0.00000000;0.00000000;0.00000000;0.00000000;0.00000000;0.00000000;
72707233;11.8;31.6;0;0;0;-75;4.33;0.56;-0.05;3.44;14246;0.213;0.048;0.0001;0.5679;0.0023;180723;180957;305.407;0;101;-0.109;1.349;72707197;0.048;0.0001;0.5678;0.0023;0.69;39.082;0.27;6.95;2.983;373.92;374.404;1;-1;0;0;0;0;0;0;0;0;0;-1;0.00000000;0.00000000;0.00000000;0.00000000;0.00000000;0.00000000;0.00000000;
72707267;11.8;31.6;0;0;0;-75.1;5.17;0.77;0.01;4.54;14181;0.195;0.048;0.0001;0.568;0.0023;180773;181007;87.9059;0;101;-0.112;1.386;72707233;0.048;0.0001;0.5679;0.0023;0.69;39.085;1.95;6.07;2.948;373.999;374.483;1;-1;0;0;0;0;0;0;0;0;0;-1;0.00000000;0.00000000;0.00000000;0.00000000;0.00000000;0.00000000;0.00000000;
72707297;11.8;31.6;0;0;0;-75.1;4.41;0.61;-0.01;3.72;14066;0.201;0.048;0.0001;0.568;0.0023;180813;181047;357.234;0;101;-0.109;1.35;72707268;0.048;0.0001;0.568;0.0023;0.69;39.089;-0.63;3.67;2.934;374.102;374.587;1;-1;0;0;0;0;0;0;0;0;0;-1;0.00000000;0.00000000;0.00000000;0.00000000;0.00000000;0.00000000;0.00000000;
72707327;11.8;31.6;0;0;0;-75.2;4.91;0.71;0.01;4.49;13704;0.183;0.048;0.0001;0.5681;0.0023;180853;181087;189.402;0;101;-0.105;1.286;72707297;0.048;0.0001;0.568;0.0023;0.69;39.093;2.35;6.19;2.91;374.187;374.671;1;-1;0;0;0;0;0;0;0;0;0;-1;0.00000000;0.00000000;0.00000000;0.00000000;0.00000000;0.00000000;0.00000000;
72707358;11.8;31.6;0;0;0;-75.2;4.46;0.61;0.06;3.82;13598;0.195;0.048;0.0001;0.5682;0.0023;180894;181128;150.355;0;101;-0.103;1.31;72707327;0.048;0.0001;0.5681;0.0023;0.69;39.097;0.12;6.62;2.835;374.268;374.752;1;-1;0;0;0;0;0;0;0;0;0;-1;0.00000000;0.00000000;0.00000000;0.00000000;0.00000000;0.00000000;0.00000000;
72707392;11.8;31.6;0;0;0;-75.3;4.57;0.61;-0.08;4.06;13219;0.192;0.048;0.0001;0.5682;0.0023;180935;181169;100.59;0;101;-0.097;1.235;72707358;0.048;0.0001;0.5682;0.0023;0.69;39.101;-0.43;4;2.814;374.353;374.837;1;-1;0;0;0;0;0;0;0;0;0;-1;0.00000000;0.00000000;0.00000000;0.00000000;0.00000000;0.00000000;0.00000000;
72707425;11.8;31.6;0;0;0;-74.9;4.69;0.64;0.04;4.25;12968;0.182;0.048;0.0001;0.5683;0.0023;180974;181208;285.208;0;101;-0.097;1.233;72707392;0.048;0.0001;0.5682;0.0023;0.69;39.105;-0.29;2.04;2.735;374.438;374.922;1;-1;0;0;0;0;0;0;0;0;0;-1;0.00000000;0.00000000;0.00000000;0.00000000;0.00000000;0.00000000;0.00000000;
72707458;11.8;31.6;0;0;0;-75.1;4.43;0.59;-0.05;3.93;12770;0.181;0.048;0.0001;0.5684;0.0023;181015;181249;239.006;0;101;-0.092;1.219;72707426;0.048;0.0001;0.5683;0.0023;0.69;39.109;0.25;3.35;2.683;374.518;375.003;1;-1;0;0;0;0;0;0;0;0;0;-1;0.00000000;0.00000000;0.00000000;0.00000000;0.00000000;0.00000000;0.00000000;
72707491;11.8;31.6;0;0;0;-75.2;4.45;0.57;-0.06;4;12406;0.18;0.048;0.0001;0.5684;0.0023;181056;181291;180.956;0;101;-0.085;1.163;72707459;0.048;0.0001;0.5684;0.0023;0.69;39.114;2.06;6.13;2.642;374.605;375.089;1;-1;0;0;0;0;0;0;0;0;0;-1;0.00000000;0.00000000;0.00000000;0.00000000;0.00000000;0.00000000;0.00000000;
72707525;11.8;31.6;0;0;0;-74.9;4.69;0.63;0;4.35;12257;0.168;0.048;0.0001;0.5685;0.0023;181095;181329;316.281;0;101;-0.088;1.182;72707492;0.048;0.0001;0.5684;0.0023;0.691;39.119;1.89;4.59;2.566;374.69;375.174;1;-1;0;0;0;0;0;0;0;0;0;-1;0.00000000;0.00000000;0.00000000;0.00000000;0.00000000;0.00000000;0.00000000;
72707558;11.8;31.6;0;0;0;-75;4.3;0.52;0.05;3.81;11900;0.179;0.048;0.0001;0.5685;0.0023;181134;181368;149.808;0;101;-0.079;1.114;72707526;0.048;0.0001;0.5685;0.0023;0.691;39.123;-0.27;4.68;2.536;374.769;375.253;1;-1;0;0;0;0;0;0;0;0;0;-1;0.00000000;0.00000000;0.00000000;0.00000000;0.00000000;0.00000000;0.00000000;
72707592;11.8;31.6;0;0;0;-74.8;4.77;0.6;-0.08;4.43;11588;0.156;0.048;0.0001;0.5686;0.0023;181172;181406;249.195;0;101;-0.079;1.101;72707559;0.048;0.0001;0.5685;0.0023;0.691;39.128;-0.08;3.26;2.463;374.849;375.334;1;-1;0;0;0;0;0;0;0;0;0;-1;0.00000000;0.00000000;0.00000000;0.00000000;0.00000000;0.00000000;0.00000000;
72707625;11.8;31.6;0;0;0;-75.4;4.23;0.52;0.07;3.88;11456;0.163;0.048;0.0001;0.5687;0.0023;181207;181441;197.967;0;101;-0.076;1.102;72707592;0.048;0.0001;0.5686;0.0023;0.691;39.132;1.1;5.72;2.397;374.928;375.412;1;-1;0;0;0;0;0;0;0;0;0;-1;0.00000000;0.00000000;0.00000000;0.00000000;0.00000000;0.00000000;0.00000000;
72707659;11.8;31.7;0;0;0;-75.3;4.59;0.55;-0.09;4.22;11137;0.152;0.048;0.0001;0.5687;0.0023;181243;181477;184.539;0;101;-0.071;1.053;72707625;0.048;0.0001;0.5687;0.0023;0.691;39.137;-0.23;5.47;2.37;375;375.485;1;-1;0;0;0;0;0;0;0;0;0;-1;0.00000000;0.00000000;0.00000000;0.00000000;0.00000000;0.00000000;0.00000000;
72707693;11.8;31.7;0;0;0;-75.5;4.3;0.51;0.01;3.91;11025;0.157;0.048;0.0001;0.5688;0.0023;181280;181514;293.651;0;101;-0.072;1.066;72707660;0.048;0.0001;0.5687;0.0023;0.691;39.141;1.19;5.56;2.304;375.075;375.559;1;-1;0;0;0;0;0;0;0;0;0;-1;0.00000000;0.00000000;0.00000000;0.00000000;0.00000000;0.00000000;0.00000000;
72707728;11.8;31.7;0;0;0;-75.2;4.4;0.49;0.04;4.03;10628;0.159;0.048;0.0001;0.5688;0.0023;181314;181548;155.855;0;101;-0.064;0.989;72707693;0.048;0.0001;0.5688;0.0023;0.691;39.147;1.55;6;2.28;375.154;375.638;1;-1;0;0;0;0;0;0;0;0;0;-1;0.00000000;0.00000000;0.00000000;0.00000000;0.00000000;0.00000000;0.00000000;
72707745;11.8;31.7;0;0;0;-75;4.46;0.52;-0.08;4.11;10577;0.152;0.048;0.0001;0.5689;0.0023;181348;181582;53.9166;0;101;-0.067;1.038;72707728;0.048;0.0001;0.5688;0.0023;0.691;39.151;-0.46;2.32;2.199;375.222;375.706;1;-1;0;0;0;0;0;0;0;0;0;-1;0.00000000;0.00000000;0.00000000;0.00000000;0.00000000;0.00000000;0.00000000;
72707793;11.8;31.7;0;0;0;-75;4.57;0.51;-0.03;4.33;10237;0.138;0.0481;0.0001;0.569;0.0023;181378;181612;7.40424;0;101;-0.061;0.958;72707746;0.048;0.0001;0.5689;0.0023;0.691;39.156;1.08;4.21;2.188;375.294;375.779;1;-1;0;0;0;0;0;0;0;0;0;-1;0.00000000;0.00000000;0.00000000;0.00000000;0.00000000;0.00000000;0.00000000;
72707826;11.8;31.7;0;0;0;-75.1;4.18;0.45;0.09;3.83;10058;0.149;0.0481;0.0001;0.569;0.0023;181412;181646;279.284;0;101;-0.061;0.964;72707794;0.0481;0.0001;0.569;0.0023;0.691;39.161;0.6;5.75;2.117;375.354;375.839;1;-1;0;0;0;0;0;0;0;0;0;-1;0.00000000;0.00000000;0.00000000;0.00000000;0.00000000;0.00000000;0.00000000;
72707846;11.8;31.7;0;0;0;-75.5;4.41;0.47;-0.04;4.11;9809;0.144;0.0481;0.0001;0.5691;0.0023;181445;181679;97.0449;0;101;-0.056;0.936;72707827;0.0481;0.0001;0.569;0.0023;0.691;39.166;0.2;2.92;2.081;375.425;375.909;1;-1;0;0;0;0;0;0;0;0;0;-1;0.00000000;0.00000000;0.00000000;0.00000000;0.00000000;0.00000000;0.00000000;
72707866;11.8;31.7;0;0;0;-75.8;4.2;0.45;0.05;3.86;9777;0.147;0.0481;0.0001;0.5691;0.0023;181464;181698;161.283;0;101;-0.06;0.956;72707846;0.0481;0.0001;0.5691;0.0023;0.691;39.171;-0.16;2.2;2.029;375.493;375.977;1;-1;0;0;0;0;0;0;0;0;0;-1;0.00000000;0.00000000;0.00000000;0.00000000;0.00000000;0.00000000;0.00000000;
72707897;11.8;31.7;0;0;0;-75.5;4.5;0.49;-0.08;4.29;9593;0.133;0.0481;0.0001;0.5691;0.0023;181493;181727;73.3667;0;101;-0.055;0.922;72707866;0.0481;0.0001;0.5691;0.0023;0.692;39.174;0.13;2.26;2.023;375.532;376.017;1;-1;0;0;0;0;0;0;0;0;0;-1;0.00000000;0.00000000;0.00000000;0.00000000;0.00000000;0.00000000;0.00000000;
72707928;11.8;31.7;0;0;0;-75.5;4.2;0.43;0.06;3.91;9385;0.138;0.0481;0.0001;0.5692;0.0023;181521;181755;316.878;0;101;-0.054;0.893;72707897;0.0481;0.0001;0.5691;0.0023;0.692;39.178;0.27;5.88;1.984;375.592;376.077;1;-1;0;0;0;0;0;0;0;0;0;-1;0.00000000;0.00000000;0.00000000;0.00000000;0.00000000;0.00000000;0.00000000;
72707961;11.8;31.7;0;0;0;-75;4.43;0.46;-0.07;4.15;9250;0.129;0.0481;0.0001;0.5692;0.0023;181551;181785;359.39;0;101;-0.053;0.9;72707929;0.0481;0.0001;0.5692;0.0023;0.692;39.182;-0.14;4.76;1.942;375.65;376.135;1;-1;0;0;0;0;0;0;0;0;0;-1;0.00000000;0.00000000;0.00000000;0.00000000;0.00000000;0.00000000;0.00000000;
72707996;11.8;31.7;0;0;0;-75;4.17;0.42;0.09;3.86;9134;0.139;0.0481;0.0001;0.5693;0.0023;181582;181816;35.0686;0;101;-0.052;0.886;72707962;0.0481;0.0001;0.5692;0.0023;0.692;39.187;0.99;5.66;1.913;375.714;376.199;1;-1;0;0;0;0;0;0;0;0;0;-1;0.00000000;0.00000000;0.00000000;0.00000000;0.00000000;0.00000000;0.00000000;
72708030;11.8;31.7;0;0;0;-75.2;4.45;0.46;-0.03;4.22;8986;0.129;0.0481;0.0001;0.5693;0.0023;181612;181846;19.2447;0;101;-0.048;0.874;72707997;0.0481;0.0001;0.5693;0.0023;0.692;39.192;-0.02;2.37;1.89;375.777;376.261;1;-1;0;0;0;0;0;0;0;0;0;-1;0.00000000;0.00000000;0.00000000;0.00000000;0.00000000;0.00000000;0.00000000;
72708060;11.8;31.7;0;0;0;-75.2;4.38;0.42;-0.02;4.13;8738;0.122;0.0481;0.0001;0.5694;0.0023;181637;181871;72.1869;0;101;-0.044;0.829;72708030;0.0481;0.0001;0.5693;0.0023;0.692;39.197;-0.08;4.87;1.859;375.839;376.323;1;-1;0;0;0;0;0;0;0;0;0;-1;0.00000000;0.00000000;0.00000000;0.00000000;0.00000000;0.00000000;0.00000000;
72708094;11.8;31.7;0;0;0;-75.1;4.16;0.4;0.01;3.83;8636;0.131;0.0481;0.0001;0.5694;0.0023;181666;181900;44.2339;0;101;-0.047;0.842;72708061;0.0481;0.0001;0.5694;0.0023;0.692;39.202;0.25;5.64;1.808;375.89;376.375;1;-1;0;0;0;0;0;0;0;0;0;-1;0.00000000;0.00000000;0.00000000;0.00000000;0.00000000;0.00000000;0.00000000;
72708127;11.8;31.7;0;0;0;-75.2;4.34;0.42;-0.02;4.1;8519;0.128;0.0481;0.0001;0.5695;0.0023;181693;181927;214.186;0;101;-0.043;0.83;72708095;0.0481;0.0001;0.5694;0.0023;0.692;39.207;0.26;2.44;1.787;375.95;376.435;1;-1;0;0;0;0;0;0;0;0;0;-1;0.00000000;0.00000000;0.00000000;0.00000000;0.00000000;0.00000000;0.00000000;
72708146;11.8;31.7;0;0;0;-75;4.19;0.4;0.01;3.92;8476;0.128;0.0481;0.0001;0.5695;0.0023;181709;181943;102.176;0;101;-0.045;0.83;72708128;0.0481;0.0001;0.5695;0.0023;0.692;39.212;0.13;2.5;1.763;376.006;376.491;1;-1;0;0;0;0;0;0;0;0;0;-1;0.00000000;0.00000000;0.00000000;0.00000000;0.00000000;0.00000000;0.00000000;
72708177;11.8;31.7;0;0;0;-75;4.38;0.42;0;4.14;8367;0.124;0.0481;0.0001;0.5695;0.0023;181734;181968;159.537;0;101;-0.043;0.817;72708147;0.0481;0.0001;0.5695;0.0023;0.692;39.215;0.39;3.02;1.754;376.039;376.524;1;-1;0;0;0;0;0;0;0;0;0;-1;0.00000000;0.00000000;0.00000000;0.00000000;0.00000000;0.00000000;0.00000000;
72708212;11.8;31.7;0;0;0;-74.8;4.27;0.39;0.01;4.06;8146;0.12;0.0481;0.0001;0.5696;0.0023;181762;181996;20.603;0;101;-0.038;0.784;72708178;0.0481;0.0001;0.5695;0.0023;0.692;39.219;0.1;2.47;1.731;376.091;376.575;1;-1;0;0;0;0;0;0;0;0;0;-1;0.00000000;0.00000000;0.00000000;0.00000000;0.00000000;0.00000000;0.00000000;
72708245;11.8;31.7;0;0;0;-75.2;4.23;0.39;-0.06;3.94;8140;0.122;0.0481;0.0001;0.5696;0.0023;181789;182023;230.643;0;101;-0.042;0.809;72708212;0.0481;0.0001;0.5696;0.0023;0.692;39.224;-0.05;4.6;1.686;376.149;376.633;1;-1;0;0;0;0;0;0;0;0;0;-1;0.00000000;0.00000000;0.00000000;0.00000000;0.00000000;0.00000000;0.00000000;
72708278;11.8;31.7;0;0;0;-75.1;4.48;0.39;-0.02;4.26;7840;0.11;0.0481;0.0001;0.5697;0.0023;181813;182047;236.093;0;101;-0.034;0.746;72708245;0.0481;0.0001;0.5696;0.0023;0.692;39.229;0.64;3.94;1.684;376.205;376.689;1;-1;0;0;0;0;0;0;0;0;0;-1;0.00000000;0.00000000;0.00000000;0.00000000;0.00000000;0.00000000;0.00000000;
72708310;11.8;31.7;0;0;0;-74.8;3.99;0.36;0.09;3.72;7858;0.123;0.0481;0.0001;0.5697;0.0023;181839;182073;339.381;0;101;-0.041;0.782;72708279;0.0481;0.0001;0.5697;0.0023;0.693;39.233;0.87;4.98;1.622;376.257;376.741;1;-1;0;0;0;0;0;0;0;0;0;-1;0.00000000;0.00000000;0.00000000;0.00000000;0.00000000;0.00000000;0.00000000;
72708346;11.8;31.7;0;0;0;-75;4.4;0.41;0;4.21;7826;0.115;0.0481;0.0001;0.5698;0.0023;181867;182101;202.697;0;101;-0.04;0.78;72708311;0.0481;0.0001;0.5697;0.0023;0.693;39.238;0.46;3.04;1.626;376.308;376.793;1;-1;0;0;0;0;0;0;0;0;0;-1;0.00000000;0.00000000;0.00000000;0.00000000;0.00000000;0.00000000;0.00000000;
72708376;11.8;31.7;0;0;0;-75.1;4.42;0.37;0;4.13;7663;0.111;0.0481;0.0001;0.5698;0.0023;181882;182116;34.5448;0;101;-0.033;0.729;72708347;0.0481;0.0001;0.5698;0.0023;0.693;39.242;0.03;4.48;1.619;376.366;376.851;1;-1;0;0;0;0;0;0;0;0;0;-1;0.00000000;0.00000000;0.00000000;0.00000000;0.00000000;0.00000000;0.00000000;
72708417;11.8;31.7;0;0;0;-75.4;4.12;0.35;0;3.91;7503;0.116;0.0481;0.0001;0.5698;0.0023;181918;182152;19.1923;0;101;-0.035;0.733;72708376;0.0481;0.0001;0.5698;0.0023;0.693;39.244;0.07;2.62;1.585;376.397;376.882;1;-1;0;0;0;0;0;0;0;0;0;-1;0.00000000;0.00000000;0.00000000;0.00000000;0.00000000;0.00000000;0.00000000;
72708451;11.8;31.7;0;0;0;-75.5;4.53;0.38;-0.03;4.24;7386;0.109;0.0481;0.0001;0.5699;0.0023;181936;182170;36.7289;0;101;-0.033;0.723;72708417;0.0481;0.0001;0.5698;0.0023;0.693;39.249;-0.05;4.56;1.552;376.472;376.956;1;-1;0;0;0;0;0;0;0;0;0;-1;0.00000000;0.00000000;0.00000000;0.00000000;0.00000000;0.00000000;0.00000000;
72708482;11.8;31.7;0;0;0;-75.6;4.06;0.34;-0.06;3.87;7311;0.111;0.0481;0.0001;0.5699;0.0023;181959;182193;308.501;0;101;-0.032;0.719;72708451;0.0481;0.0001;0.5699;0.0023;0.693;39.251;0.2;2.35;1.528;376.509;376.993;1;-1;0;0;0;0;0;0;0;0;0;-1;0.00000000;0.00000000;0.00000000;0.00000000;0.00000000;0.00000000;0.00000000;
72708514;11.8;31.7;0;0;0;-75.6;4.31;0.37;0.04;4.06;7295;0.111;0.0481;0.0001;0.5699;0.0023;181982;182216;264.39;0;101;-0.034;0.731;72708482;0.0481;0.0001;0.5699;0.0023;0.693;39.253;0.42;5.66;1.512;376.557;377.041;1;-1;0;0;0;0;0;0;0;0;0;-1;0.00000000;0.00000000;0.00000000;0.00000000;0.00000000;0.00000000;0.00000000;
72708547;11.8;31.7;0;0;0;-75.2;4.35;0.36;-0.02;4.16;7150;0.102;0.0481;0.0001;0.57;0.0023;182005;182239;190.719;0;101;-0.031;0.702;72708514;0.0481;0.0001;0.5699;0.0023;0.693;39.255;-0.02;4;1.509;376.604;377.089;1;-1;0;0;0;0;0;0;0;0;0;-1;0.00000000;0.00000000;0.00000000;0.00000000;0.00000000;0.00000000;0.00000000;
72708579;11.8;31.7;0;0;0;-74.7;4.2;0.32;0;3.9;6966;0.107;0.0481;0.0001;0.57;0.0023;182025;182259;345.123;0;101;-0.031;0.672;72708547;0.0481;0.0001;0.57;0.0023;0.693;39.257;0.29;5.73;1.479;376.652;377.136;1;-1;0;0;0;0;0;0;0;0;0;-1;0.00000000;0.00000000;0.00000000;0.00000000;0.00000000;0.00000000;0.00000000;
72708609;11.8;31.7;0;0;0;-74.7;4.11;0.35;0;3.89;7048;0.111;0.0481;0.0001;0.5701;0.0023;182047;182281;221.586;0;101;-0.033;0.72;72708580;0.0481;0.0001;0.57;0.0023;0.693;39.258;0.29;2.51;1.441;376.693;377.178;1;-1;0;0;0;0;0;0;0;0;0;-1;0.00000000;0.00000000;0.00000000;0.00000000;0.00000000;0.00000000;0.00000000;
72708642;11.8;31.7;0;0;0;-74.9;4.58;0.36;0;4.37;6817;0.097;0.0481;0.0001;0.5701;0.0023;182068;182302;40.0676;0;101;-0.028;0.663;72708609;0.0481;0.0001;0.5701;0.0023;0.693;39.259;0.16;2.72;1.458;376.739;377.223;1;-1;0;0;0;0;0;0;0;0;0;-1;0.00000000;0.00000000;0.00000000;0.00000000;0.00000000;0.00000000;0.00000000;
72708675;11.8;31.7;0;0;0;-74.8;3.89;0.3;0.05;3.67;6741;0.11;0.0482;0.0001;0.5701;0.0023;182089;182323;211.698;0;101;-0.031;0.663;72708642;0.0481;0.0001;0.5701;0.0023;0.693;39.258;0.2;2.57;1.41;376.782;377.267;1;-1;0;0;0;0;0;0;0;0;0;-1;0.00000000;0.00000000;0.00000000;0.00000000;0.00000000;0.00000000;0.00000000;
72708708;11.8;31.7;0;0;0;-74.8;4.24;0.35;0;4.02;6860;0.109;0.0482;0.0001;0.5702;0.0023;182112;182346;150;0;101;-0.033;0.708;72708675;0.0482;0.0001;0.5701;0.0023;0.693;39.256;0.03;2.63;1.395;376.826;377.31;1;-1;0;0;0;0;0;0;0;0;0;-1;0.00000000;0.00000000;0.00000000;0.00000000;0.00000000;0.00000000;0.00000000;
72708741;11.8;31.7;0;0;0;-74.7;4.46;0.35;-0.06;4.28;6698;0.096;0.0482;0.0001;0.5702;0.0023;182133;182367;314.333;0;101;-0.028;0.657;72708709;0.0482;0.0001;0.5702;0.0023;0.693;39.254;0.05;3.41;1.419;376.873;377.358;1;-1;0;0;0;0;0;0;0;0;0;-1;0.00000000;0.00000000;0.00000000;0.00000000;0.00000000;0.00000000;0.00000000;
72708775;11.8;31.7;0;0;0;-74.7;4.15;0.31;0.03;3.92;6539;0.101;0.0482;0.0001;0.5702;0.0023;182154;182388;146.195;0;101;-0.028;0.638;72708742;0.0482;0.0001;0.5702;0.0023;0.693;39.251;0.23;5.17;1.385;376.917;377.401;1;-1;0;0;0;0;0;0;0;0;0;-1;0.00000000;0.00000000;0.00000000;0.00000000;0.00000000;0.00000000;0.00000000;
72708809;11.8;31.7;0;0;0;-74.9;4.12;0.32;-0.02;3.87;6555;0.105;0.0482;0.0001;0.5703;0.0023;182176;182410;47.4357;0;101;-0.029;0.664;72708776;0.0482;0.0001;0.5702;0.0023;0.693;39.248;0.03;3.27;1.353;376.96;377.445;1;-1;0;0;0;0;0;0;0;0;0;-1;0.00000000;0.00000000;0.00000000;0.00000000;0.00000000;0.00000000;0.00000000;
72708843;11.8;31.7;0;0;0;-74.7;4.46;0.34;0.05;4.28;6424;0.095;0.0482;0.0001;0.5703;0.0023;182197;182431;208.782;0;101;-0.029;0.638;72708809;0.0482;0.0001;0.5703;0.0023;0.693;39.243;0.53;3.64;1.356;377.006;377.49;1;-1;0;0;0;0;0;0;0;0;0;-1;0.00000000;0.00000000;0.00000000;0.00000000;0.00000000;0.00000000;0.00000000;
72708876;11.8;31.7;0;0;0;-74.7;4.02;0.3;-0.02;3.84;6373;0.1;0.0482;0.0001;0.5703;0.0023;182218;182452;16.0242;0;101;-0.027;0.635;72708843;0.0482;0.0001;0.5703;0.0023;0.693;39.239;0.11;2.93;1.329;377.049;377.534;1;-1;0;0;0;0;0;0;0;0;0;-1;0.00000000;0.00000000;0.00000000;0.00000000;0.00000000;0.00000000;0.00000000;
72708909;11.8;31.7;0;0;0;-74.6;4.21;0.33;0;4;6430;0.1;0.0482;0.0001;0.5704;0.0023;182240;182474;261.318;0;101;-0.029;0.659;72708876;0.0482;0.0001;0.5703;0.0023;0.693;39.234;0.01;4.42;1.319;377.093;377.577;1;-1;0;0;0;0;0;0;0;0;0;-1;0.00000000;0.00000000;0.00000000;0.00000000;0.00000000;0.00000000;0.00000000;
72708943;11.8;31.7;0;0;0;-74.6;4.39;0.32;0;4.15;6303;0.095;0.0482;0.0001;0.5704;0.0023;182260;182494;35.2689;0;101;-0.027;0.626;72708909;0.0482;0.0001;0.5704;0.0023;0.692;39.229;0.02;4.36;1.33;377.138;377.623;1;-1;0;0;0;0;0;0;0;0;0;-1;0.00000000;0.00000000;0.00000000;0.00000000;0.00000000;0.00000000;0.00000000;
72708962;11.8;31.7;0;0;0;-74.8;4.17;0.3;-0.05;4.02;6148;0.092;0.0482;0.0001;0.5704;0.0023;182280;182514;125.639;0;101;-0.025;0.603;72708944;0.0482;0.0001;0.5704;0.0023;0.692;39.224;0.11;2.63;1.304;377.18;377.664;1;-1;0;0;0;0;0;0;0;0;0;-1;0.00000000;0.00000000;0.00000000;0.00000000;0.00000000;0.00000000;0.00000000;
72708994;11.8;31.7;0;0;0;-74.7;4.06;0.3;0;3.84;6151;0.097;0.0482;0.0001;0.5705;0.0023;182300;182534;240.439;0;101;-0.028;0.623;72708962;0.0482;0.0001;0.5704;0.0023;0.692;39.218;0.39;5.28;1.272;377.221;377.705;1;-1;0;0;0;0;0;0;0;0;0;-1;0.00000000;0.00000000;0.00000000;0.00000000;0.00000000;0.00000000;0.00000000;
72709028;11.8;31.7;0;0;0;-75.2;4.36;0.33;0;4.18;6175;0.091;0.0482;0.0001;0.5705;0.0023;182321;182555;73.0407;0;101;-0.026;0.634;72708995;0.0482;0.0001;0.5705;0.0023;0.692;39.213;0.56;5.3;1.273;377.262;377.747;1;-1;0;0;0;0;0;0;0;0;0;-1;0.00000000;0.00000000;0.00000000;0.00000000;0.00000000;0.00000000;0.00000000;
72709062;11.8;31.8;0;0;0;-75.4;4.18;0.28;0.04;3.93;5991;0.095;0.0482;0.0001;0.5705;0.0023;182340;182574;156.286;0;101;-0.025;0.584;72709028;0.0482;0.0001;0.5705;0.0023;0.692;39.207;0.3;5.91;1.277;377.306;377.79;1;-1;0;0;0;0;0;0;0;0;0;-1;0.00000000;0.00000000;0.00000000;0.00000000;0.00000000;0.00000000;0.00000000;
72709092;11.8;31.8;0;0;0;-75.8;4.08;0.3;-0.03;3.95;6020;0.095;0.0482;0.0001;0.5706;0.0023;182354;182588;251.421;0;101;-0.027;0.618;72709063;0.0482;0.0001;0.5705;0.0023;0.692;39.202;0.19;2.49;1.24;377.345;377.829;1;-1;0;0;0;0;0;0;0;0;0;-1;0.00000000;0.00000000;0.00000000;0.00000000;0.00000000;0.00000000;0.00000000;
72709131;11.8;31.8;0;0;0;-76.1;4.2;0.31;-0.03;3.97;6090;0.095;0.0482;0.0001;0.5706;0.0023;182381;182615;115.786;0;101;-0.026;0.627;72709093;0.0482;0.0001;0.5706;0.0023;0.692;39.198;0.19;5.22;1.245;377.374;377.858;1;-1;0;0;0;0;0;0;0;0;0;-1;0.00000000;0.00000000;0.00000000;0.00000000;0.00000000;0.00000000;0.00000000;
72709146;11.8;31.8;0;0;0;-76.1;4.41;0.32;0.12;4.19;6071;0.093;0.0482;0.0001;0.5706;0.0023;182391;182625;337.097;0;101;-0.026;0.614;72709132;0.0482;0.0001;0.5706;0.0023;0.692;39.191;0.56;4.95;1.26;377.432;377.916;1;-1;0;0;0;0;0;0;0;0;0;-1;0.00000000;0.00000000;0.00000000;0.00000000;0.00000000;0.00000000;0.00000000;
72709178;11.8;31.7;0;0;0;-75.7;4.23;0.29;-0.03;4.05;5914;0.09;0.0482;0.0001;0.5707;0.0023;182409;182643;349.096;0;101;-0.023;0.581;72709147;0.0482;0.0001;0.5706;0.0023;0.692;39.188;0.21;3.07;1.256;377.451;377.935;1;-1;0;0;0;0;0;0;0;0;0;-1;0.00000000;0.00000000;0.00000000;0.00000000;0.00000000;0.00000000;0.00000000;
72709212;11.8;31.7;0;0;0;-75.4;4.14;0.29;0.04;3.98;5859;0.092;0.0482;0.0001;0.5707;0.0023;182429;182663;79.8329;0;101;-0.025;0.59;72709179;0.0482;0.0001;0.5707;0.0023;0.692;39.183;0.45;4.36;1.223;377.488;377.972;1;-1;0;0;0;0;0;0;0;0;0;-1;0.00000000;0.00000000;0.00000000;0.00000000;0.00000000;0.00000000;0.00000000;
72709244;11.8;31.7;0;0;0;-75.1;4.23;0.3;-0.03;4;5875;0.092;0.0482;0.0001;0.5707;0.0023;182447;182681;100.325;0;101;-0.025;0.603;72709212;0.0482;0.0001;0.5707;0.0023;0.692;39.178;0.01;4.42;1.212;377.529;378.014;1;-1;0;0;0;0;0;0;0;0;0;-1;0.00000000;0.00000000;0.00000000;0.00000000;0.00000000;0.00000000;0.00000000;
72709279;11.8;31.7;0;0;0;-74.8;4.2;0.28;0.01;4.02;5735;0.091;0.0482;0.0001;0.5708;0.0023;182467;182701;213.03;0;101;-0.023;0.569;72709244;0.0482;0.0001;0.5707;0.0023;0.691;39.173;0.38;3.56;1.215;377.567;378.051;1;-1;0;0;0;0;0;0;0;0;0;-1;0.00000000;0.00000000;0.00000000;0.00000000;0.00000000;0.00000000;0.00000000;
72709310;11.8;31.7;0;0;0;-74.6;4.06;0.29;-0.04;3.9;5800;0.093;0.0482;0.0001;0.5708;0.0023;182486;182720;240.915;0;101;-0.025;0.601;72709279;0.0482;0.0001;0.5708;0.0023;0.691;39.168;0.11;2.73;1.187;377.608;378.092;1;-1;0;0;0;0;0;0;0;0;0;-1;0.00000000;0.00000000;0.00000000;0.00000000;0.00000000;0.00000000;0.00000000;
72709351;11.8;31.8;0;0;0;-74.7;4.29;0.31;0.05;4.09;5869;0.09;0.0482;0.0001;0.5708;0.0023;182509;182743;210.243;0;101;-0.026;0.609;72709311;0.0482;0.0001;0.5708;0.0023;0.691;39.163;0.5;5.32;1.2;377.647;378.132;1;-1;0;0;0;0;0;0;0;0;0;-1;0.00000000;0.00000000;0.00000000;0.00000000;0.00000000;0.00000000;0.00000000;
72709366;11.8;31.8;0;0;0;-74.7;4.38;0.29;-0.09;4.18;5749;0.086;0.0482;0.0001;0.5709;0.0023;182518;182752;41.6826;0;101;-0.021;0.553;72709351;0.0482;0.0001;0.5708;0.0023;0.691;39.158;0.16;3.74;1.214;377.695;378.179;1;-1;0;0;0;0;0;0;0;0;0;-1;0.00000000;0.00000000;0.00000000;0.00000000;0.00000000;0.00000000;0.00000000;
72709396;11.8;31.7;0;0;0;-74.8;4.14;0.27;0.03;3.99;5611;0.087;0.0482;0.0001;0.5709;0.0023;182534;182768;263.062;0;101;-0.023;0.552;72709368;0.0482;0.0001;0.5709;0.0023;0.691;39.155;0.25;2.98;1.189;377.714;378.198;1;-1;0;0;0;0;0;0;0;0;0;-1;0.00000000;0.00000000;0.00000000;0.00000000;0.00000000;0.00000000;0.00000000;
72709427;11.8;31.7;0;0;0;-74.8;4.06;0.27;-0.05;3.88;5589;0.089;0.0482;0.0001;0.5709;0.0023;182551;182785;231.307;0;101;-0.025;0.568;72709396;0.0482;0.0001;0.5709;0.0023;0.691;39.151;0.1;3.02;1.161;377.747;378.231;1;-1;0;0;0;0;0;0;0;0;0;-1;0.00000000;0.00000000;0.00000000;0.00000000;0.00000000;0.00000000;0.00000000;
72709461;11.8;31.8;0;0;0;-74.6;4.16;0.29;0.05;3.98;5668;0.092;0.0482;0.0001;0.5709;0.0023;182571;182805;328.909;0;101;-0.025;0.59;72709428;0.0482;0.0001;0.5709;0.0023;0.691;39.146;0.51;4.65;1.156;377.782;378.266;1;-1;0;0;0;0;0;0;0;0;0;-1;0.00000000;0.00000000;0.00000000;0.00000000;0.00000000;0.00000000;0.00000000;
72709493;11.8;31.8;0;0;0;-74.7;4.3;0.29;0;4.11;5567;0.087;0.0482;0.0001;0.571;0.0023;182589;182823;332.734;0;101;-0.022;0.561;72709462;0.0482;0.0001;0.5709;0.0023;0.691;39.142;0.17;3.52;1.173;377.823;378.307;1;-1;0;0;0;0;0;0;0;0;0;-1;0.00000000;0.00000000;0.00000000;0.00000000;0.00000000;0.00000000;0.00000000;
72709527;11.8;31.8;0;0;0;-74.6;4.08;0.28;0;3.9;5617;0.091;0.0482;0.0001;0.571;0.0023;182608;182842;26.5853;0;101;-0.024;0.582;72709495;0.0482;0.0001;0.571;0.0023;0.691;39.137;0.17;2.85;1.152;377.86;378.345;1;-1;0;0;0;0;0;0;0;0;0;-1;0.00000000;0.00000000;0.00000000;0.00000000;0.00000000;0.00000000;0.00000000;
72709561;11.8;31.8;0;0;0;-74.5;4.18;0.29;-0.05;3.98;5641;0.09;0.0482;0.0001;0.571;0.0023;182627;182861;108.506;0;101;-0.024;0.581;72709528;0.0482;0.0001;0.571;0.0023;0.691;39.133;0.13;3.39;1.162;377.9;378.384;1;-1;0;0;0;0;0;0;0;0;0;-1;0.00000000;0.00000000;0.00000000;0.00000000;0.00000000;0.00000000;0.00000000;
72709594;11.8;31.8;0;0;0;-74.7;4.26;0.29;-0.02;4.11;5609;0.085;0.0482;0.0001;0.5711;0.0023;182645;182879;117.571;0;101;-0.023;0.573;72709562;0.0482;0.0001;0.571;0.0023;0.691;39.129;0.45;4.12;1.167;377.939;378.423;1;-1;0;0;0;0;0;0;0;0;0;-1;0.00000000;0.00000000;0.00000000;0.00000000;0.00000000;0.00000000;0.00000000;
72709627;11.8;31.8;0;0;0;-74.7;4.18;0.27;0.03;3.99;5505;0.086;0.0482;0.0001;0.5711;0.0023;182663;182897;106.805;0;101;-0.022;0.551;72709595;0.0482;0.0001;0.5711;0.0023;0.691;39.125;0.46;5.02;1.16;377.978;378.463;1;-1;0;0;0;0;0;0;0;0;0;-1;0.00000000;0.00000000;0.00000000;0.00000000;0.00000000;0.00000000;0.00000000;
72709645;11.8;31.8;0;0;0;-74.8;4.17;0.27;0.08;4.01;5470;0.087;0.0482;0.0001;0.5711;0.0023;182673;182907;328.347;0;101;-0.022;0.553;72709627;0.0482;0.0001;0.5711;0.0023;0.691;39.121;0.43;4.64;1.139;378.014;378.498;1;-1;0;0;0;0;0;0;0;0;0;-1;0.00000000;0.00000000;0.00000000;0.00000000;0.00000000;0.00000000;0.00000000;
72709693;11.8;31.8;0;0;0;-75.1;4.12;0.28;-0.04;3.96;5520;0.087;0.0482;0.0001;0.5711;0.0023;182699;182933;63.6522;0;101;-0.023;0.57;72709645;0.0482;0.0001;0.5711;0.0023;0.691;39.119;0.14;3.24;1.132;378.034;378.519;1;-1;0;0;0;0;0;0;0;0;0;-1;0.00000000;0.00000000;0.00000000;0.00000000;0.00000000;0.00000000;0.00000000;
72709713;11.8;31.8;0;0;0;-75;4.5;0.29;0.05;4.32;5436;0.081;0.0482;0.0001;0.5712;0.0023;182709;182943;319.264;0;101;-0.022;0.541;72709694;0.0482;0.0001;0.5711;0.0023;0.69;39.114;0.43;5.6;1.142;378.088;378.572;1;-1;0;0;0;0;0;0;0;0;0;-1;0.00000000;0.00000000;0.00000000;0.00000000;0.00000000;0.00000000;0.00000000;
72709742;11.8;31.8;0;0;0;-75;4.03;0.25;-0.03;3.87;5304;0.084;0.0482;0.0001;0.5712;0.0023;182724;182958;177.747;0;101;-0.021;0.525;72709714;0.0482;0.0001;0.5712;0.0023;0.69;39.111;0.09;4.21;1.124;378.109;378.593;1;-1;0;0;0;0;0;0;0;0;0;-1;0.00000000;0.00000000;0.00000000;0.00000000;0.00000000;0.00000000;0.00000000;
72709780;11.8;31.8;0;0;0;-75.5;4.07;0.27;0.06;3.86;5423;0.092;0.0482;0.0001;0.5712;0.0023;182745;182979;338.412;0;101;-0.025;0.571;72709744;0.0482;0.0001;0.5712;0.0023;0.69;39.108;0.45;4.87;1.097;378.142;378.626;1;-1;0;0;0;0;0;0;0;0;0;-1;0.00000000;0.00000000;0.00000000;0.00000000;0.00000000;0.00000000;0.00000000;
72709817;11.8;31.8;0;0;0;-75.2;4.23;0.29;-0.06;4.09;5521;0.086;0.0482;0.0001;0.5713;0.0023;182766;183000;126.467;0;101;-0.023;0.581;72709780;0.0482;0.0001;0.5712;0.0023;0.69;39.103;0.29;2.96;1.122;378.183;378.668;1;-1;0;0;0;0;0;0;0;0;0;-1;0.00000000;0.00000000;0.00000000;0.00000000;0.00000000;0.00000000;0.00000000;
72709832;11.8;31.8;0;0;0;-75.3;4.48;0.29;0.07;4.27;5463;0.082;0.0482;0.0001;0.5713;0.0023;182774;183008;267.116;0;101;-0.023;0.544;72709817;0.0482;0.0001;0.5713;0.0023;0.69;39.099;0.39;5.4;1.142;378.227;378.711;1;-1;0;0;0;0;0;0;0;0;0;-1;0.00000000;0.00000000;0.00000000;0.00000000;0.00000000;0.00000000;0.00000000;
72709862;11.8;31.8;0;0;0;-75.2;4.16;0.26;-0.06;4.02;5289;0.08;0.0483;0.0001;0.5713;0.0023;182789;183023;118.483;0;101;-0.02;0.52;72709832;0.0482;0.0001;0.5713;0.0023;0.69;39.098;0.14;3.37;1.13;378.243;378.728;1;-1;0;0;0;0;0;0;0;0;0;-1;0.00000000;0.00000000;0.00000000;0.00000000;0.00000000;0.00000000;0.00000000;
72709896;11.8;31.8;0;0;0;-75.1;4.07;0.26;0.07;3.9;5251;0.086;0.0483;0.0001;0.5713;0.0023;182807;183041;82.6385;0;101;-0.023;0.535;72709863;0.0483;0.0001;0.5713;0.0023;0.69;39.095;0.37;4.73;1.094;378.276;378.761;1;-1;0;0;0;0;0;0;0;0;0;-1;0.00000000;0.00000000;0.00000000;0.00000000;0.00000000;0.00000000;0.00000000;
72709928;11.8;31.8;0;0;0;-74.9;4.1;0.27;0;3.91;5340;0.089;0.0483;0.0001;0.5714;0.0023;182824;183058;24.8061;0;101;-0.024;0.563;72709897;0.0483;0.0001;0.5713;0.0023;0.69;39.091;0.08;3.73;1.086;378.312;378.796;1;-1;0;0;0;0;0;0;0;0;0;-1;0.00000000;0.00000000;0.00000000;0.00000000;0.00000000;0.00000000;0.00000000;
72709961;11.8;31.8;0;0;0;-75;4.39;0.29;-0.07;4.25;5288;0.077;0.0483;0.0001;0.5714;0.0023;182842;183076;1.94052;0;101;-0.021;0.545;72709929;0.0483;0.0001;0.5714;0.0023;0.69;39.089;0.09;3.83;1.105;378.347;378.831;1;-1;0;0;0;0;0;0;0;0;0;-1;0.00000000;0.00000000;0.00000000;0.00000000;0.00000000;0.00000000;0.00000000;
72709994;11.8;31.8;0;0;0;-75.1;3.95;0.24;0.04;3.75;5167;0.088;0.0483;0.0001;0.5714;0.0023;182858;183092;284.78;0;101;-0.02;0.513;72709961;0.0483;0.0001;0.5714;0.0023;0.69;39.085;0.32;5.04;1.093;378.384;378.868;1;-1;0;0;0;0;0;0;0;0;0;-1;0.00000000;0.00000000;0.00000000;0.00000000;0.00000000;0.00000000;0.00000000;
72710028;11.8;31.8;0;0;0;-75.4;4.11;0.28;0.04;3.95;5325;0.09;0.0483;0.0001;0.5715;0.0023;182876;183110;267.449;0;101;-0.025;0.571;72709995;0.0483;0.0001;0.5714;0.0023;0.69;39.082;0.36;3.09;1.069;378.417;378.901;1;-1;0;0;0;0;0;0;0;0;0;-1;0.00000000;0.00000000;0.00000000;0.00000000;0.00000000;0.00000000;0.00000000;
72710059;11.8;31.8;0;0;0;-75.2;4.37;0.29;-0.02;4.22;5338;0.081;0.0483;0.0001;0.5715;0.0023;182894;183128;259.355;0;101;-0.022;0.557;72710028;0.0483;0.0001;0.5715;0.0023;0.69;39.079;0.1;2.62;1.102;378.454;378.939;1;-1;0;0;0;0;0;0;0;0;0;-1;0.00000000;0.00000000;0.00000000;0.00000000;0.00000000;0.00000000;0.00000000;
72710093;11.8;31.8;0;0;0;-75.2;4.13;0.25;0.01;3.96;5188;0.082;0.0483;0.0001;0.5715;0.0023;182911;183145;208.357;0;101;-0.02;0.516;72710060;0.0483;0.0001;0.5715;0.0023;0.69;39.076;0.16;3.82;1.104;378.492;378.976;1;-1;0;0;0;0;0;0;0;0;0;-1;0.00000000;0.00000000;0.00000000;0.00000000;0.00000000;0.00000000;0.00000000;
72710128;11.8;31.8;0;0;0;-74.9;4.08;0.26;-0.03;3.91;5182;0.084;0.0483;0.0001;0.5715;0.0023;182928;183162;167.678;0;101;-0.022;0.534;72710095;0.0483;0.0001;0.5715;0.0023;0.69;39.074;0.15;3.42;1.073;378.527;379.011;1;-1;0;0;0;0;0;0;0;0;0;-1;0.00000000;0.00000000;0.00000000;0.00000000;0.00000000;0.00000000;0.00000000;
72710146;11.8;31.8;0;0;0;-75.2;4.12;0.27;0.04;3.94;5213;0.087;0.0483;0.0001;0.5716;0.0023;182938;183172;32.2632;0;101;-0.023;0.547;72710129;0.0483;0.0001;0.5715;0.0023;0.69;39.071;0.4;4.15;1.072;378.562;379.046;1;-1;0;0;0;0;0;0;0;0;0;-1;0.00000000;0.00000000;0.00000000;0.00000000;0.00000000;0.00000000;0.00000000;
72710178;11.8;31.8;0;0;0;-75.3;4.12;0.27;-0.05;3.96;5286;0.086;0.0483;0.0001;0.5716;0.0023;182954;183188;291.817;0;101;-0.023;0.557;72710147;0.0483;0.0001;0.5716;0.0023;0.69;39.069;0.14;3.09;1.079;378.583;379.067;1;-1;0;0;0;0;0;0;0;0;0;-1;0.00000000;0.00000000;0.00000000;0.00000000;0.00000000;0.00000000;0.00000000;
72710211;11.8;31.8;0;0;0;-75.4;4.46;0.28;0;4.34;5123;0.073;0.0483;0.0001;0.5716;0.0023;182972;183206;254.583;0;101;-0.018;0.517;72710178;0.0483;0.0001;0.5716;0.0023;0.69;39.067;0.47;4.48;1.094;378.616;379.1;1;-1;0;0;0;0;0;0;0;0;0;-1;0.00000000;0.00000000;0.00000000;0.00000000;0.00000000;0.00000000;0.00000000;
72710244;11.8;31.8;0;0;0;-75.3;3.91;0.22;0.01;3.72;4979;0.084;0.0483;0.0001;0.5717;0.0023;182987;183221;104.949;0;101;-0.019;0.492;72710212;0.0483;0.0001;0.5716;0.0023;0.69;39.064;0.16;4.71;1.059;378.653;379.137;1;-1;0;0;0;0;0;0;0;0;0;-1;0.00000000;0.00000000;0.00000000;0.00000000;0.00000000;0.00000000;0.00000000;
72710277;11.8;31.8;0;0;0;-75.1;4.05;0.27;0.03;3.88;5159;0.089;0.0483;0.0001;0.5717;0.0023;183005;183239;95.8105;0;101;-0.024;0.558;72710244;0.0483;0.0001;0.5717;0.0023;0.69;39.061;0.31;3.08;1.03;378.684;379.168;1;-1;0;0;0;0;0;0;0;0;0;-1;0.00000000;0.00000000;0.00000000;0.00000000;0.00000000;0.00000000;0.00000000;
72710311;11.8;31.8;0;0;0;-75;4.34;0.29;-0.07;4.2;5222;0.079;0.0483;0.0001;0.5717;0.0023;183023;183257;113.589;0;101;-0.022;0.553;72710279;0.0483;0.0001;0.5717;0.0023;0.689;39.059;0.17;2.76;1.068;378.721;379.206;1;-1;0;0;0;0;0;0;0;0;0;-1;0.00000000;0.00000000;0.00000000;0.00000000;0.00000000;0.00000000;0.00000000;
72710347;11.8;31.8;0;0;0;-74.9;4.15;0.25;0;4.01;5070;0.079;0.0483;0.0001;0.5717;0.0023;183038;183272;294.774;0;101;-0.019;0.503;72710312;0.0483;0.0001;0.5717;0.0023;0.689;39.057;0.41;4.82;1.08;378.759;379.243;1;-1;0;0;0;0;0;0;0;0;0;-1;0.00000000;0.00000000;0.00000000;0.00000000;0.00000000;0.00000000;0.00000000;
72710377;11.8;31.8;0;0;0;-74.7;4.09;0.25;0.06;3.93;5063;0.083;0.0483;0.0001;0.5718;0.0023;183056;183290;260.733;0;101;-0.021;0.523;72710347;0.0483;0.0001;0.5717;0.0023;0.689;39.054;0.38;4.67;1.049;378.792;379.276;1;-1;0;0;0;0;0;0;0;0;0;-1;0.00000000;0.00000000;0.00000000;0.00000000;0.00000000;0.00000000;0.00000000;
72710396;11.8;31.8;0;0;0;-74.7;4.09;0.26;0.02;3.89;5102;0.085;0.0483;0.0001;0.5718;0.0023;183066;183300;156.547;0;101;-0.024;0.539;72710378;0.0483;0.0001;0.5718;0.0023;0.689;39.052;0.09;3.84;1.048;378.827;379.311;1;-1;0;0;0;0;0;0;0;0;0;-1;0.00000000;0.00000000;0.00000000;0.00000000;0.00000000;0.00000000;0.00000000;
72710426;11.8;31.8;0;0;0;-74.9;4.11;0.27;-0.01;3.95;5190;0.087;0.0483;0.0001;0.5718;0.0023;183082;183316;37.8651;0;101;-0.023;0.55;72710397;0.0483;0.0001;0.5718;0.0023;0.689;39.051;0.18;2.91;1.056;378.848;379.332;1;-1;0;0;0;0;0;0;0;0;0;-1;0.00000000;0.00000000;0.00000000;0.00000000;0.00000000;0.00000000;0.00000000;
72710460;11.8;31.8;0;0;0;-74.9;4.41;0.28;-0.02;4.27;5106;0.075;0.0483;0.0001;0.5718;0.0023;183099;183333;343.832;0;101;-0.02;0.524;72710427;0.0483;0.0001;0.5718;0.0023;0.689;39.049;0.23;2.95;1.074;378.881;379.365;1;-1;0;0;0;0;0;0;0;0;0;-1;0.00000000;0.00000000;0.00000000;0.00000000;0.00000000;0.00000000;0.00000000;
72710494;11.8;31.8;0;0;0;-75;4;0.23;-0.02;3.87;4894;0.079;0.0483;0.0001;0.5719;0.0023;183114;183348;177.146;0;101;-0.016;0.478;72710461;0.0483;0.0001;0.5718;0.0023;0.689;39.047;0.32;4.22;1.056;378.916;379.4;1;-1;0;0;0;0;0;0;0;0;0;-1;0.00000000;0.00000000;0.00000000;0.00000000;0.00000000;0.00000000;0.00000000;
72710527;11.8;31.8;0;0;0;-75;4;0.26;0.04;3.84;5054;0.086;0.0483;0.0001;0.5719;0.0023;183132;183366;130.385;0;101;-0.023;0.545;72710495;0.0483;0.0001;0.5719;0.0023;0.689;39.045;0.35;4.64;1.012;378.949;379.433;1;-1;0;0;0;0;0;0;0;0;0;-1;0.00000000;0.00000000;0.00000000;0.00000000;0.00000000;0.00000000;0.00000000;
72710563;11.8;31.8;0;0;0;-75.3;4.24;0.28;0.02;4.05;5209;0.084;0.0483;0.0001;0.5719;0.0023;183151;183385;208.232;0;101;-0.024;0.56;72710528;0.0483;0.0001;0.5719;0.0023;0.689;39.043;0.21;4.97;1.046;378.984;379.468;1;-1;0;0;0;0;0;0;0;0;0;-1;0.00000000;0.00000000;0.00000000;0.00000000;0.00000000;0.00000000;0.00000000;
72710595;11.8;31.8;0;0;0;-75.2;4.26;0.26;-0.09;4.14;5067;0.077;0.0483;0.0001;0.572;0.0023;183167;183401;63.0875;0;101;-0.018;0.507;72710564;0.0483;0.0001;0.5719;0.0023;0.689;39.041;0.16;3.65;1.078;379.024;379.508;1;-1;0;0;0;0;0;0;0;0;0;-1;0.00000000;0.00000000;0.00000000;0.00000000;0.00000000;0.00000000;0.00000000;
72710617;11.8;31.8;0;0;0;-75;4.12;0.25;0.12;3.92;5006;0.081;0.0483;0.0001;0.572;0.0023;183177;183411;336.085;0;101;-0.021;0.505;72710595;0.0483;0.0001;0.572;0.0023;0.689;39.039;0.31;5.13;1.048;379.057;379.541;1;-1;0;0;0;0;0;0;0;0;0;-1;0.00000000;0.00000000;0.00000000;0.00000000;0.00000000;0.00000000;0.00000000;
72710647;11.8;31.8;0;0;0;-74.8;4.08;0.25;-0.03;3.96;5008;0.081;0.0483;0.0001;0.572;0.0023;183193;183427;188.338;0;101;-0.021;0.519;72710617;0.0483;0.0001;0.572;0.0023;0.689;39.038;0.21;3.1;1.036;379.077;379.562;1;-1;0;0;0;0;0;0;0;0;0;-1;0.00000000;0.00000000;0.00000000;0.00000000;0.00000000;0.00000000;0.00000000;
72710677;11.8;31.8;0;0;0;-74.7;4.11;0.26;-0.04;3.93;5069;0.082;0.0483;0.0001;0.572;0.0023;183208;183442;57.8353;0;101;-0.022;0.534;72710648;0.0483;0.0001;0.572;0.0023;0.689;39.037;0.24;4.98;1.036;379.11;379.595;1;-1;0;0;0;0;0;0;0;0;0;-1;0.00000000;0.00000000;0.00000000;0.00000000;0.00000000;0.00000000;0.00000000;
72710712;11.8;31.8;0;0;0;-74.6;4.23;0.27;0.04;4.08;5091;0.08;0.0483;0.0001;0.5721;0.0023;183226;183460;17.0353;0;101;-0.022;0.532;72710679;0.0483;0.0001;0.572;0.0023;0.689;39.035;0.4;4.9;1.048;379.144;379.628;1;-1;0;0;0;0;0;0;0;0;0;-1;0.00000000;0.00000000;0.00000000;0.00000000;0.00000000;0.00000000;0.00000000;
72710744;11.8;31.8;0;0;0;-74.9;4.19;0.25;-0.04;4.03;4963;0.078;0.0483;0.0001;0.5721;0.0023;183241;183475;231.425;0;101;-0.018;0.499;72710712;0.0483;0.0001;0.5721;0.0023;0.689;39.034;0.13;4.45;1.053;379.179;379.663;1;-1;0;0;0;0;0;0;0;0;0;-1;0.00000000;0.00000000;0.00000000;0.00000000;0.00000000;0.00000000;0.00000000;
72710777;11.8;31.8;0;0;0;-74.9;4.04;0.25;0.04;3.87;4981;0.083;0.0483;0.0001;0.5721;0.0023;183258;183492;167.446;0;101;-0.022;0.518;72710744;0.0483;0.0001;0.5721;0.0023;0.689;39.033;0.35;4.5;1.027;379.21;379.694;1;-1;0;0;0;0;0;0;0;0;0;-1;0.00000000;0.00000000;0.00000000;0.00000000;0.00000000;0.00000000;0.00000000;
72710811;11.8;31.8;0;0;0;-75.1;4.12;0.27;0.01;3.98;5085;0.084;0.0483;0.0001;0.5721;0.0023;183276;183510;134.528;0;101;-0.022;0.541;72710779;0.0483;0.0001;0.5721;0.0023;0.689;39.031;0.4;4;1.03;379.245;379.729;1;-1;0;0;0;0;0;0;0;0;0;-1;0.00000000;0.00000000;0.00000000;0.00000000;0.00000000;0.00000000;0.00000000;
72710846;11.8;31.8;0;0;0;-74.9;4.33;0.27;-0.03;4.19;5023;0.076;0.0483;0.0001;0.5722;0.0023;183293;183527;73.3288;0;101;-0.02;0.517;72710812;0.0483;0.0001;0.5721;0.0023;0.689;39.029;0.11;4.68;1.052;379.282;379.766;1;-1;0;0;0;0;0;0;0;0;0;-1;0.00000000;0.00000000;0.00000000;0.00000000;0.00000000;0.00000000;0.00000000;
72710865;11.8;31.8;0;0;0;-75;4.04;0.24;0;3.9;4968;0.078;0.0483;0.0001;0.5722;0.0023;183303;183537;308.749;0;101;-0.02;0.502;72710846;0.0483;0.0001;0.5722;0.0023;0.689;39.027;0.17;4.94;1.039;379.317;379.802;1;-1;0;0;0;0;0;0;0;0;0;-1;0.00000000;0.00000000;0.00000000;0.00000000;0.00000000;0.00000000;0.00000000;
72710898;11.8;31.8;0;0;0;-75.1;4.07;0.25;0.01;3.88;4976;0.083;0.0483;0.0001;0.5722;0.0023;183318;183552;166.911;0;101;-0.022;0.517;72710867;0.0483;0.0001;0.5722;0.0023;0.689;39.026;0.25;5.08;1.028;379.338;379.822;1;-1;0;0;0;0;0;0;0;0;0;-1;0.00000000;0.00000000;0.00000000;0.00000000;0.00000000;0.00000000;0.00000000;
72710926;11.8;31.8;0;0;0;-75.2;4.12;0.26;0.05;3.96;5044;0.085;0.0483;0.0001;0.5722;0.0023;183333;183567;334.039;0;101;-0.023;0.534;72710898;0.0483;0.0001;0.5722;0.0023;0.689;39.025;0.36;3.63;1.03;379.369;379.853;1;-1;0;0;0;0;0;0;0;0;0;-1;0.00000000;0.00000000;0.00000000;0.00000000;0.00000000;0.00000000;0.00000000;
72710961;11.8;31.8;0;0;0;-75.2;4.25;0.27;-0.05;4.1;5053;0.081;0.0483;0.0001;0.5723;0.0023;183350;183584;272.68;0;101;-0.02;0.527;72710927;0.0483;0.0001;0.5722;0.0023;0.689;39.024;0.18;3.03;1.044;379.4;379.884;1;-1;0;0;0;0;0;0;0;0;0;-1;0.00000000;0.00000000;0.00000000;0.00000000;0.00000000;0.00000000;0.00000000;
72710994;11.8;31.8;0;0;0;-75.2;4.24;0.25;0;4.1;4873;0.076;0.0483;0.0001;0.5723;0.0023;183366;183600;153.283;0;101;-0.017;0.487;72710961;0.0483;0.0001;0.5723;0.0023;0.689;39.022;0.15;3.14;1.045;379.435;379.92;1;-1;0;0;0;0;0;0;0;0;0;-1;0.00000000;0.00000000;0.00000000;0.00000000;0.00000000;0.00000000;0.00000000;
72711027;11.8;31.8;0;0;0;-75.4;3.92;0.24;-0.02;3.76;4920;0.085;0.0483;0.0001;0.5723;0.0023;183382;183616;48.5786;0;101;-0.022;0.514;72710995;0.0483;0.0001;0.5723;0.0023;0.689;39.021;0.17;3.04;1.008;379.468;379.953;1;-1;0;0;0;0;0;0;0;0;0;-1;0.00000000;0.00000000;0.00000000;0.00000000;0.00000000;0.00000000;0.00000000;
72711066;11.8;31.8;0;0;0;-75.6;4.11;0.27;0.03;3.93;5083;0.088;0.0483;0.0001;0.5724;0.0023;183400;183634;42.1829;0;101;-0.023;0.549;72711027;0.0483;0.0001;0.5723;0.0023;0.689;39.019;0.4;3.86;1.018;379.502;379.986;1;-1;0;0;0;0;0;0;0;0;0;-1;0.00000000;0.00000000;0.00000000;0.00000000;0.00000000;0.00000000;0.00000000;
72711096;11.8;31.8;0;0;0;-75.3;4.36;0.28;-0.06;4.22;5106;0.077;0.0483;0.0001;0.5724;0.0023;183418;183652;50.3361;0;101;-0.021;0.537;72711066;0.0483;0.0001;0.5724;0.0023;0.689;39.017;0.28;3.03;1.052;379.539;380.023;1;-1;0;0;0;0;0;0;0;0;0;-1;0.00000000;0.00000000;0.00000000;0.00000000;0.00000000;0.00000000;0.00000000;
72711116;11.8;31.8;0;0;0;-75.5;4.18;0.25;0.06;4.09;4976;0.075;0.0483;0.0001;0.5724;0.0023;183428;183662;251.138;0;101;-0.016;0.485;72711096;0.0483;0.0001;0.5724;0.0023;0.689;39.016;0.32;4.38;1.056;379.576;380.06;1;-1;0;0;0;0;0;0;0;0;0;-1;0.00000000;0.00000000;0.00000000;0.00000000;0.00000000;0.00000000;0.00000000;
72711144;11.8;31.8;0;0;0;-75.4;4.04;0.24;0.02;3.86;4908;0.08;0.0483;0.0001;0.5724;0.0023;183441;183675;345.997;0;101;-0.02;0.498;72711117;0.0483;0.0001;0.5724;0.0023;0.689;39.015;0.19;4.88;1.029;379.597;380.081;1;-1;0;0;0;0;0;0;0;0;0;-1;0.00000000;0.00000000;0.00000000;0.00000000;0.00000000;0.00000000;0.00000000;
72711177;11.8;31.9;0;0;0;-75.5;4.05;0.25;0.01;3.89;4966;0.085;0.0483;0.0001;0.5725;0.0023;183458;183692;269.695;0;101;-0.021;0.522;72711145;0.0483;0.0001;0.5724;0.0023;0.689;39.014;0.35;4.02;1.015;379.624;380.108;1;-1;0;0;0;0;0;0;0;0;0;-1;0.00000000;0.00000000;0.00000000;0.00000000;0.00000000;0.00000000;0.00000000;
72711212;11.8;31.8;0;0;0;-75.4;4.17;0.27;-0.03;4;5077;0.084;0.0484;0.0001;0.5725;0.0023;183476;183710;284.584;0;101;-0.023;0.542;72711178;0.0483;0.0001;0.5725;0.0023;0.689;39.013;0.12;2.95;1.027;379.659;380.143;1;-1;0;0;0;0;0;0;0;0;0;-1;0.00000000;0.00000000;0.00000000;0.00000000;0.00000000;0.00000000;0.00000000;
72711244;11.8;31.8;0;0;0;-75.4;4.37;0.26;-0.02;4.25;4923;0.074;0.0484;0.0001;0.5725;0.0023;183491;183725;98.7613;0;101;-0.017;0.494;72711213;0.0484;0.0001;0.5725;0.0023;0.689;39.012;0.33;3.33;1.05;379.696;380.18;1;-1;0;0;0;0;0;0;0;0;0;-1;0.00000000;0.00000000;0.00000000;0.00000000;0.00000000;0.00000000;0.00000000;
72711278;11.8;31.8;0;0;0;-75.2;3.92;0.23;0.05;3.81;4866;0.081;0.0484;0.0001;0.5725;0.0023;183507;183741;313.949;0;101;-0.019;0.495;72711245;0.0484;0.0001;0.5725;0.0023;0.689;39.011;0.24;3.5;1.018;379.727;380.211;1;-1;0;0;0;0;0;0;0;0;0;-1;0.00000000;0.00000000;0.00000000;0.00000000;0.00000000;0.00000000;0.00000000;
72711309;11.8;31.8;0;0;0;-75.2;4.09;0.26;0.01;3.88;5026;0.087;0.0484;0.0001;0.5726;0.0023;183524;183758;267.866;0;101;-0.023;0.543;72711279;0.0484;0.0001;0.5725;0.0023;0.689;39.01;0.18;5;1.007;379.76;380.245;1;-1;0;0;0;0;0;0;0;0;0;-1;0.00000000;0.00000000;0.00000000;0.00000000;0.00000000;0.00000000;0.00000000;
72711347;11.8;31.8;0;0;0;-75.2;4.35;0.27;-0.06;4.21;5008;0.076;0.0484;0.0001;0.5726;0.0023;183541;183775;228.413;0;101;-0.02;0.524;72711310;0.0484;0.0001;0.5726;0.0023;0.689;39.009;0.34;3.11;1.04;379.795;380.28;1;-1;0;0;0;0;0;0;0;0;0;-1;0.00000000;0.00000000;0.00000000;0.00000000;0.00000000;0.00000000;0.00000000;
72711366;11.8;31.8;0;0;0;-74.9;4.08;0.24;-0.01;3.97;4923;0.077;0.0484;0.0001;0.5726;0.0023;183551;183785;119.507;0;101;-0.018;0.492;72711348;0.0484;0.0001;0.5726;0.0023;0.689;39.008;0.34;4.2;1.036;379.831;380.315;1;-1;0;0;0;0;0;0;0;0;0;-1;0.00000000;0.00000000;0.00000000;0.00000000;0.00000000;0.00000000;0.00000000;
72711396;11.8;31.8;0;0;0;-75.1;4.07;0.24;0.03;3.89;4910;0.081;0.0484;0.0001;0.5726;0.0023;183566;183800;284.711;0;101;-0.021;0.507;72711366;0.0484;0.0001;0.5726;0.0023;0.689;39.008;0.34;4.69;1.018;379.853;380.338;1;-1;0;0;0;0;0;0;0;0;0;-1;0.00000000;0.00000000;0.00000000;0.00000000;0.00000000;0.00000000;0.00000000;
72711428;11.8;31.8;0;0;0;-75.2;4.1;0.25;0.01;3.95;4954;0.083;0.0484;0.0001;0.5727;0.0023;183582;183816;165.491;0;101;-0.022;0.521;72711396;0.0484;0.0001;0.5726;0.0023;0.689;39.007;0.34;3.5;1.016;379.882;380.367;1;-1;0;0;0;0;0;0;0;0;0;-1;0.00000000;0.00000000;0.00000000;0.00000000;0.00000000;0.00000000;0.00000000;
72711461;11.8;31.8;0;0;0;-74.9;4.13;0.26;0;3.97;5042;0.085;0.0484;0.0001;0.5727;0.0023;183599;183833;99.5316;0;101;-0.022;0.535;72711429;0.0484;0.0001;0.5727;0.0023;0.689;39.006;0.36;3.45;1.025;379.915;380.4;1;-1;0;0;0;0;0;0;0;0;0;-1;0.00000000;0.00000000;0.00000000;0.00000000;0.00000000;0.00000000;0.00000000;
72711494;11.8;31.8;0;0;0;-75.1;4.39;0.27;-0.02;4.27;4921;0.073;0.0484;0.0001;0.5727;0.0023;183615;183849;338.796;0;101;-0.017;0.502;72711461;0.0484;0.0001;0.5727;0.0023;0.689;39.006;0.23;3.01;1.043;379.951;380.435;1;-1;0;0;0;0;0;0;0;0;0;-1;0.00000000;0.00000000;0.00000000;0.00000000;0.00000000;0.00000000;0.00000000;
72711527;11.8;31.8;0;0;0;-75.2;3.96;0.22;0.01;3.84;4723;0.079;0.0484;0.0001;0.5728;0.0023;183630;183864;129.79;0;101;-0.014;0.464;72711495;0.0484;0.0001;0.5727;0.0023;0.689;39.005;0.25;3.66;1.018;379.984;380.468;1;-1;0;0;0;0;0;0;0;0;0;-1;0.00000000;0.00000000;0.00000000;0.00000000;0.00000000;0.00000000;0.00000000;
72711561;11.8;31.8;0;0;0;-75.1;3.98;0.26;-0.03;3.81;4969;0.085;0.0484;0.0001;0.5728;0.0023;183648;183882;121.248;0;101;-0.024;0.548;72711528;0.0484;0.0001;0.5728;0.0023;0.689;39.005;0.16;4.43;0.977;380.015;380.499;1;-1;0;0;0;0;0;0;0;0;0;-1;0.00000000;0.00000000;0.00000000;0.00000000;0.00000000;0.00000000;0.00000000;
72711594;11.8;31.9;0;0;0;-75.2;4.37;0.29;-0.03;4.22;5073;0.076;0.0484;0.0001;0.5728;0.0023;183665;183899;60.8089;0;101;-0.022;0.545;72711561;0.0484;0.0001;0.5728;0.0023;0.689;39.004;0.41;5.09;1.028;380.052;380.536;1;-1;0;0;0;0;0;0;0;0;0;-1;0.00000000;0.00000000;0.00000000;0.00000000;0.00000000;0.00000000;0.00000000;
72711627;11.8;31.9;0;0;0;-75.1;4.16;0.24;0.05;3.99;4875;0.078;0.0484;0.0001;0.5728;0.0023;183680;183914;280.252;0;101;-0.017;0.482;72711595;0.0484;0.0001;0.5728;0.0023;0.689;39.004;0.41;5.57;1.049;380.087;380.571;1;-1;0;0;0;0;0;0;0;0;0;-1;0.00000000;0.00000000;0.00000000;0.00000000;0.00000000;0.00000000;0.00000000;
72711648;11.8;31.9;0;0;0;-74.9;4.08;0.25;-0.01;4;4855;0.078;0.0484;0.0001;0.5729;0.0023;183690;183924;127.999;0;101;-0.02;0.501;72711628;0.0484;0.0001;0.5728;0.0023;0.688;39.003;0.24;2.99;1.008;380.118;380.603;1;-1;0;0;0;0;0;0;0;0;0;-1;0.00000000;0.00000000;0.00000000;0.00000000;0.00000000;0.00000000;0.00000000;
72711676;11.8;31.9;0;0;0;-75.1;4.13;0.25;0.02;3.98;4850;0.079;0.0484;0.0001;0.5729;0.0023;183704;183938;252.67;0;101;-0.021;0.505;72711648;0.0484;0.0001;0.5729;0.0023;0.688;39.003;0.24;4.98;1.004;380.139;380.623;1;-1;0;0;0;0;0;0;0;0;0;-1;0.00000000;0.00000000;0.00000000;0.00000000;0.00000000;0.00000000;0.00000000;
72711712;11.8;31.9;0;0;0;-74.8;4.05;0.25;-0.04;3.88;4943;0.082;0.0484;0.0001;0.5729;0.0023;183721;183955;238.695;0;101;-0.022;0.524;72711676;0.0484;0.0001;0.5729;0.0023;0.688;39.003;0.14;4.68;1.003;380.168;380.652;1;-1;0;0;0;0;0;0;0;0;0;-1;0.00000000;0.00000000;0.00000000;0.00000000;0.00000000;0.00000000;0.00000000;
72711743;11.8;31.8;0;0;0;-74.6;4.16;0.27;0.08;3.98;5056;0.084;0.0484;0.0001;0.5729;0.0023;183738;183972;155.039;0;101;-0.022;0.542;72711712;0.0484;0.0001;0.5729;0.0023;0.688;39.003;0.43;5.12;1.023;380.205;380.689;1;-1;0;0;0;0;0;0;0;0;0;-1;0.00000000;0.00000000;0.00000000;0.00000000;0.00000000;0.00000000;0.00000000;
72711778;11.8;31.9;0;0;0;-74.7;4.46;0.26;-0.05;4.34;4813;0.07;0.0484;0.0001;0.573;0.0023;183753;183987;343.532;0;101;-0.013;0.477;72711744;0.0484;0.0001;0.5729;0.0023;0.688;39.002;0.21;3.3;1.046;380.238;380.723;1;-1;0;0;0;0;0;0;0;0;0;-1;0.00000000;0.00000000;0.00000000;0.00000000;0.00000000;0.00000000;0.00000000;
72711812;11.8;31.9;0;0;0;-74.8;3.85;0.22;0.04;3.72;4746;0.082;0.0484;0.0001;0.573;0.0023;183770;184004;256.148;0;101;-0.018;0.482;72711778;0.0484;0.0001;0.573;0.0023;0.688;39.002;0.23;3.55;0.995;380.269;380.754;1;-1;0;0;0;0;0;0;0;0;0;-1;0.00000000;0.00000000;0.00000000;0.00000000;0.00000000;0.00000000;0.00000000;
72711842;11.8;31.9;0;0;0;-74.7;4.02;0.26;0;3.8;4920;0.088;0.0484;0.0001;0.573;0.0023;183782;184016;280.668;0;101;-0.024;0.548;72711813;0.0484;0.0001;0.573;0.0023;0.688;39.002;0.08;4.16;0.982;380.305;380.789;1;-1;0;0;0;0;0;0;0;0;0;-1;0.00000000;0.00000000;0.00000000;0.00000000;0.00000000;0.00000000;0.00000000;
72711878;11.8;31.9;0;0;0;-75;4.37;0.27;-0.06;4.25;4870;0.073;0.0484;0.0001;0.5731;0.0023;183803;184037;63.8452;0;101;-0.018;0.51;72711842;0.0484;0.0001;0.573;0.0023;0.688;39.002;0.22;2.72;1.018;380.329;380.814;1;-1;0;0;0;0;0;0;0;0;0;-1;0.00000000;0.00000000;0.00000000;0.00000000;0.00000000;0.00000000;0.00000000;
72711896;11.8;31.9;0;0;0;-75.2;4.06;0.23;0.14;3.89;4806;0.077;0.0484;0.0001;0.5731;0.0023;183811;184045;203.855;0;101;-0.02;0.483;72711878;0.0484;0.0001;0.5731;0.0023;0.688;39.002;0.31;4.97;1.007;380.373;380.857;1;-1;0;0;0;0;0;0;0;0;0;-1;0.00000000;0.00000000;0.00000000;0.00000000;0.00000000;0.00000000;0.00000000;
72711928;11.8;31.9;0;0;0;-75.3;4.02;0.24;-0.01;3.85;4852;0.083;0.0484;0.0001;0.5731;0.0023;183827;184061;95.9844;0;101;-0.021;0.509;72711896;0.0484;0.0001;0.5731;0.0023;0.688;39.002;0.15;3.54;0.994;380.389;380.874;1;-1;0;0;0;0;0;0;0;0;0;-1;0.00000000;0.00000000;0.00000000;0.00000000;0.00000000;0.00000000;0.00000000;
72711961;11.8;31.9;0;0;0;-75.2;4.14;0.26;-0.04;4.01;4938;0.081;0.0484;0.0001;0.5731;0.0023;183844;184078;1.29425;0;101;-0.022;0.526;72711929;0.0484;0.0001;0.5731;0.0023;0.688;39.002;0.18;2.84;1.004;380.422;380.907;1;-1;0;0;0;0;0;0;0;0;0;-1;0.00000000;0.00000000;0.00000000;0.00000000;0.00000000;0.00000000;0.00000000;
72711993;11.8;31.9;0;0;0;-75.5;4.19;0.26;0.06;4.04;4967;0.081;0.0484;0.0001;0.5731;0.0023;183860;184094;257.624;0;101;-0.021;0.521;72711962;0.0484;0.0001;0.5731;0.0023;0.688;39.002;0.4;5.08;1.021;380.458;380.942;1;-1;0;0;0;0;0;0;0;0;0;-1;0.00000000;0.00000000;0.00000000;0.00000000;0.00000000;0.00000000;0.00000000;
72712029;11.8;31.9;0;0;0;-75.2;4.28;0.26;-0.01;4.14;4913;0.074;0.0484;0.0001;0.5732;0.0023;183877;184111;199.58;0;101;-0.019;0.509;72711993;0.0484;0.0001;0.5732;0.0023;0.688;39.002;0.12;3.78;1.028;380.491;380.975;1;-1;0;0;0;0;0;0;0;0;0;-1;0.00000000;0.00000000;0.00000000;0.00000000;0.00000000;0.00000000;0.00000000;
72712068;11.8;31.9;0;0;0;-74.9;4.03;0.23;0;3.87;4745;0.08;0.0484;0.0001;0.5732;0.0023;183893;184127;99.285;0;101;-0.017;0.473;72712030;0.0484;0.0001;0.5732;0.0023;0.688;39.002;0.15;4.26;1.016;380.526;381.01;1;-1;0;0;0;0;0;0;0;0;0;-1;0.00000000;0.00000000;0.00000000;0.00000000;0.00000000;0.00000000;0.00000000;
72712086;11.8;31.9;0;0;0;-75;3.97;0.25;0.06;3.84;4824;0.084;0.0484;0.0001;0.5732;0.0023;183903;184137;328.628;0;101;-0.022;0.523;72712068;0.0484;0.0001;0.5732;0.0023;0.688;39.002;0.36;4.31;0.982;380.559;381.043;1;-1;0;0;0;0;0;0;0;0;0;-1;0.00000000;0.00000000;0.00000000;0.00000000;0.00000000;0.00000000;0.00000000;
72712125;11.8;31.9;0;0;0;-75;4.24;0.28;-0.04;4.11;5006;0.077;0.0484;0.0001;0.5733;0.0023;183925;184159;190.485;0;101;-0.022;0.541;72712086;0.0484;0.0001;0.5732;0.0023;0.688;39.002;0.17;3.34;0.998;380.58;381.064;1;-1;0;0;0;0;0;0;0;0;0;-1;0.00000000;0.00000000;0.00000000;0.00000000;0.00000000;0.00000000;0.00000000;
72712148;11.8;31.9;0;0;0;-74.9;4.25;0.24;0.02;4.08;4883;0.076;0.0484;0.0001;0.5733;0.0023;183935;184169;80.5873;0;101;-0.016;0.482;72712127;0.0484;0.0001;0.5733;0.0023;0.688;39.002;0.26;5.51;1.035;380.625;381.11;1;-1;0;0;0;0;0;0;0;0;0;-1;0.00000000;0.00000000;0.00000000;0.00000000;0.00000000;0.00000000;0.00000000;
72712178;11.8;31.9;0;0;0;-74.9;4.07;0.24;0.01;3.92;4821;0.078;0.0484;0.0001;0.5733;0.0023;183949;184183;214.236;0;101;-0.02;0.492;72712148;0.0484;0.0001;0.5733;0.0023;0.688;39.002;0.12;3.99;1.01;380.646;381.13;1;-1;0;0;0;0;0;0;0;0;0;-1;0.00000000;0.00000000;0.00000000;0.00000000;0.00000000;0.00000000;0.00000000;
72712210;11.8;31.9;0;0;0;-74.9;4.06;0.25;-0.04;3.9;4850;0.081;0.0484;0.0001;0.5733;0.0023;183964;184198;45.9235;0;101;-0.021;0.509;72712179;0.0484;0.0001;0.5733;0.0023;0.688;39.002;0.15;3.13;0.997;380.675;381.159;1;-1;0;0;0;0;0;0;0;0;0;-1;0.00000000;0.00000000;0.00000000;0.00000000;0.00000000;0.00000000;0.00000000;
72712245;11.8;31.9;0;0;0;-74.9;4.11;0.26;0.04;3.95;4938;0.084;0.0484;0.0001;0.5734;0.0023;183982;184216;38.6545;0;101;-0.022;0.524;72712211;0.0484;0.0001;0.5733;0.0023;0.688;39.002;0.36;3.71;1.003;380.706;381.19;1;-1;0;0;0;0;0;0;0;0;0;-1;0.00000000;0.00000000;0.00000000;0.00000000;0.00000000;0.00000000;0.00000000;
72712282;11.8;31.9;0;0;0;-75;4.22;0.27;0;4.08;4989;0.08;0.0484;0.0001;0.5734;0.0023;184001;184235;89.4346;0;101;-0.021;0.526;72712245;0.0484;0.0001;0.5734;0.0023;0.688;39.002;0.16;2.85;1.022;380.743;381.228;1;-1;0;0;0;0;0;0;0;0;0;-1;0.00000000;0.00000000;0.00000000;0.00000000;0.00000000;0.00000000;0.00000000;
72712311;11.8;31.9;0;0;0;-74.8;4.37;0.25;-0.02;4.26;4780;0.071;0.0484;0.0001;0.5734;0.0023;184014;184248;142.888;0;101;-0.013;0.472;72712282;0.0484;0.0001;0.5734;0.0023;0.688;39.002;0.16;3.59;1.032;380.783;381.267;1;-1;0;0;0;0;0;0;0;0;0;-1;0.00000000;0.00000000;0.00000000;0.00000000;0.00000000;0.00000000;0.00000000;
72712346;11.8;31.9;0;0;0;-74.7;3.91;0.22;0.01;3.79;4694;0.078;0.0484;0.0001;0.5734;0.0023;184030;184264;7.59283;0;101;-0.019;0.476;72712312;0.0484;0.0001;0.5734;0.0023;0.688;39.002;0.16;3.81;0.989;380.809;381.294;1;-1;0;0;0;0;0;0;0;0;0;-1;0.00000000;0.00000000;0.00000000;0.00000000;0.00000000;0.00000000;0.00000000;
72712363;11.8;31.9;0;0;0;-74.6;3.94;0.24;-0.03;3.75;4782;0.083;0.0484;0.0001;0.5735;0.0023;184038;184272;176.543;0;101;-0.022;0.525;72712346;0.0484;0.0001;0.5734;0.0023;0.688;39.002;0.19;4.5;0.971;380.843;381.327;1;-1;0;0;0;0;0;0;0;0;0;-1;0.00000000;0.00000000;0.00000000;0.00000000;0.00000000;0.00000000;0.00000000;
72712396;11.8;31.9;0;0;0;-74.5;4.14;0.27;0;4;4990;0.083;0.0484;0.0001;0.5735;0.0023;184056;184290;129.177;0;101;-0.023;0.548;72712364;0.0484;0.0001;0.5735;0.0023;0.688;39.002;0.43;4.6;0.989;380.859;381.343;1;-1;0;0;0;0;0;0;0;0;0;-1;0.00000000;0.00000000;0.00000000;0.00000000;0.00000000;0.00000000;0.00000000;
72712426;11.8;31.9;0;0;0;-74.5;4.41;0.26;0.01;4.24;4885;0.075;0.0484;0.0001;0.5735;0.0023;184070;184304;266.979;0;101;-0.017;0.497;72712396;0.0484;0.0001;0.5735;0.0023;0.688;39.002;0.27;5.35;1.032;380.896;381.381;1;-1;0;0;0;0;0;0;0;0;0;-1;0.00000000;0.00000000;0.00000000;0.00000000;0.00000000;0.00000000;0.00000000;
72712462;11.8;31.9;0;0;0;-74.8;4.03;0.24;0.01;3.91;4825;0.079;0.0484;0.0001;0.5735;0.0023;184087;184321;197.662;0;101;-0.02;0.494;72712427;0.0484;0.0001;0.5735;0.0023;0.688;39.002;0.15;3.26;1.01;380.925;381.41;1;-1;0;0;0;0;0;0;0;0;0;-1;0.00000000;0.00000000;0.00000000;0.00000000;0.00000000;0.00000000;0.00000000;
72712494;11.8;31.9;0;0;0;-74.8;4.07;0.25;-0.03;3.89;4897;0.082;0.0484;0.0001;0.5736;0.0023;184103;184337;104.331;0;101;-0.022;0.519;72712462;0.0484;0.0001;0.5735;0.0023;0.688;39.002;0.13;3.99;0.998;380.961;381.445;1;-1;0;0;0;0;0;0;0;0;0;-1;0.00000000;0.00000000;0.00000000;0.00000000;0.00000000;0.00000000;0.00000000;
72712527;11.8;31.9;0;0;0;-75.2;4.18;0.26;-0.01;4.05;4941;0.08;0.0484;0.0001;0.5736;0.0023;184119;184353;353.191;0;101;-0.021;0.521;72712494;0.0484;0.0001;0.5736;0.0023;0.688;39.003;0.35;3.64;1.013;380.994;381.478;1;-1;0;0;0;0;0;0;0;0;0;-1;0.00000000;0.00000000;0.00000000;0.00000000;0.00000000;0.00000000;0.00000000;
72712562;11.8;31.9;0;0;0;-75.5;4.24;0.26;0;4.11;4891;0.075;0.0484;0.0001;0.5736;0.0023;184137;184371;301.557;0;101;-0.019;0.506;72712527;0.0484;0.0001;0.5736;0.0023;0.688;39.002;0.39;4.8;1.022;381.027;381.511;1;-1;0;0;0;0;0;0;0;0;0;-1;0.00000000;0.00000000;0.00000000;0.00000000;0.00000000;0.00000000;0.00000000;
72712592;11.8;31.9;0;0;0;-75.5;4.26;0.24;0.05;4.08;4770;0.074;0.0484;0.0001;0.5736;0.0023;184146;184380;145.001;0;101;-0.015;0.472;72712563;0.0484;0.0001;0.5736;0.0023;0.688;39.003;0.34;5.05;1.012;381.064;381.548;1;-1;0;0;0;0;0;0;0;0;0;-1;0.00000000;0.00000000;0.00000000;0.00000000;0.00000000;0.00000000;0.00000000;
72712628;11.8;31.9;0;0;0;-75.6;3.97;0.24;0;3.81;4862;0.084;0.0485;0.0001;0.5737;0.0023;184168;184402;34.9412;0;101;-0.021;0.51;72712592;0.0484;0.0001;0.5736;0.0023;0.688;39.003;0.15;3.42;0.987;381.083;381.567;1;-1;0;0;0;0;0;0;0;0;0;-1;0.00000000;0.00000000;0.00000000;0.00000000;0.00000000;0.00000000;0.00000000;
72712646;11.8;31.9;0;0;0;-75.5;4.09;0.26;-0.1;3.96;4948;0.083;0.0485;0.0001;0.5737;0.0023;184177;184411;236.254;0;101;-0.023;0.539;72712630;0.0485;0.0001;0.5737;0.0023;0.688;39.003;0.14;2.88;1.006;381.128;381.612;1;-1;0;0;0;0;0;0;0;0;0;-1;0.00000000;0.00000000;0.00000000;0.00000000;0.00000000;0.00000000;0.00000000;
72712677;11.8;31.9;0;0;0;-75.6;4.44;0.28;0;4.31;4918;0.072;0.0485;0.0001;0.5737;0.0023;184193;184427;72.8185;0;101;-0.017;0.514;72712647;0.0485;0.0001;0.5737;0.0023;0.688;39.003;0.48;5.1;1.024;381.149;381.633;1;-1;0;0;0;0;0;0;0;0;0;-1;0.00000000;0.00000000;0.00000000;0.00000000;0.00000000;0.00000000;0.00000000;
72712711;11.8;31.9;0;0;0;-75.8;3.99;0.23;0.01;3.83;4800;0.078;0.0485;0.0001;0.5737;0.0023;184208;184442;294.17;0;101;-0.019;0.483;72712677;0.0485;0.0001;0.5737;0.0023;0.688;39.004;0.16;4.92;1.017;381.18;381.664;1;-1;0;0;0;0;0;0;0;0;0;-1;0.00000000;0.00000000;0.00000000;0.00000000;0.00000000;0.00000000;0.00000000;
72712745;11.8;31.9;0;0;0;-75.9;4.08;0.25;0.04;3.92;4861;0.082;0.0485;0.0001;0.5738;0.0023;184225;184459;218.003;0;101;-0.021;0.513;72712712;0.0485;0.0001;0.5737;0.0023;0.689;39.004;0.38;4.33;0.993;381.211;381.695;1;-1;0;0;0;0;0;0;0;0;0;-1;0.00000000;0.00000000;0.00000000;0.00000000;0.00000000;0.00000000;0.00000000;
72712779;11.8;31.9;0;0;0;-75.8;4.2;0.26;0;4.05;4913;0.08;0.0485;0.0001;0.5738;0.0023;184242;184476;149.403;0;101;-0.021;0.52;72712745;0.0485;0.0001;0.5738;0.0023;0.689;39.005;0.21;3.06;1.006;381.246;381.73;1;-1;0;0;0;0;0;0;0;0;0;-1;0.00000000;0.00000000;0.00000000;0.00000000;0.00000000;0.00000000;0.00000000;
72712811;11.8;31.9;0;0;0;-75.4;4.15;0.25;-0.01;4.01;4897;0.079;0.0485;0.0001;0.5738;0.0023;184258;184492;29.8917;0;101;-0.02;0.507;72712779;0.0485;0.0001;0.5738;0.0023;0.689;39.005;0.17;3.31;1.016;381.281;381.766;1;-1;0;0;0;0;0;0;0;0;0;-1;0.00000000;0.00000000;0.00000000;0.00000000;0.00000000;0.00000000;0.00000000;
72712846;11.8;31.9;0;0;0;-75.2;4.28;0.25;-0.04;4.17;4766;0.072;0.0485;0.0001;0.5739;0.0023;184273;184507;186.309;0;101;-0.016;0.483;72712812;0.0485;0.0001;0.5738;0.0023;0.689;39.005;0.15;3.46;1.013;381.314;381.799;1;-1;0;0;0;0;0;0;0;0;0;-1;0.00000000;0.00000000;0.00000000;0.00000000;0.00000000;0.00000000;0.00000000;
72712875;11.8;31.9;0;0;0;-75.1;3.86;0.22;0.05;3.67;4765;0.082;0.0485;0.0001;0.5739;0.0023;184284;184518;163.54;0;101;-0.02;0.494;72712847;0.0485;0.0001;0.5739;0.0023;0.689;39.005;0.23;4.74;0.986;381.345;381.83;1;-1;0;0;0;0;0;0;0;0;0;-1;0.00000000;0.00000000;0.00000000;0.00000000;0.00000000;0.00000000;0.00000000;
72712912;11.8;31.9;0;0;0;-75.2;4.1;0.26;0;3.94;4979;0.085;0.0485;0.0001;0.5739;0.0023;184307;184541;99.2914;0;101;-0.022;0.537;72712876;0.0485;0.0001;0.5739;0.0023;0.689;39.006;0.3;3.08;0.986;381.368;381.852;1;-1;0;0;0;0;0;0;0;0;0;-1;0.00000000;0.00000000;0.00000000;0.00000000;0.00000000;0.00000000;0.00000000;
72712953;11.8;31.9;0;0;0;-75;4.31;0.27;0;4.19;4955;0.078;0.0485;0.0001;0.574;0.0023;184323;184557;321.579;0;101;-0.02;0.515;72712913;0.0485;0.0001;0.5739;0.0023;0.689;39.007;0.26;3.17;1.03;381.416;381.9;1;-1;0;0;0;0;0;0;0;0;0;-1;0.00000000;0.00000000;0.00000000;0.00000000;0.00000000;0.00000000;0.00000000;
72712984;11.8;31.9;0;0;0;-75.1;4.11;0.24;-0.04;3.96;4877;0.078;0.0485;0.0001;0.574;0.0023;184337;184571;108.376;0;101;-0.019;0.496;72712954;0.0485;0.0001;0.574;0.0023;0.689;39.007;0.14;4.01;1.025;381.449;381.933;1;-1;0;0;0;0;0;0;0;0;0;-1;0.00000000;0.00000000;0.00000000;0.00000000;0.00000000;0.00000000;0.00000000;
72713016;11.8;31.9;0;0;0;-75.5;4.13;0.25;0.06;3.98;4860;0.08;0.0485;0.0001;0.574;0.0023;184353;184587;332.673;0;101;-0.021;0.505;72712984;0.0485;0.0001;0.574;0.0023;0.689;39.008;0.32;4.04;1.009;381.478;381.962;1;-1;0;0;0;0;0;0;0;0;0;-1;0.00000000;0.00000000;0.00000000;0.00000000;0.00000000;0.00000000;0.00000000;
72713047;11.8;31.9;0;0;0;-75.2;4.1;0.25;0;3.95;4872;0.081;0.0485;0.0001;0.574;0.0023;184368;184602;150.094;0;101;-0.021;0.509;72713017;0.0485;0.0001;0.574;0.0023;0.689;39.008;0.18;3.25;1.006;381.511;381.995;1;-1;0;0;0;0;0;0;0;0;0;-1;0.00000000;0.00000000;0.00000000;0.00000000;0.00000000;0.00000000;0.00000000;
72713078;11.8;31.9;0;0;0;-75.4;4.15;0.26;-0.04;4.04;4906;0.079;0.0485;0.0001;0.5741;0.0023;184383;184617;309.875;0;101;-0.021;0.517;72713048;0.0485;0.0001;0.574;0.0023;0.689;39.009;0.18;3.25;1.008;381.542;382.026;1;-1;0;0;0;0;0;0;0;0;0;-1;0.00000000;0.00000000;0.00000000;0.00000000;0.00000000;0.00000000;0.00000000;
72713108;11.8;31.9;0;0;0;-75.2;4.28;0.25;-0.01;4.11;4795;0.075;0.0485;0.0001;0.5741;0.0023;184397;184631;100.695;0;101;-0.017;0.488;72713078;0.0485;0.0001;0.5741;0.0023;0.689;39.01;0.22;5.13;1.015;381.573;382.057;1;-1;0;0;0;0;0;0;0;0;0;-1;0.00000000;0.00000000;0.00000000;0.00000000;0.00000000;0.00000000;0.00000000;
72713142;11.8;31.9;0;0;0;-75.2;3.92;0.23;0;3.8;4786;0.082;0.0485;0.0001;0.5741;0.0023;184413;184647;303.452;0;101;-0.02;0.495;72713108;0.0485;0.0001;0.5741;0.0023;0.689;39.01;0.24;3.3;0.992;381.602;382.086;1;-1;0;0;0;0;0;0;0;0;0;-1;0.00000000;0.00000000;0.00000000;0.00000000;0.00000000;0.00000000;0.00000000;
72713175;11.8;31.9;0;0;0;-75.2;4.11;0.26;-0.01;3.95;4967;0.083;0.0485;0.0001;0.5741;0.0023;184430;184664;242.048;0;101;-0.023;0.542;72713143;0.0485;0.0001;0.5741;0.0023;0.689;39.011;0.37;4.81;0.99;381.635;382.119;1;-1;0;0;0;0;0;0;0;0;0;-1;0.00000000;0.00000000;0.00000000;0.00000000;0.00000000;0.00000000;0.00000000;
72713209;11.8;31.9;0;0;0;-75.4;4.41;0.27;-0.01;4.27;4933;0.073;0.0485;0.0001;0.5742;0.0023;184446;184680;125.481;0;101;-0.018;0.515;72713175;0.0485;0.0001;0.5741;0.0023;0.689;39.012;0.43;5.26;1.028;381.67;382.155;1;-1;0;0;0;0;0;0;0;0;0;-1;0.00000000;0.00000000;0.00000000;0.00000000;0.00000000;0.00000000;0.00000000;
72713243;11.8;31.9;0;0;0;-75.5;4.04;0.23;0.09;3.88;4819;0.079;0.0485;0.0001;0.5742;0.0023;184461;184695;327.531;0;101;-0.019;0.485;72713210;0.0485;0.0001;0.5742;0.0023;0.689;39.012;0.27;4.86;1.02;381.703;382.188;1;-1;0;0;0;0;0;0;0;0;0;-1;0.00000000;0.00000000;0.00000000;0.00000000;0.00000000;0.00000000;0.00000000;
72713276;11.8;31.9;0;0;0;-75.4;4.15;0.25;-0.09;4.03;4810;0.076;0.0485;0.0001;0.5742;0.0023;184477;184711;239.717;0;101;-0.02;0.502;72713243;0.0485;0.0001;0.5742;0.0023;0.689;39.013;0.17;3.59;0.997;381.735;382.219;1;-1;0;0;0;0;0;0;0;0;0;-1;0.00000000;0.00000000;0.00000000;0.00000000;0.00000000;0.00000000;0.00000000;
72713310;11.8;31.9;0;0;0;-75.7;4.05;0.24;0.06;3.86;4825;0.082;0.0485;0.0001;0.5742;0.0023;184493;184727;101.475;0;101;-0.021;0.504;72713277;0.0485;0.0001;0.5742;0.0023;0.689;39.014;0.39;5.22;0.995;381.77;382.254;1;-1;0;0;0;0;0;0;0;0;0;-1;0.00000000;0.00000000;0.00000000;0.00000000;0.00000000;0.00000000;0.00000000;
72713342;11.8;31.9;0;0;0;-75.6;4.08;0.26;0.01;3.93;4973;0.085;0.0485;0.0001;0.5743;0.0023;184510;184744;32.804;0;101;-0.022;0.537;72713310;0.0485;0.0001;0.5742;0.0023;0.689;39.015;0.3;3.11;0.998;381.801;382.285;1;-1;0;0;0;0;0;0;0;0;0;-1;0.00000000;0.00000000;0.00000000;0.00000000;0.00000000;0.00000000;0.00000000;
72713375;11.8;31.9;0;0;0;-75.5;4.46;0.26;-0.06;4.36;4783;0.069;0.0485;0.0001;0.5743;0.0023;184526;184760;254.688;0;101;-0.014;0.483;72713342;0.0485;0.0001;0.5743;0.0023;0.689;39.015;0.14;3.09;1.029;381.836;382.32;1;-1;0;0;0;0;0;0;0;0;0;-1;0.00000000;0.00000000;0.00000000;0.00000000;0.00000000;0.00000000;0.00000000;
72713409;11.8;31.9;0;0;0;-75.1;3.82;0.21;0.07;3.66;4720;0.084;0.0485;0.0001;0.5743;0.0023;184541;184775;87.4291;0;101;-0.017;0.479;72713375;0.0485;0.0001;0.5743;0.0023;0.689;39.016;0.16;4.44;0.989;381.869;382.353;1;-1;0;0;0;0;0;0;0;0;0;-1;0.00000000;0.00000000;0.00000000;0.00000000;0.00000000;0.00000000;0.00000000;
72713443;11.8;31.9;0;0;0;-75.4;4.07;0.27;-0.02;3.94;4962;0.085;0.0485;0.0001;0.5744;0.0023;184559;184793;71.844;0;101;-0.024;0.548;72713409;0.0485;0.0001;0.5743;0.0023;0.689;39.017;0.12;3.13;0.977;381.9;382.384;1;-1;0;0;0;0;0;0;0;0;0;-1;0.00000000;0.00000000;0.00000000;0.00000000;0.00000000;0.00000000;0.00000000;
72713461;11.8;31.9;0;0;0;-75.3;4.5;0.27;-0.07;4.32;4899;0.072;0.0485;0.0001;0.5744;0.0023;184574;184808;286.342;0;101;-0.017;0.511;72713444;0.0485;0.0001;0.5744;0.0023;0.689;39.017;0.2;5.3;1.027;381.937;382.422;1;-1;0;0;0;0;0;0;0;0;0;-1;0.00000000;0.00000000;0.00000000;0.00000000;0.00000000;0.00000000;0.00000000;
72713496;11.8;31.9;0;0;0;-75.6;3.97;0.23;0.08;3.83;4785;0.08;0.0485;0.0001;0.5744;0.0023;184590;184824;154.589;0;101;-0.019;0.482;72713462;0.0485;0.0001;0.5744;0.0023;0.689;39.018;0.28;3.78;1.013;381.968;382.453;1;-1;0;0;0;0;0;0;0;0;0;-1;0.00000000;0.00000000;0.00000000;0.00000000;0.00000000;0.00000000;0.00000000;
72713527;11.8;31.9;0;0;0;-75.5;4.13;0.25;-0.07;4;4832;0.078;0.0485;0.0001;0.5744;0.0023;184605;184839;358.751;0;101;-0.021;0.511;72713497;0.0485;0.0001;0.5744;0.0023;0.689;39.018;0.2;2.93;0.99;382.001;382.486;1;-1;0;0;0;0;0;0;0;0;0;-1;0.00000000;0.00000000;0.00000000;0.00000000;0.00000000;0.00000000;0.00000000;
72713562;11.8;31.9;0;0;0;-75.5;4.1;0.25;0.01;3.93;4858;0.081;0.0485;0.0001;0.5745;0.0023;184622;184856;290.441;0;101;-0.021;0.509;72713528;0.0485;0.0001;0.5744;0.0023;0.689;39.018;0.36;5.07;0.999;382.035;382.519;1;-1;0;0;0;0;0;0;0;0;0;-1;0.00000000;0.00000000;0.00000000;0.00000000;0.00000000;0.00000000;0.00000000;
72713594;11.8;31.9;0;0;0;-75.2;4.17;0.26;0.01;4.04;4901;0.079;0.0485;0.0001;0.5745;0.0023;184639;184873;190.096;0;101;-0.021;0.517;72713562;0.0485;0.0001;0.5745;0.0023;0.689;39.019;0.38;4.19;1.005;382.068;382.552;1;-1;0;0;0;0;0;0;0;0;0;-1;0.00000000;0.00000000;0.00000000;0.00000000;0.00000000;0.00000000;0.00000000;
72713628;11.8;31.9;0;0;0;-75.6;4.32;0.25;-0.06;4.16;4793;0.072;0.0485;0.0001;0.5745;0.0023;184654;184888;49.0668;0;101;-0.017;0.49;72713595;0.0485;0.0001;0.5745;0.0023;0.689;39.02;0.29;5.17;1.014;382.103;382.587;1;-1;0;0;0;0;0;0;0;0;0;-1;0.00000000;0.00000000;0.00000000;0.00000000;0.00000000;0.00000000;0.00000000;
72713645;11.8;31.9;0;0;0;-75.6;4.22;0.23;0.07;4.09;4669;0.071;0.0485;0.0001;0.5745;0.0023;184661;184895;89.9179;0;101;-0.011;0.452;72713628;0.0485;0.0001;0.5745;0.0023;0.689;39.02;0.26;4.08;0.991;382.134;382.618;1;-1;0;0;0;0;0;0;0;0;0;-1;0.00000000;0.00000000;0.00000000;0.00000000;0.00000000;0.00000000;0.00000000;
72713676;11.8;31.9;0;0;0;-75.6;3.81;0.23;0.07;3.68;4768;0.083;0.0485;0.0001;0.5746;0.0023;184677;184911;314.602;0;101;-0.021;0.507;72713645;0.0485;0.0001;0.5745;0.0023;0.689;39.02;0.15;3.23;0.965;382.148;382.633;1;-1;0;0;0;0;0;0;0;0;0;-1;0.00000000;0.00000000;0.00000000;0.00000000;0.00000000;0.00000000;0.00000000;
72713712;11.8;31.9;0;0;0;-75.8;4.22;0.27;-0.01;4.03;4946;0.082;0.0485;0.0001;0.5746;0.0023;184695;184929;337.153;0;101;-0.023;0.539;72713676;0.0485;0.0001;0.5746;0.0023;0.689;39.021;0.11;4.78;0.986;382.182;382.666;1;-1;0;0;0;0;0;0;0;0;0;-1;0.00000000;0.00000000;0.00000000;0.00000000;0.00000000;0.00000000;0.00000000;
72713744;11.8;31.9;0;0;0;-75.4;4.33;0.25;-0.02;4.21;4807;0.074;0.0485;0.0001;0.5746;0.0023;184710;184944;139.897;0;101;-0.016;0.486;72713713;0.0485;0.0001;0.5746;0.0023;0.689;39.021;0.28;3.53;1.023;382.219;382.703;1;-1;0;0;0;0;0;0;0;0;0;-1;0.00000000;0.00000000;0.00000000;0.00000000;0.00000000;0.00000000;0.00000000;
72713778;11.8;31.9;0;0;0;-75.3;4.04;0.23;0.01;3.91;4710;0.078;0.0485;0.0001;0.5746;0.0023;184726;184960;21.6972;0;101;-0.019;0.478;72713749;0.0485;0.0001;0.5746;0.0023;0.689;39.021;0.15;3.8;0.994;382.25;382.734;1;-1;0;0;0;0;0;0;0;0;0;-1;0.00000000;0.00000000;0.00000000;0.00000000;0.00000000;0.00000000;0.00000000;
72713811;11.8;31.9;0;0;0;-75.6;4.05;0.24;0;3.89;4786;0.082;0.0485;0.0001;0.5747;0.0023;184742;184976;270.548;0;101;-0.021;0.509;72713779;0.0485;0.0001;0.5746;0.0023;0.689;39.022;0.13;3.69;0.974;382.283;382.767;1;-1;0;0;0;0;0;0;0;0;0;-1;0.00000000;0.00000000;0.00000000;0.00000000;0.00000000;0.00000000;0.00000000;
72713846;11.8;31.9;0;0;0;-75.4;4.18;0.26;-0.05;4.06;4866;0.077;0.0485;0.0001;0.5747;0.0023;184759;184993;239.979;0;101;-0.021;0.519;72713812;0.0485;0.0001;0.5747;0.0023;0.689;39.022;0.13;2.93;0.99;382.316;382.8;1;-1;0;0;0;0;0;0;0;0;0;-1;0.00000000;0.00000000;0.00000000;0.00000000;0.00000000;0.00000000;0.00000000;
72713863;11.8;31.9;0;0;0;-75.2;4.18;0.25;0.07;4.03;4853;0.077;0.0485;0.0001;0.5747;0.0023;184768;185002;10.6054;0;101;-0.02;0.503;72713847;0.0485;0.0001;0.5747;0.0023;0.689;39.022;0.39;5.31;1.006;382.353;382.838;1;-1;0;0;0;0;0;0;0;0;0;-1;0.00000000;0.00000000;0.00000000;0.00000000;0.00000000;0.00000000;0.00000000;
72713897;11.8;31.9;0;0;0;-75.2;4.19;0.25;0;4.05;4853;0.075;0.0485;0.0001;0.5747;0.0023;184784;185018;253.328;0;101;-0.02;0.507;72713864;0.0485;0.0001;0.5747;0.0023;0.689;39.023;0.14;4.46;1.004;382.37;382.854;1;-1;0;0;0;0;0;0;0;0;0;-1;0.00000000;0.00000000;0.00000000;0.00000000;0.00000000;0.00000000;0.00000000;
72713928;11.8;31.9;0;0;0;-75.3;4.13;0.23;0.02;3.97;4715;0.077;0.0485;0.0001;0.5748;0.0023;184798;185032;26.566;0;101;-0.015;0.474;72713897;0.0485;0.0001;0.5747;0.0023;0.689;39.023;0.17;4.95;1.004;382.403;382.887;1;-1;0;0;0;0;0;0;0;0;0;-1;0.00000000;0.00000000;0.00000000;0.00000000;0.00000000;0.00000000;0.00000000;
72713962;11.8;31.9;0;0;0;-75.2;3.98;0.25;0.02;3.85;4836;0.083;0.0485;0.0001;0.5748;0.0023;184815;185049;319.243;0;101;-0.022;0.518;72713928;0.0485;0.0001;0.5748;0.0023;0.689;39.023;0.12;3.01;0.976;382.432;382.916;1;-1;0;0;0;0;0;0;0;0;0;-1;0.00000000;0.00000000;0.00000000;0.00000000;0.00000000;0.00000000;0.00000000;
72713995;11.8;31.9;0;0;0;-75.3;4.21;0.27;-0.01;4.05;4966;0.081;0.0485;0.0001;0.5748;0.0023;184832;185066;263.844;0;101;-0.022;0.536;72713963;0.0485;0.0001;0.5748;0.0023;0.689;39.023;0.12;3.96;1.001;382.467;382.951;1;-1;0;0;0;0;0;0;0;0;0;-1;0.00000000;0.00000000;0.00000000;0.00000000;0.00000000;0.00000000;0.00000000;
72714026;11.8;31.9;0;0;0;-75.5;4.26;0.25;-0.03;4.12;4805;0.076;0.0486;0.0001;0.5749;0.0023;184846;185080;35.6002;0;101;-0.016;0.48;72713996;0.0485;0.0001;0.5748;0.0023;0.689;39.024;0.16;3.95;1.027;382.502;382.987;1;-1;0;0;0;0;0;0;0;0;0;-1;0.00000000;0.00000000;0.00000000;0.00000000;0.00000000;0.00000000;0.00000000;
72714062;11.8;31.9;0;0;0;-75.6;4.05;0.24;0.03;3.93;4782;0.079;0.0486;0.0001;0.5749;0.0023;184863;185097;320.46;0;101;-0.02;0.495;72714027;0.0486;0.0001;0.5749;0.0023;0.689;39.024;0.17;2.88;0.994;382.531;383.016;1;-1;0;0;0;0;0;0;0;0;0;-1;0.00000000;0.00000000;0.00000000;0.00000000;0.00000000;0.00000000;0.00000000;
72714092;11.8;31.9;0;0;0;-75.6;4.12;0.25;-0.09;4;4813;0.078;0.0486;0.0001;0.5749;0.0023;184874;185108;243.536;0;101;-0.02;0.509;72714063;0.0486;0.0001;0.5749;0.0023;0.689;39.024;0.13;3.86;0.989;382.566;383.051;1;-1;0;0;0;0;0;0;0;0;0;-1;0.00000000;0.00000000;0.00000000;0.00000000;0.00000000;0.00000000;0.00000000;
72714128;11.8;31.9;0;0;0;-75.2;4.12;0.25;-0.01;3.95;4877;0.08;0.0486;0.0001;0.5749;0.0023;184895;185129;115.71;0;101;-0.021;0.513;72714092;0.0486;0.0001;0.5749;0.0023;0.689;39.025;0.36;5.3;0.996;382.589;383.073;1;-1;0;0;0;0;0;0;0;0;0;-1;0.00000000;0.00000000;0.00000000;0.00000000;0.00000000;0.00000000;0.00000000;
72714146;11.8;31.9;0;0;0;-75.2;4.21;0.26;0.01;4.08;4882;0.078;0.0486;0.0001;0.575;0.0023;184905;185139;300.221;0;101;-0.02;0.511;72714129;0.0486;0.0001;0.5749;0.0023;0.689;39.024;0.41;4.8;1.009;382.635;383.119;1;-1;0;0;0;0;0;0;0;0;0;-1;0.00000000;0.00000000;0.00000000;0.00000000;0.00000000;0.00000000;0.00000000;
72714177;11.8;32;0;0;0;-75.1;4.28;0.25;-0.02;4.16;4802;0.072;0.0486;0.0001;0.575;0.0023;184919;185153;66.7184;0;101;-0.017;0.492;72714147;0.0486;0.0001;0.575;0.0023;0.689;39.024;0.36;4.94;1.01;382.653;383.138;1;-1;0;0;0;0;0;0;0;0;0;-1;0.00000000;0.00000000;0.00000000;0.00000000;0.00000000;0.00000000;0.00000000;
72714211;11.8;31.9;0;0;0;-74.9;4;0.23;0.05;3.82;4714;0.08;0.0486;0.0001;0.575;0.0023;184934;185168;285.102;0;101;-0.018;0.479;72714178;0.0486;0.0001;0.575;0.0023;0.689;39.025;0.27;5.44;0.993;382.682;383.167;1;-1;0;0;0;0;0;0;0;0;0;-1;0.00000000;0.00000000;0.00000000;0.00000000;0.00000000;0.00000000;0.00000000;
72714244;11.8;32;0;0;0;-75.3;4.07;0.25;0.02;3.92;4853;0.083;0.0486;0.0001;0.575;0.0023;184951;185185;213.773;0;101;-0.022;0.524;72714212;0.0486;0.0001;0.575;0.0023;0.689;39.025;0.33;3.44;0.975;382.713;383.198;1;-1;0;0;0;0;0;0;0;0;0;-1;0.00000000;0.00000000;0.00000000;0.00000000;0.00000000;0.00000000;0.00000000;
72714278;11.8;32;0;0;0;-75;4.19;0.27;-0.04;4.05;4968;0.08;0.0486;0.0001;0.5751;0.0023;184968;185202;172.559;0;101;-0.021;0.533;72714244;0.0486;0.0001;0.575;0.0023;0.689;39.025;0.16;3.05;1.004;382.749;383.233;1;-1;0;0;0;0;0;0;0;0;0;-1;0.00000000;0.00000000;0.00000000;0.00000000;0.00000000;0.00000000;0.00000000;
72714312;11.8;32;0;0;0;-75.1;4.28;0.25;0.01;4.13;4806;0.076;0.0486;0.0001;0.5751;0.0023;184984;185218;37.4243;0;101;-0.016;0.483;72714279;0.0486;0.0001;0.5751;0.0023;0.689;39.025;0.43;4.99;1.028;382.784;383.268;1;-1;0;0;0;0;0;0;0;0;0;-1;0.00000000;0.00000000;0.00000000;0.00000000;0.00000000;0.00000000;0.00000000;
72714346;11.8;31.9;0;0;0;-75.2;4.06;0.23;0.02;3.92;4731;0.079;0.0486;0.0001;0.5751;0.0023;185000;185234;267.759;0;101;-0.019;0.484;72714312;0.0486;0.0001;0.5751;0.0023;0.689;39.024;0.16;2.96;0.994;382.817;383.301;1;-1;0;0;0;0;0;0;0;0;0;-1;0.00000000;0.00000000;0.00000000;0.00000000;0.00000000;0.00000000;0.00000000;
72714364;11.8;32;0;0;0;-75.1;3.97;0.24;0.02;3.86;4787;0.082;0.0486;0.0001;0.5751;0.0023;185009;185243;78.4962;0;101;-0.022;0.515;72714347;0.0486;0.0001;0.5751;0.0023;0.689;39.024;0.13;2.88;0.979;382.85;383.334;1;-1;0;0;0;0;0;0;0;0;0;-1;0.00000000;0.00000000;0.00000000;0.00000000;0.00000000;0.00000000;0.00000000;
72714396;11.8;32;0;0;0;-75.1;4.16;0.26;0.01;4;4897;0.082;0.0486;0.0001;0.5752;0.0023;185025;185259;323.876;0;101;-0.022;0.527;72714365;0.0486;0.0001;0.5751;0.0023;0.689;39.024;0.07;4.16;0.99;382.869;383.353;1;-1;0;0;0;0;0;0;0;0;0;-1;0.00000000;0.00000000;0.00000000;0.00000000;0.00000000;0.00000000;0.00000000;
72714428;11.8;32;0;0;0;-74.9;4.21;0.26;-0.06;4.06;4897;0.078;0.0486;0.0001;0.5752;0.0023;185040;185274;169.119;0;101;-0.02;0.511;72714396;0.0486;0.0001;0.5752;0.0023;0.689;39.024;0.15;3.87;1.013;382.902;383.386;1;-1;0;0;0;0;0;0;0;0;0;-1;0.00000000;0.00000000;0.00000000;0.00000000;0.00000000;0.00000000;0.00000000;
72714461;11.8;32;0;0;0;-75;4.21;0.24;-0.02;4.08;4747;0.074;0.0486;0.0001;0.5752;0.0023;185056;185290;2.27002;0;101;-0.016;0.478;72714429;0.0486;0.0001;0.5752;0.0023;0.689;39.023;0.36;4.52;1.013;382.933;383.417;1;-1;0;0;0;0;0;0;0;0;0;-1;0.00000000;0.00000000;0.00000000;0.00000000;0.00000000;0.00000000;0.00000000;
72714495;11.8;32;0;0;0;-75.3;4;0.24;0.06;3.84;4796;0.082;0.0486;0.0001;0.5752;0.0023;185072;185306;266.922;0;101;-0.02;0.505;72714461;0.0486;0.0001;0.5752;0.0023;0.689;39.023;0.28;4.56;0.982;382.966;383.45;1;-1;0;0;0;0;0;0;0;0;0;-1;0.00000000;0.00000000;0.00000000;0.00000000;0.00000000;0.00000000;0.00000000;
72714529;11.8;32;0;0;0;-75.3;4.12;0.26;-0.03;3.97;4917;0.081;0.0486;0.0001;0.5753;0.0023;185089;185323;227.797;0;101;-0.023;0.528;72714495;0.0486;0.0001;0.5752;0.0023;0.689;39.023;0.14;3.26;0.992;382.999;383.483;1;-1;0;0;0;0;0;0;0;0;0;-1;0.00000000;0.00000000;0.00000000;0.00000000;0.00000000;0.00000000;0.00000000;
72714561;11.8;32;0;0;0;-75.2;4.26;0.26;0;4.11;4862;0.078;0.0486;0.0001;0.5753;0.0023;185104;185338;42.4854;0;101;-0.019;0.5;72714530;0.0486;0.0001;0.5753;0.0023;0.689;39.023;0.38;4.48;1.017;383.034;383.518;1;-1;0;0;0;0;0;0;0;0;0;-1;0.00000000;0.00000000;0.00000000;0.00000000;0.00000000;0.00000000;0.00000000;
72714594;11.8;32;0;0;0;-74.9;4.1;0.24;0;3.99;4813;0.077;0.0486;0.0001;0.5753;0.0023;185121;185355;305.642;0;101;-0.019;0.496;72714562;0.0486;0.0001;0.5753;0.0023;0.689;39.022;0.22;3.13;1.005;383.065;383.549;1;-1;0;0;0;0;0;0;0;0;0;-1;0.00000000;0.00000000;0.00000000;0.00000000;0.00000000;0.00000000;0.00000000;
72714628;11.8;32;0;0;0;-74.9;4.11;0.25;0.04;3.93;4856;0.081;0.0486;0.0001;0.5754;0.0023;185137;185371;210.215;0;101;-0.021;0.511;72714595;0.0486;0.0001;0.5753;0.0023;0.689;39.022;0.25;5.03;0.996;383.1;383.585;1;-1;0;0;0;0;0;0;0;0;0;-1;0.00000000;0.00000000;0.00000000;0.00000000;0.00000000;0.00000000;0.00000000;
72714646;11.8;32;0;0;0;-74.9;4.1;0.25;-0.03;3.94;4895;0.082;0.0486;0.0001;0.5754;0.0023;185146;185380;34.1151;0;101;-0.021;0.52;72714629;0.0486;0.0001;0.5754;0.0023;0.689;39.021;0.12;3.22;1.005;383.133;383.618;1;-1;0;0;0;0;0;0;0;0;0;-1;0.00000000;0.00000000;0.00000000;0.00000000;0.00000000;0.00000000;0.00000000;
72714678;11.8;32;0;0;0;-75;4.2;0.26;-0.02;4.08;4907;0.078;0.0486;0.0001;0.5754;0.0023;185162;185396;254.335;0;101;-0.02;0.514;72714647;0.0486;0.0001;0.5754;0.0023;0.689;39.02;0.14;2.92;1.013;383.152;383.636;1;-1;0;0;0;0;0;0;0;0;0;-1;0.00000000;0.00000000;0.00000000;0.00000000;0.00000000;0.00000000;0.00000000;
72714711;11.8;32;0;0;0;-75;4.27;0.25;-0.04;4.14;4814;0.072;0.0486;0.0001;0.5754;0.0023;185177;185411;68.1708;0;101;-0.017;0.492;72714678;0.0486;0.0001;0.5754;0.0023;0.689;39.019;0.18;4.83;1.015;383.185;383.669;1;-1;0;0;0;0;0;0;0;0;0;-1;0.00000000;0.00000000;0.00000000;0.00000000;0.00000000;0.00000000;0.00000000;
72714745;11.8;32;0;0;0;-75;3.99;0.22;0.09;3.82;4704;0.081;0.0486;0.0001;0.5755;0.0023;185193;185427;330.674;0;101;-0.018;0.476;72714712;0.0486;0.0001;0.5754;0.0023;0.689;39.019;0.23;5.26;0.996;383.216;383.701;1;-1;0;0;0;0;0;0;0;0;0;-1;0.00000000;0.00000000;0.00000000;0.00000000;0.00000000;0.00000000;0.00000000;
72714779;11.8;32;0;0;0;-74.9;4.05;0.26;-0.02;3.88;4890;0.086;0.0486;0.0001;0.5755;0.0023;185210;185444;271.807;0;101;-0.022;0.533;72714746;0.0486;0.0001;0.5755;0.0023;0.689;39.018;0.17;3.01;0.974;383.249;383.734;1;-1;0;0;0;0;0;0;0;0;0;-1;0.00000000;0.00000000;0.00000000;0.00000000;0.00000000;0.00000000;0.00000000;
72714813;11.8;32;0;0;0;-75.1;4.3;0.28;-0.07;4.17;5005;0.077;0.0486;0.0001;0.5755;0.0023;185227;185461;229.051;0;101;-0.022;0.539;72714779;0.0486;0.0001;0.5755;0.0023;0.689;39.017;0.11;2.72;1.012;383.285;383.769;1;-1;0;0;0;0;0;0;0;0;0;-1;0.00000000;0.00000000;0.00000000;0.00000000;0.00000000;0.00000000;0.00000000;
72714847;11.8;32;0;0;0;-75.2;4.15;0.24;0;4.02;4846;0.076;0.0486;0.0001;0.5755;0.0023;185243;185477;115.475;0;101;-0.017;0.485;72714813;0.0486;0.0001;0.5755;0.0023;0.689;39.017;0.41;5.18;1.035;383.32;383.804;1;-1;0;0;0;0;0;0;0;0;0;-1;0.00000000;0.00000000;0.00000000;0.00000000;0.00000000;0.00000000;0.00000000;
72714866;11.8;32;0;0;0;-75.1;4.1;0.24;0.01;3.96;4815;0.077;0.0486;0.0001;0.5756;0.0023;185252;185486;293.525;0;101;-0.02;0.493;72714847;0.0486;0.0001;0.5755;0.0023;0.689;39.016;0.38;4.66;1.002;383.355;383.839;1;-1;0;0;0;0;0;0;0;0;0;-1;0.00000000;0.00000000;0.00000000;0.00000000;0.00000000;0.00000000;0.00000000;
72714898;11.8;32;0;0;0;-75.1;4.1;0.24;0.06;3.95;4818;0.081;0.0486;0.0001;0.5756;0.0023;185268;185502;144.864;0;101;-0.021;0.503;72714867;0.0486;0.0001;0.5756;0.0023;0.689;39.016;0.37;4.34;0.996;383.371;383.856;1;-1;0;0;0;0;0;0;0;0;0;-1;0.00000000;0.00000000;0.00000000;0.00000000;0.00000000;0.00000000;0.00000000;
72714926;11.8;32;0;0;0;-75.6;4.07;0.25;-0.01;3.9;4895;0.083;0.0486;0.0001;0.5756;0.0023;185282;185516;276.422;0;101;-0.021;0.521;72714898;0.0486;0.0001;0.5756;0.0023;0.689;39.015;0.13;3.54;0.997;383.405;383.889;1;-1;0;0;0;0;0;0;0;0;0;-1;0.00000000;0.00000000;0.00000000;0.00000000;0.00000000;0.00000000;0.00000000;
72714977;11.8;32;0;0;0;-75.6;4.32;0.26;-0.01;4.22;4808;0.073;0.0486;0.0001;0.5756;0.0023;185301;185535;316.848;0;101;-0.018;0.498;72714926;0.0486;0.0001;0.5756;0.0023;0.689;39.015;0.18;2.76;1.013;383.434;383.918;1;-1;0;0;0;0;0;0;0;0;0;-1;0.00000000;0.00000000;0.00000000;0.00000000;0.00000000;0.00000000;0.00000000;
72714995;11.8;32;0;0;0;-75.5;4.03;0.22;-0.03;3.88;4657;0.076;0.0486;0.0001;0.5757;0.0023;185313;185547;354.66;0;101;-0.015;0.462;72714978;0.0486;0.0001;0.5756;0.0023;0.689;39.013;0.15;4.77;0.994;383.473;383.957;1;-1;0;0;0;0;0;0;0;0;0;-1;0.00000000;0.00000000;0.00000000;0.00000000;0.00000000;0.00000000;0.00000000;
72715033;11.8;32;0;0;0;-75.4;4;0.25;0.05;3.84;4853;0.084;0.0486;0.0001;0.5757;0.0023;185333;185567;86.7217;0;101;-0.022;0.525;72714995;0.0486;0.0001;0.5757;0.0023;0.689;39.013;0.3;4.49;0.963;383.498;383.982;1;-1;0;0;0;0;0;0;0;0;0;-1;0.00000000;0.00000000;0.00000000;0.00000000;0.00000000;0.00000000;0.00000000;
72715075;11.8;32;0;0;0;-75.8;4.22;0.27;-0.07;4.07;4967;0.078;0.0486;0.0001;0.5757;0.0023;185347;185581;233.604;0;101;-0.023;0.538;72715034;0.0486;0.0001;0.5757;0.0023;0.689;39.012;0.12;3.65;1.004;383.539;384.023;1;-1;0;0;0;0;0;0;0;0;0;-1;0.00000000;0.00000000;0.00000000;0.00000000;0.00000000;0.00000000;0.00000000;
72715095;11.8;32;0;0;0;-75.3;0.1;0;0.03;0.1;4468;0.054;0.0486;0.0001;0.5757;0.0023;185360;185598;277.736;0;101;-0.011;0.355;72715076;0.0486;0.0001;0.5757;0.0023;0.689;39.012;0.36;4.86;1.027;383.568;384.052;1;-1;0;0;0;0;0;0;0;0;0;-1;0.00000000;0.00000000;0.00000000;0.00000000;0.00000000;0.00000000;0.00000000;
72715128;11.8;32;0;0;0;-75.4;0;0;0;0;4520;0.052;0.0486;0.0001;0.5757;0.0023;185376;185614;121.673;0;101;-0.001;0.437;72715095;0.0486;0.0001;0.5757;0.0023;0.689;39.012;0;0;0.924;383.595;384.087;1;-1;0;0;0;0;0;0;0;0;0;-1;0.00000000;0.00000000;0.00000000;0.00000000;0.00000000;0.00000000;0.00000000;
72715161;11.8;32;0;0;0;-75.6;0;0;0;0;4436;0.055;0.0486;0.0001;0.5757;0.0023;185389;185627;236.848;0;101;-0.008;0.404;72715128;0.0486;0.0001;0.5757;0.0023;0.689;39.011;0;0;0.935;383.628;384.121;1;-1;0;0;0;0;0;0;0;0;0;-1;0.00000000;0.00000000;0.00000000;0.00000000;0.00000000;0.00000000;0.00000000;
72715178;11.8;32;0;0;0;-75.8;0;0;0;0;4316;0.057;0.0486;0.0001;0.5757;0.0023;185396;185634;285.014;0;101;-0.006;0.369;72715162;0.0486;0.0001;0.5757;0.0023;0.689;39.011;0;0;0.918;383.655;384.148;1;-1;0;0;0;0;0;0;0;0;0;-1;0.00000000;0.00000000;0.00000000;0.00000000;0.00000000;0.00000000;0.00000000;
72715211;11.8;32;0;0;0;-75.5;0;0;0;0;4108;0.044;0.0486;0.0001;0.5757;0.0023;185409;185647;308.744;0;101;-0.003;0.358;72715179;0.0486;0.0001;0.5757;0.0023;0.689;39.011;0;0;0.893;383.669;384.162;1;-1;0;0;0;0;0;0;0;0;0;-1;0.00000000;0.00000000;0.00000000;0.00000000;0.00000000;0.00000000;0.00000000;
72715245;11.8;32;0;0;0;-75.2;0;0;0;0;3840;0.054;0.0486;0.0001;0.5757;0.0023;185420;185658;283.122;0;101;-0.003;0.324;72715211;0.0486;0.0001;0.5757;0.0023;0.689;39.011;0;0;0.849;383.696;384.189;1;-1;0;0;0;0;0;0;0;0;0;-1;0.00000000;0.00000000;0.00000000;0.00000000;0.00000000;0.00000000;0.00000000;
72715279;11.8;32;0;0;0;-75.8;0;0;0;0;3625;0.04;0.0486;0.0001;0.5757;0.0023;185431;185669;235.543;0;101;-0.001;0.315;72715245;0.0486;0.0001;0.5757;0.0023;0.689;39.011;0;0;0.794;383.719;384.212;1;-1;0;0;0;0;0;0;0;0;0;-1;0.00000000;0.00000000;0.00000000;0.00000000;0.00000000;0.00000000;0.00000000;
72715310;11.8;32;0;0;0;-75.7;0;0;0;0;3311;0.039;0.0486;0.0001;0.5757;0.0023;185440;185678;44.4234;0;101;0.001;0.265;72715279;0.0486;0.0001;0.5757;0.0023;0.689;39.011;0;0;0.749;383.742;384.234;1;-1;0;0;0;0;0;0;0;0;0;-1;0.00000000;0.00000000;0.00000000;0.00000000;0.00000000;0.00000000;0.00000000;
72715346;11.8;32;0;0;0;-75.9;0;0;0;0;3127;0.039;0.0486;0.0001;0.5757;0.0023;185450;185688;271.701;0;101;-0.003;0.27;72715311;0.0486;0.0001;0.5757;0.0023;0.689;39.011;0;0;0.685;383.761;384.253;1;-1;0;0;0;0;0;0;0;0;0;-1;0.00000000;0.00000000;0.00000000;0.00000000;0.00000000;0.00000000;0.00000000;
72715378;11.8;32;0;0;0;-75.9;0;0;0;0;2886;0.031;0.0486;0.0001;0.5757;0.0023;185458;185696;49.8456;0;101;0.005;0.238;72715347;0.0486;0.0001;0.5757;0.0023;0.689;39.011;0;0;0.647;383.781;384.274;1;-1;0;0;0;0;0;0;0;0;0;-1;0.00000000;0.00000000;0.00000000;0.00000000;0.00000000;0.00000000;0.00000000;
72715396;11.8;32;0;0;0;-76;0;0;0;0;2733;0.031;0.0486;0.0001;0.5757;0.0023;185463;185701;315.247;0;101;-0.001;0.211;72715379;0.0486;0.0001;0.5757;0.0023;0.689;39.011;0;0;0.597;383.798;384.29;1;-1;0;0;0;0;0;0;0;0;0;-1;0.00000000;0.00000000;0.00000000;0.00000000;0.00000000;0.00000000;0.00000000;
72715427;11.8;32;0;0;0;-76;0;0;0;0;2497;0.027;0.0486;0.0001;0.5757;0.0023;185469;185707;343.738;0;101;0.002;0.199;72715396;0.0486;0.0001;0.5757;0.0023;0.689;39.011;0;0;0.565;383.808;384.301;1;-1;0;0;0;0;0;0;0;0;0;-1;0.00000000;0.00000000;0.00000000;0.00000000;0.00000000;0.00000000;0.00000000;
72715462;11.8;32;0;0;0;-75.7;0;0;0;0;2243;0.024;0.0486;0.0001;0.5757;0.0023;185476;185714;7.97183;0;101;0.006;0.177;72715427;0.0486;0.0001;0.5757;0.0023;0.689;39.011;0;0;0.516;383.821;384.313;1;-1;0;0;0;0;0;0;0;0;0;-1;0.00000000;0.00000000;0.00000000;0.00000000;0.00000000;0.00000000;0.00000000;
72715495;11.8;32;0;0;0;-75.6;0;0;0;0;2065;0.021;0.0486;0.0001;0.5757;0.0023;185482;185720;3.55869;0;101;0.003;0.168;72715462;0.0486;0.0001;0.5757;0.0023;0.689;39.012;0;0;0.464;383.835;384.328;1;-1;0;0;0;0;0;0;0;0;0;-1;0.00000000;0.00000000;0.00000000;0.00000000;0.00000000;0.00000000;0.00000000;
72715528;11.8;32;0;0;0;-75.2;0;0;0;0;1885;0.022;0.0486;0.0001;0.5757;0.0023;185487;185725;327.351;0;101;0.002;0.15;72715495;0.0486;0.0001;0.5757;0.0023;0.689;39.011;0;0;0.427;383.847;384.34;1;-1;0;0;0;0;0;0;0;0;0;-1;0.00000000;0.00000000;0.00000000;0.00000000;0.00000000;0.00000000;0.00000000;
72715562;11.8;32;0;0;0;-74.9;0;0;0;0;1703;0.02;0.0486;0.0001;0.5757;0.0023;185492;185730;255.365;0;101;0.001;0.134;72715529;0.0486;0.0001;0.5757;0.0023;0.689;39.012;0;0;0.39;383.858;384.35;1;-1;0;0;0;0;0;0;0;0;0;-1;0.00000000;0.00000000;0.00000000;0.00000000;0.00000000;0.00000000;0.00000000;
72715594;11.8;32;0;0;0;-75.4;0;0;0;0;1501;0.014;0.0486;0.0001;0.5757;0.0023;185496;185734;124.68;0;101;0.009;0.117;72715563;0.0486;0.0001;0.5757;0.0023;0.689;39.012;0;0;0.352;383.868;384.361;1;-1;0;0;0;0;0;0;0;0;0;-1;0.00000000;0.00000000;0.00000000;0.00000000;0.00000000;0.00000000;0.00000000;
72715627;11.8;32;0;0;0;-75.4;0;0;0;0;1349;0.013;0.0486;0.0001;0.5757;0.0023;185499;185737;350.552;0;101;0.003;0.099;72715595;0.0486;0.0001;0.5757;0.0023;0.689;39.013;0;0;0.31;383.876;384.369;1;-1;0;0;0;0;0;0;0;0;0;-1;0.00000000;0.00000000;0.00000000;0.00000000;0.00000000;0.00000000;0.00000000;
72715662;11.8;32;0;0;0;-75;0;0;0;0;1116;0.009;0.0486;0.0001;0.5757;0.0023;185502;185740;154.489;0;101;0.001;0.078;72715628;0.0486;0.0001;0.5757;0.0023;0.689;39.013;0;0;0.279;383.883;384.375;1;-1;0;0;0;0;0;0;0;0;0;-1;0.00000000;0.00000000;0.00000000;0.00000000;0.00000000;0.00000000;0.00000000;
72715702;11.8;32;0;0;0;-75.1;0;0;0;0;1031;0;0.0486;0.0001;0.5757;0.0023;185505;185743;328.44;0;101;0.006;0.077;72715662;0.0486;0.0001;0.5757;0.0023;0.689;39.013;0;0;0.23;383.889;384.381;1;-1;0;0;0;0;0;0;0;0;0;-1;0.00000000;0.00000000;0.00000000;0.00000000;0.00000000;0.00000000;0.00000000;
72715732;11.8;32;0;0;0;-74.9;0;0;0;0;554;0.015;0.0486;0.0001;0.5757;0.0023;185507;185745;103.239;0;101;0.011;0.079;72715703;0.0486;0.0001;0.5757;0.0023;0.689;39.013;0;0;0.213;383.895;384.388;1;-1;0;0;0;0;0;0;0;0;0;-1;0.00000000;0.00000000;0.00000000;0.00000000;0.00000000;0.00000000;0.00000000;
72715768;11.8;32;0;0;0;-74.4;0;0;0;0;-98;-0.001;0.0486;0.0001;0.5757;0.0023;185507;185747;83.2033;0;101;0.001;-0.009;72715733;0.0486;0.0001;0.5757;0.0023;0.689;39.014;0;0;0.114;383.899;384.392;1;-1;0;0;0;0;0;0;0;0;0;-1;0.00000000;0.00000000;0.00000000;0.00000000;0.00000000;0.00000000;0.00000000;
72715797;11.8;32;0;0;0;-74.9;0;0;0;0;7;0;0.0486;0.0001;0.5757;0.0023;185507;185747;99.7181;0;101;-0.002;0.008;72715768;0.0486;0.0001;0.5757;0.0023;0.689;39.015;0;0;-0.02;383.899;384.396;1;-1;0;0;0;0;0;0;0;0;0;-1;0.00000000;0.00000000;0.00000000;0.00000000;0.00000000;0.00000000;0.00000000;
72715826;11.8;32;0;0;0;-75.1;0;0;0;0;-20;0;0.0486;0.0001;0.5757;0.0023;185507;185747;86.7651;0;101;0.003;-0.007;72715797;0.0486;0.0001;0.5757;0.0023;0.689;39.015;0;0;0.001;383.899;384.396;1;-1;0;0;0;0;0;0;0;0;0;-1;0.00000000;0.00000000;0.00000000;0.00000000;0.00000000;0.00000000;0.00000000;
72715858;11.8;32;0;0;0;-75.3;0;0;0;0;-31;0;0.0486;0.0001;0.5757;0.0023;185507;185747;77.1839;0;101;0.003;-0.004;72715826;0.0486;0.0001;0.5757;0.0023;0.689;39.015;0;0;-0.004;383.899;384.396;1;-1;0;0;0;0;0;0;0;0;0;-1;0.00000000;0.00000000;0.00000000;0.00000000;0.00000000;0.00000000;0.00000000;
72715892;11.8;32;0;0;0;-75.3;0;0;0;0;-35;0;0.0486;0.0001;0.5757;0.0023;185507;185747;69.0598;0;101;0.002;-0.003;72715858;0.0486;0.0001;0.5757;0.0023;0.689;39.016;0;0;-0.006;383.899;384.396;1;-1;0;0;0;0;0;0;0;0;0;-1;0.00000000;0.00000000;0.00000000;0.00000000;0.00000000;0.00000000;0.00000000;
72715926;11.8;32;0;0;0;-75.4;0;0;0;0;-33;0;0.0486;0.0001;0.5757;0.0023;185507;185747;63.0861;0;101;0.003;-0.003;72715893;0.0486;0.0001;0.5757;0.0023;0.689;39.017;0;0;-0.007;383.899;384.396;1;-1;0;0;0;0;0;0;0;0;0;-1;0.00000000;0.00000000;0.00000000;0.00000000;0.00000000;0.00000000;0.00000000;
72715958;11.8;32;0;0;0;-75.5;0;0;0;0;-31;0;0.0486;0.0001;0.5757;0.0023;185506;185748;56.9556;0;101;0.003;-0.003;72715926;0.0486;0.0001;0.5757;0.0023;0.689;39.017;0;0;-0.006;383.899;384.396;1;-1;0;0;0;0;0;0;0;0;0;-1;0.00000000;0.00000000;0.00000000;0.00000000;0.00000000;0.00000000;0.00000000;
72715992;11.8;32;0;0;0;-75.5;0;0;0;0;-28;0;0.0486;0.0001;0.5757;0.0023;185506;185748;52.5809;0;101;0.003;-0.003;72715959;0.0486;0.0001;0.5757;0.0023;0.689;39.018;0;0;-0.006;383.897;384.398;1;-1;0;0;0;0;0;0;0;0;0;-1;0.00000000;0.00000000;0.00000000;0.00000000;0.00000000;0.00000000;0.00000000;
72716025;11.8;32;0;0;0;-75.5;0;0;0;0;-23;0.001;0.0486;0.0001;0.5757;0.0023;185506;185748;49.1488;0;101;0.004;-0.002;72715992;0.0486;0.0001;0.5757;0.0023;0.689;39.019;0;0;-0.005;383.897;384.398;1;-1;0;0;0;0;0;0;0;0;0;-1;0.00000000;0.00000000;0.00000000;0.00000000;0.00000000;0.00000000;0.00000000;
72716059;11.8;32;0;0;0;-75.9;0;0;0;0;-19;0;0.0486;0.0001;0.5757;0.0023;185506;185748;46.3422;0;101;0.004;-0.002;72716025;0.0486;0.0001;0.5757;0.0023;0.689;39.019;0;0;-0.004;383.897;384.398;1;-1;0;0;0;0;0;0;0;0;0;-1;0.00000000;0.00000000;0.00000000;0.00000000;0.00000000;0.00000000;0.00000000;
72716093;11.8;32;0;0;0;-75.7;0;0;0;0;0;0;0.0486;0.0001;0.5757;0.0023;185506;185748;45.0081;0;101;0.004;-0.001;72716059;0.0486;0.0001;0.5757;0.0023;0.689;39.019;0;0;-0.004;383.897;384.398;1;-1;0;0;0;0;0;0;0;0;0;-1;0.00000000;0.00000000;0.00000000;0.00000000;0.00000000;0.00000000;0.00000000;
72716126;11.8;32;0;0;0;-75.5;0;0;0;0;0;0;0.0486;0.0001;0.5757;0.0023;185506;185748;45;0;101;0.004;-0.002;72716093;0.0486;0.0001;0.5757;0.0023;0.689;39.02;0;0;0;383.897;384.398;1;-1;0;0;0;0;0;0;0;0;0;-1;0.00000000;0.00000000;0.00000000;0.00000000;0.00000000;0.00000000;0.00000000;
72716160;11.8;32;0;0;0;-75.3;0;0;0;0;0;0;0.0486;0.0001;0.5757;0.0023;185506;185748;44.9971;0;101;0.005;-0.002;72716126;0.0486;0.0001;0.5757;0.0023;0.689;39.02;0;0;0;383.897;384.398;1;-1;0;0;0;0;0;0;0;0;0;-1;0.00000000;0.00000000;0.00000000;0.00000000;0.00000000;0.00000000;0.00000000;
72716202;11.8;32;0;0;0;-75;0;0;0;0;0;0;0.0486;0.0001;0.5757;0.0023;185506;185748;44.9863;0;101;0.004;-0.001;72716161;0.0486;0.0001;0.5757;0.0023;0.689;39.019;0;0;0;383.897;384.398;1;-1;0;0;0;0;0;0;0;0;0;-1;0.00000000;0.00000000;0.00000000;0.00000000;0.00000000;0.00000000;0.00000000;
72716232;11.8;32;0;0;0;-75.1;0;0;0;0;0;0;0.0486;0.0001;0.5757;0.0023;185506;185748;45;0;101;0.004;-0.001;72716203;0.0486;0.0001;0.5757;0.0023;0.689;39.019;0;0;0;383.897;384.398;1;-1;0;0;0;0;0;0;0;0;0;-1;0.00000000;0.00000000;0.00000000;0.00000000;0.00000000;0.00000000;0.00000000;
72716274;11.8;32;0;0;0;-75.4;0;0;0;0;0;0;0.0486;0.0001;0.5757;0.0023;185506;185748;45.0039;0;101;0.004;-0.001;72716232;0.0486;0.0001;0.5757;0.0023;0.689;39.019;0;0;0;383.897;384.398;1;-1;0;0;0;0;0;0;0;0;0;-1;0.00000000;0.00000000;0.00000000;0.00000000;0.00000000;0.00000000;0.00000000;
72716308;11.8;32;0;0;0;-75;0;0;0;0;0;0;0.0486;0.0001;0.5757;0.0023;185506;185748;44.9217;0;101;0.004;-0.001;72716276;0.0486;0.0001;0.5757;0.0023;0.689;39.02;0;0;0;383.897;384.398;1;-1;0;0;0;0;0;0;0;0;0;-1;0.00000000;0.00000000;0.00000000;0.00000000;0.00000000;0.00000000;0.00000000;
72716343;11.8;32;0;0;0;-74.8;0;0;0;0;0;0;0.0486;0.0001;0.5757;0.0023;185506;185748;44.9932;0;101;0.004;-0.001;72716308;0.0486;0.0001;0.5757;0.0023;0.689;39.02;0;0;0;383.897;384.398;1;-1;0;0;0;0;0;0;0;0;0;-1;0.00000000;0.00000000;0.00000000;0.00000000;0.00000000;0.00000000;0.00000000;
72716376;11.8;32;0;0;0;-74.5;0;0;0;0;0;-0.001;0.0486;0.0001;0.5757;0.0023;185506;185748;45;0;101;0.004;-0.001;72716344;0.0486;0.0001;0.5757;0.0023;0.689;39.021;0;0;0;383.897;384.398;1;-1;0;0;0;0;0;0;0;0;0;-1;0.00000000;0.00000000;0.00000000;0.00000000;0.00000000;0.00000000;0.00000000;
72716409;11.8;32;0;0;0;-74.6;0;0;0;0;0;0;0.0486;0.0001;0.5757;0.0023;185506;185748;44.9589;0;101;0.004;-0.001;72716376;0.0486;0.0001;0.5757;0.0023;0.689;39.021;0;0;0;383.897;384.398;1;-1;0;0;0;0;0;0;0;0;0;-1;0.00000000;0.00000000;0.00000000;0.00000000;0.00000000;0.00000000;0.00000000;
72716443;11.8;32;0;0;0;-74.7;0;0;0;0;0;0;0.0486;0.0001;0.5757;0.0023;185506;185748;45;0;101;0.004;-0.002;72716409;0.0486;0.0001;0.5757;0.0023;0.689;39.021;0;0;0;383.897;384.398;1;-1;0;0;0;0;0;0;0;0;0;-1;0.00000000;0.00000000;0.00000000;0.00000000;0.00000000;0.00000000;0.00000000;
72716461;11.8;32;0;0;0;-74.6;0;0;0;0;0;0;0.0486;0.0001;0.5757;0.0023;185506;185748;44.9766;0;101;0.004;-0.001;72716443;0.0486;0.0001;0.5757;0.0023;0.689;39.022;0;0;0;383.897;384.398;1;-1;0;0;0;0;0;0;0;0;0;-1;0.00000000;0.00000000;0.00000000;0.00000000;0.00000000;0.00000000;0.00000000;
72716492;11.8;32;0;0;0;-74.3;0;0;0;0;0;0;0.0486;0.0001;0.5757;0.0023;185506;185748;45.0079;0;101;0.004;-0.001;72716461;0.0486;0.0001;0.5757;0.0023;0.689;39.022;0;0;0;383.897;384.398;1;-1;0;0;0;0;0;0;0;0;0;-1;0.00000000;0.00000000;0.00000000;0.00000000;0.00000000;0.00000000;0.00000000;
72716526;11.8;32;0;0;0;-74.6;0;0;0;0;0;0;0.0486;0.0001;0.5757;0.0023;185506;185748;45;0;101;0.004;-0.001;72716494;0.0486;0.0001;0.5757;0.0023;0.689;39.023;0;0;0;383.897;384.398;1;-1;0;0;0;0;0;0;0;0;0;-1;0.00000000;0.00000000;0.00000000;0.00000000;0.00000000;0.00000000;0.00000000;
72716560;11.8;32;0;0;0;-75;0;0;0;0;0;0;0.0486;0.0001;0.5757;0.0023;185506;185748;45.0039;0;101;0.004;-0.001;72716526;0.0486;0.0001;0.5757;0.0023;0.689;39.024;0;0;0;383.897;384.398;1;-1;0;0;0;0;0;0;0;0;0;-1;0.00000000;0.00000000;0.00000000;0.00000000;0.00000000;0.00000000;0.00000000;
72716593;11.8;32;0;0;0;-75.4;0;0;0;0;0;0;0.0486;0.0001;0.5757;0.0023;185506;185748;45.0039;0;101;0.004;-0.001;72716560;0.0486;0.0001;0.5757;0.0023;0.689;39.024;0;0;0;383.897;384.398;1;-1;0;0;0;0;0;0;0;0;0;-1;0.00000000;0.00000000;0.00000000;0.00000000;0.00000000;0.00000000;0.00000000;
72716626;11.8;32;0;0;0;-75.8;0;0;0;0;0;0;0.0486;0.0001;0.5757;0.0023;185506;185748;45;0;101;0.005;-0.001;72716593;0.0486;0.0001;0.5757;0.0023;0.689;39.025;0;0;0;383.897;384.398;1;-1;0;0;0;0;0;0;0;0;0;-1;0.00000000;0.00000000;0.00000000;0.00000000;0.00000000;0.00000000;0.00000000;
72716645;11.8;31.9;0;0;0;-75.5;0;0;0;0;0;0;0.0486;0.0001;0.5757;0.0023;185506;185748;44.9384;0;101;0.004;-0.002;72716627;0.0486;0.0001;0.5757;0.0023;0.689;39.026;0;0;0;383.897;384.398;1;-1;0;0;0;0;0;0;0;0;0;-1;0.00000000;0.00000000;0.00000000;0.00000000;0.00000000;0.00000000;0.00000000;
72716677;11.8;31.9;0;0;0;-74.9;0;0;0;0;0;0;0.0486;0.0001;0.5757;0.0023;185506;185748;45;0;101;0.004;-0.002;72716645;0.0486;0.0001;0.5757;0.0023;0.689;39.027;0;0;0;383.897;384.398;1;-1;0;0;0;0;0;0;0;0;0;-1;0.00000000;0.00000000;0.00000000;0.00000000;0.00000000;0.00000000;0.00000000;
72716710;11.8;31.9;0;0;0;-74.8;0;0;0;0;0;0;0.0486;0.0001;0.5757;0.0023;185506;185748;44.9766;0;101;0.004;-0.001;72716677;0.0486;0.0001;0.5757;0.0023;0.689;39.028;0;0;0;383.897;384.398;1;-1;0;0;0;0;0;0;0;0;0;-1;0.00000000;0.00000000;0.00000000;0.00000000;0.00000000;0.00000000;0.00000000;
72716743;11.8;31.9;0;0;0;-74.3;0;0;0;0;0;0;0.0486;0.0001;0.5757;0.0023;185506;185748;44.9863;0;101;0.004;-0.001;72716710;0.0486;0.0001;0.5757;0.0023;0.689;39.029;0;0;0;383.897;384.398;1;-1;0;0;0;0;0;0;0;0;0;-1;0.00000000;0.00000000;0.00000000;0.00000000;0.00000000;0.00000000;0.00000000;
72716778;11.8;31.9;0;0;0;-74.6;0;0;0;0;0;0;0.0486;0.0001;0.5757;0.0023;185506;185748;45;0;101;0.004;-0.001;72716744;0.0486;0.0001;0.5757;0.0023;0.689;39.031;0;0;0;383.897;384.398;1;-1;0;0;0;0;0;0;0;0;0;-1;0.00000000;0.00000000;0.00000000;0.00000000;0.00000000;0.00000000;0.00000000;
72716826;11.8;31.9;0;0;0;-74.6;0;0;0;0;0;0;0.0486;0.0001;0.5757;0.0023;185506;185748;44.9726;0;101;0.004;-0.002;72716778;0.0486;0.0001;0.5757;0.0023;0.689;39.032;0;0;0;383.897;384.398;1;-1;0;0;0;0;0;0;0;0;0;-1;0.00000000;0.00000000;0.00000000;0.00000000;0.00000000;0.00000000;0.00000000;
72716845;11.8;31.9;0;0;0;-74.6;0;0;0;0;0;0;0.0486;0.0001;0.5757;0.0023;185506;185748;45;0;101;0.004;-0.002;72716826;0.0486;0.0001;0.5757;0.0023;0.689;39.034;0;0;0;383.897;384.398;1;-1;0;0;0;0;0;0;0;0;0;-1;0.00000000;0.00000000;0.00000000;0.00000000;0.00000000;0.00000000;0.00000000;
72716874;11.8;31.9;0;0;0;-74.7;0;0;0;0;0;0;0.0486;0.0001;0.5757;0.0023;185506;185748;44.9658;0;101;0.004;-0.002;72716845;0.0486;0.0001;0.5757;0.0023;0.689;39.036;0;0;0;383.897;384.398;1;-1;0;0;0;0;0;0;0;0;0;-1;0.00000000;0.00000000;0.00000000;0.00000000;0.00000000;0.00000000;0.00000000;
72716911;11.8;31.9;0;0;0;-74.6;0;0;0;0;0;0;0.0486;0.0001;0.5757;0.0023;185506;185748;45.004;0;101;0.004;-0.002;72716876;0.0486;0.0001;0.5757;0.0023;0.689;39.038;0;0;0;383.897;384.398;1;-1;0;0;0;0;0;0;0;0;0;-1;0.00000000;0.00000000;0.00000000;0.00000000;0.00000000;0.00000000;0.00000000;
72716950;11.8;31.9;0;0;0;-74.7;0;0;0;0;0;0.001;0.0486;0.0001;0.5757;0.0023;185506;185748;45;0;101;0.004;-0.002;72716911;0.0486;0.0001;0.5757;0.0023;0.689;39.04;0;0;0;383.897;384.398;1;-1;0;0;0;0;0;0;0;0;0;-1;0.00000000;0.00000000;0.00000000;0.00000000;0.00000000;0.00000000;0.00000000;
72716983;11.8;31.9;0;0;0;-74.5;0;0;0;0;0;0;0.0486;0.0001;0.5757;0.0023;185506;185748;44.9971;0;101;0.004;-0.001;72716950;0.0486;0.0001;0.5757;0.0023;0.689;39.042;0;0;0;383.897;384.398;1;-1;0;0;0;0;0;0;0;0;0;-1;0.00000000;0.00000000;0.00000000;0.00000000;0.00000000;0.00000000;0.00000000;
72717025;11.8;31.9;0;0;0;-74.4;0;0;0;0;0;-0.001;0.0486;0.0001;0.5757;0.0023;185506;185748;45.004;0;101;0.005;-0.001;72716983;0.0486;0.0001;0.5757;0.0023;0.689;39.043;0;0;0;383.897;384.398;1;-1;0;0;0;0;0;0;0;0;0;-1;0.00000000;0.00000000;0.00000000;0.00000000;0.00000000;0.00000000;0.00000000;
72717057;11.8;31.9;0;0;0;-74.9;0;0;0;0;0;0;0.0486;0.0001;0.5757;0.0023;185506;185748;45;0;101;0.004;-0.001;72717026;0.0486;0.0001;0.5757;0.0023;0.689;39.045;0;0;0;383.897;384.398;1;-1;0;0;0;0;0;0;0;0;0;-1;0.00000000;0.00000000;0.00000000;0.00000000;0.00000000;0.00000000;0.00000000;
72717092;11.8;31.9;0;0;0;-75.1;0;0;0;0;0;-0.001;0.0486;0.0001;0.5757;0.0023;185506;185748;44.9658;0;101;0.004;-0.001;72717059;0.0486;0.0001;0.5757;0.0023;0.689;39.047;0;0;0;383.897;384.398;1;-1;0;0;0;0;0;0;0;0;0;-1;0.00000000;0.00000000;0.00000000;0.00000000;0.00000000;0.00000000;0.00000000;
72717125;11.8;31.9;0;0;0;-75.5;0;0;0;0;0;-0.001;0.0486;0.0001;0.5757;0.0023;185506;185748;45;0;101;0.004;-0.001;72717092;0.0486;0.0001;0.5757;0.0023;0.689;39.048;0;0;0;383.897;384.398;1;-1;0;0;0;0;0;0;0;0;0;-1;0.00000000;0.00000000;0.00000000;0.00000000;0.00000000;0.00000000;0.00000000;
72717159;11.8;31.9;0;0;0;-75.1;0;0;0;0;0;0;0.0486;0.0001;0.5757;0.0023;185506;185748;44.9658;0;101;0.004;-0.002;72717125;0.0486;0.0001;0.5757;0.0023;0.689;39.049;0;0;0;383.897;384.398;1;-1;0;0;0;0;0;0;0;0;0;-1;0.00000000;0.00000000;0.00000000;0.00000000;0.00000000;0.00000000;0.00000000;
72717208;11.8;31.9;0;0;0;-75;0;0;0;0;0;-0.001;0.0486;0.0001;0.5757;0.0023;185506;185748;44.9863;0;101;0.004;-0.001;72717160;0.0486;0.0001;0.5757;0.0023;0.689;39.051;0;0;0;383.897;384.398;1;-1;0;0;0;0;0;0;0;0;0;-1;0.00000000;0.00000000;0.00000000;0.00000000;0.00000000;0.00000000;0.00000000;
72717242;11.8;31.9;0;0;0;-75;0;0;0;0;0;0;0.0486;0.0001;0.5757;0.0023;185506;185748;44.9726;0;101;0.004;-0.002;72717209;0.0486;0.0001;0.5757;0.0023;0.689;39.053;0;0;0;383.897;384.398;1;-1;0;0;0;0;0;0;0;0;0;-1;0.00000000;0.00000000;0.00000000;0.00000000;0.00000000;0.00000000;0.00000000;
72717275;11.8;31.9;0;0;0;-74.8;0;0;0;0;0;0;0.0486;0.0001;0.5757;0.0023;185506;185748;45;0;101;0.004;-0.001;72717242;0.0486;0.0001;0.5757;0.0023;0.689;39.054;0;0;0;383.897;384.398;1;-1;0;0;0;0;0;0;0;0;0;-1;0.00000000;0.00000000;0.00000000;0.00000000;0.00000000;0.00000000;0.00000000;
72717308;11.8;31.9;0;0;0;-74.9;0;0;0;0;0;-0.001;0.0486;0.0001;0.5757;0.0023;185506;185748;44.9246;0;101;0.004;-0.001;72717276;0.0486;0.0001;0.5757;0.0023;0.689;39.055;0;0;0;383.897;384.398;1;-1;0;0;0;0;0;0;0;0;0;-1;0.00000000;0.00000000;0.00000000;0.00000000;0.00000000;0.00000000;0.00000000;
72717342;11.8;31.9;0;0;0;-74.6;0;0;0;0;0;0;0.0486;0.0001;0.5757;0.0023;185506;185748;44.9452;0;101;0.004;-0.001;72717308;0.0486;0.0001;0.5757;0.0023;0.689;39.056;0;0;0;383.897;384.398;1;-1;0;0;0;0;0;0;0;0;0;-1;0.00000000;0.00000000;0.00000000;0.00000000;0.00000000;0.00000000;0.00000000;
72717375;11.8;31.9;0;0;0;-74.5;0;0;0;0;0;0;0.0486;0.0001;0.5757;0.0023;185506;185748;44.9942;0;101;0.004;-0.001;72717342;0.0486;0.0001;0.5757;0.0023;0.689;39.057;0;0;0;383.897;384.398;1;-1;0;0;0;0;0;0;0;0;0;-1;0.00000000;0.00000000;0.00000000;0.00000000;0.00000000;0.00000000;0.00000000;
72717408;11.8;31.9;0;0;0;-74.4;0;0;0;0;0;0.001;0.0486;0.0001;0.5757;0.0023;185506;185748;45;0;101;0.004;-0.002;72717375;0.0486;0.0001;0.5757;0.0023;0.689;39.058;0;0;0;383.897;384.398;1;-1;0;0;0;0;0;0;0;0;0;-1;0.00000000;0.00000000;0.00000000;0.00000000;0.00000000;0.00000000;0.00000000;
72717443;11.8;31.9;0;0;0;-74.3;0;0;0;0;0;0;0.0486;0.0001;0.5757;0.0023;185506;185748;45.0129;0;101;0.004;-0.001;72717408;0.0486;0.0001;0.5757;0.0023;0.689;39.059;0;0;0;383.897;384.398;1;-1;0;0;0;0;0;0;0;0;0;-1;0.00000000;0.00000000;0.00000000;0.00000000;0.00000000;0.00000000;0.00000000;
72717461;11.8;31.9;0;0;0;-74;0;0;0;0;0;-0.001;0.0486;0.0001;0.5757;0.0023;185506;185748;45;0;101;0.004;-0.001;72717443;0.0486;0.0001;0.5757;0.0023;0.689;39.059;0;0;0;383.897;384.398;1;-1;0;0;0;0;0;0;0;0;0;-1;0.00000000;0.00000000;0.00000000;0.00000000;0.00000000;0.00000000;0.00000000;
72717493;11.8;31.8;0;0;0;-74.4;0;0;0;0;0;0;0.0486;0.0001;0.5757;0.0023;185506;185748;44.9932;0;101;0.004;-0.002;72717461;0.0486;0.0001;0.5757;0.0023;0.689;39.06;0;0;0;383.897;384.398;1;-1;0;0;0;0;0;0;0;0;0;-1;0.00000000;0.00000000;0.00000000;0.00000000;0.00000000;0.00000000;0.00000000;
72717527;11.8;31.8;0;0;0;-74.3;0;0;0;0;0;0;0.0486;0.0001;0.5757;0.0023;185506;185748;45;0;101;0.004;-0.001;72717493;0.0486;0.0001;0.5757;0.0023;0.69;39.061;0;0;0;383.897;384.398;1;-1;0;0;0;0;0;0;0;0;0;-1;0.00000000;0.00000000;0.00000000;0.00000000;0.00000000;0.00000000;0.00000000;
72717560;11.8;31.8;0;0;0;-74.8;0;0;0;0;0;0;0.0486;0.0001;0.5757;0.0023;185506;185748;45;0;101;0.004;-0.001;72717527;0.0486;0.0001;0.5757;0.0023;0.69;39.061;0;0;0;383.897;384.398;1;-1;0;0;0;0;0;0;0;0;0;-1;0.00000000;0.00000000;0.00000000;0.00000000;0.00000000;0.00000000;0.00000000;
72717593;11.8;31.8;0;0;0;-74.5;0;0;0;0;0;-0.001;0.0486;0.0001;0.5757;0.0023;185506;185748;45;0;101;0.004;-0.002;72717560;0.0486;0.0001;0.5757;0.0023;0.69;39.062;0;0;0;383.897;384.398;1;-1;0;0;0;0;0;0;0;0;0;-1;0.00000000;0.00000000;0.00000000;0.00000000;0.00000000;0.00000000;0.00000000;
72717626;11.8;31.8;0;0;0;-74.3;0;0;0;0;0;-0.001;0.0486;0.0001;0.5757;0.0023;185506;185748;45.0079;0;101;0.004;-0.001;72717594;0.0486;0.0001;0.5757;0.0023;0.69;39.062;0;0;0;383.897;384.398;1;-1;0;0;0;0;0;0;0;0;0;-1;0.00000000;0.00000000;0.00000000;0.00000000;0.00000000;0.00000000;0.00000000;
72717660;11.8;31.8;0;0;0;-74.1;0;0;0;0;0;0;0.0486;0.0001;0.5757;0.0023;185506;185748;45.0158;0;101;0.004;-0.002;72717626;0.0486;0.0001;0.5757;0.0023;0.69;39.063;0;0;0;383.897;384.398;1;-1;0;0;0;0;0;0;0;0;0;-1;0.00000000;0.00000000;0.00000000;0.00000000;0.00000000;0.00000000;0.00000000;
72717701;11.8;31.8;0;0;0;-74.1;0;0;0;0;0;0;0.0486;0.0001;0.5757;0.0023;185506;185748;44.9863;0;101;0.005;-0.001;72717661;0.0486;0.0001;0.5757;0.0023;0.69;39.063;0;0;0;383.897;384.398;1;-1;0;0;0;0;0;0;0;0;0;-1;0.00000000;0.00000000;0.00000000;0.00000000;0.00000000;0.00000000;0.00000000;
72717733;11.8;31.8;0;0;0;-74.8;0;0;0;0;0;0;0.0486;0.0001;0.5757;0.0023;185506;185748;44.9834;0;101;0.004;-0.001;72717701;0.0486;0.0001;0.5757;0.0023;0.69;39.063;0;0;0;383.897;384.398;1;-1;0;0;0;0;0;0;0;0;0;-1;0.00000000;0.00000000;0.00000000;0.00000000;0.00000000;0.00000000;0.00000000;
72717766;11.8;31.8;0;0;0;-75.1;0;0;0;0;0;0;0.0486;0.0001;0.5757;0.0023;185506;185748;44.9932;0;101;0.004;-0.001;72717733;0.0486;0.0001;0.5757;0.0023;0.69;39.063;0;0;0;383.897;384.398;1;-1;0;0;0;0;0;0;0;0;0;-1;0.00000000;0.00000000;0.00000000;0.00000000;0.00000000;0.00000000;0.00000000;
72717795;11.8;31.8;0;0;0;-74.8;0;0;0;0;0;0;0.0486;0.0001;0.5757;0.0023;185506;185748;44.9863;0;101;0.004;-0.001;72717766;0.0486;0.0001;0.5757;0.0023;0.69;39.063;0;0;0;383.897;384.398;1;-1;0;0;0;0;0;0;0;0;0;-1;0.00000000;0.00000000;0.00000000;0.00000000;0.00000000;0.00000000;0.00000000;
72717827;11.8;31.8;0;0;0;-74.4;0;0;0;0;0;0;0.0486;0.0001;0.5757;0.0023;185506;185748;44.9726;0;101;0.004;-0.001;72717795;0.0486;0.0001;0.5757;0.0023;0.69;39.063;0;0;0;383.897;384.398;1;-1;0;0;0;0;0;0;0;0;0;-1;0.00000000;0.00000000;0.00000000;0.00000000;0.00000000;0.00000000;0.00000000;
72717858;11.8;31.8;0;0;0;-74.4;0;0;0;0;0;0;0.0486;0.0001;0.5757;0.0023;185506;185748;44.9863;0;101;0.004;-0.001;72717828;0.0486;0.0001;0.5757;0.0023;0.69;39.062;0;0;0;383.897;384.398;1;-1;0;0;0;0;0;0;0;0;0;-1;0.00000000;0.00000000;0.00000000;0.00000000;0.00000000;0.00000000;0.00000000;
72717892;11.8;31.8;0;0;0;-74.3;0;0;0;0;0;0;0.0486;0.0001;0.5757;0.0023;185506;185748;45;0;101;0.004;-0.001;72717859;0.0486;0.0001;0.5757;0.0023;0.69;39.062;0;0;0;383.897;384.398;1;-1;0;0;0;0;0;0;0;0;0;-1;0.00000000;0.00000000;0.00000000;0.00000000;0.00000000;0.00000000;0.00000000;
72717926;11.8;31.8;0;0;0;-74.2;0;0;0;0;0;-0.001;0.0486;0.0001;0.5757;0.0023;185506;185748;44.9452;0;101;0.004;-0.001;72717893;0.0486;0.0001;0.5757;0.0023;0.69;39.061;0;0;0;383.897;384.398;1;-1;0;0;0;0;0;0;0;0;0;-1;0.00000000;0.00000000;0.00000000;0.00000000;0.00000000;0.00000000;0.00000000;
72717957;11.8;31.8;0;0;0;-74.4;0;0;0;0;0;0.001;0.0486;0.0001;0.5757;0.0023;185506;185748;45;0;101;0.004;-0.002;72717926;0.0486;0.0001;0.5757;0.0023;0.69;39.061;0;0;0;383.897;384.398;1;-1;0;0;0;0;0;0;0;0;0;-1;0.00000000;0.00000000;0.00000000;0.00000000;0.00000000;0.00000000;0.00000000;
72717992;11.8;31.8;0;0;0;-75.2;0;0;0;0;0;-0.001;0.0486;0.0001;0.5757;0.0023;185506;185748;44.9932;0;101;0.004;-0.002;72717958;0.0486;0.0001;0.5757;0.0023;0.69;39.061;0;0;0;383.897;384.398;1;-1;0;0;0;0;0;0;0;0;0;-1;0.00000000;0.00000000;0.00000000;0.00000000;0.00000000;0.00000000;0.00000000;
72718025;11.8;31.8;0;0;0;-75.6;0;0;0;0;0;0;0.0486;0.0001;0.5757;0.0023;185506;185748;44.9971;0;101;0.004;-0.001;72717992;0.0486;0.0001;0.5757;0.0023;0.69;39.061;0;0;0;383.897;384.398;1;-1;0;0;0;0;0;0;0;0;0;-1;0.00000000;0.00000000;0.00000000;0.00000000;0.00000000;0.00000000;0.00000000;
72718058;11.8;31.8;0;0;0;-75.6;0;0;0;0;0;0;0.0486;0.0001;0.5757;0.0023;185506;185748;45.01;0;101;0.004;-0.001;72718026;0.0486;0.0001;0.5757;0.0023;0.689;39.06;0;0;0;383.897;384.398;1;-1;0;0;0;0;0;0;0;0;0;-1;0.00000000;0.00000000;0.00000000;0.00000000;0.00000000;0.00000000;0.00000000;
72718093;11.8;31.8;0;0;0;-75.6;0;0;0;0;0;-0.001;0.0486;0.0001;0.5757;0.0023;185506;185748;45;0;101;0.004;-0.002;72718058;0.0486;0.0001;0.5757;0.0023;0.689;39.059;0;0;0;383.897;384.398;1;-1;0;0;0;0;0;0;0;0;0;-1;0.00000000;0.00000000;0.00000000;0.00000000;0.00000000;0.00000000;0.00000000;
72718125;11.8;31.8;0;0;0;-75.4;0;0;0;0;0;0;0.0486;0.0001;0.5757;0.0023;185506;185748;44.9423;0;101;0.004;-0.001;72718093;0.0486;0.0001;0.5757;0.0023;0.689;39.059;0;0;0;383.897;384.398;1;-1;0;0;0;0;0;0;0;0;0;-1;0.00000000;0.00000000;0.00000000;0.00000000;0.00000000;0.00000000;0.00000000;
72718159;11.8;31.8;0;0;0;-74.8;0;0;0;0;0;0;0.0486;0.0001;0.5757;0.0023;185506;185748;45.0079;0;101;0.004;-0.001;72718126;0.0486;0.0001;0.5757;0.0023;0.689;39.058;0;0;0;383.897;384.398;1;-1;0;0;0;0;0;0;0;0;0;-1;0.00000000;0.00000000;0.00000000;0.00000000;0.00000000;0.00000000;0.00000000;
72718202;11.8;31.8;0;0;0;-74.5;0;0;0;0;0;0;0.0486;0.0001;0.5757;0.0023;185506;185748;44.9863;0;101;0.004;-0.001;72718159;0.0486;0.0001;0.5757;0.0023;0.689;39.058;0;0;0;383.897;384.398;1;-1;0;0;0;0;0;0;0;0;0;-1;0.00000000;0.00000000;0.00000000;0.00000000;0.00000000;0.00000000;0.00000000;
72718234;11.8;31.8;0;0;0;-74.4;0;0;0;0;0;0;0.0486;0.0001;0.5757;0.0023;185506;185748;45;0;101;0.004;-0.001;72718204;0.0486;0.0001;0.5757;0.0023;0.689;39.057;0;0;0;383.897;384.398;1;-1;0;0;0;0;0;0;0;0;0;-1;0.00000000;0.00000000;0.00000000;0.00000000;0.00000000;0.00000000;0.00000000;
72718271;11.8;31.7;0;0;0;-74.6;0;0;0;0;0;0;0.0486;0.0001;0.5757;0.0023;185506;185748;45;0;101;0.004;-0.002;72718234;0.0486;0.0001;0.5757;0.0023;0.689;39.056;0;0;0;383.897;384.398;1;-1;0;0;0;0;0;0;0;0;0;-1;0.00000000;0.00000000;0.00000000;0.00000000;0.00000000;0.00000000;0.00000000;
72718296;11.8;31.8;0;0;0;-74.7;0;0;0;0;0;0;0.0486;0.0001;0.5757;0.0023;185506;185748;44.9932;0;101;0.004;-0.001;72718271;0.0486;0.0001;0.5757;0.0023;0.689;39.055;0;0;0;383.897;384.398;1;-1;0;0;0;0;0;0;0;0;0;-1;0.00000000;0.00000000;0.00000000;0.00000000;0.00000000;0.00000000;0.00000000;
72718328;11.8;31.8;0;0;0;-75.1;0;0;0;0;0;0;0.0486;0.0001;0.5757;0.0023;185506;185748;45;0;101;0.004;-0.002;72718297;0.0486;0.0001;0.5757;0.0023;0.689;39.054;0;0;0;383.897;384.398;1;-1;0;0;0;0;0;0;0;0;0;-1;0.00000000;0.00000000;0.00000000;0.00000000;0.00000000;0.00000000;0.00000000;
72718376;11.8;31.8;0;0;0;-75.2;0;0;0;0;0;0;0.0486;0.0001;0.5757;0.0023;185506;185748;44.9863;0;101;0.004;-0.002;72718329;0.0486;0.0001;0.5757;0.0023;0.689;39.053;0;0;0;383.897;384.398;1;-1;0;0;0;0;0;0;0;0;0;-1;0.00000000;0.00000000;0.00000000;0.00000000;0.00000000;0.00000000;0.00000000;
72718410;11.8;31.7;0;0;0;-75.3;0;0;0;0;0;0;0.0486;0.0001;0.5757;0.0023;185506;185748;45;0;101;0.004;-0.002;72718376;0.0486;0.0001;0.5757;0.0023;0.689;39.052;0;0;0;383.897;384.398;1;-1;0;0;0;0;0;0;0;0;0;-1;0.00000000;0.00000000;0.00000000;0.00000000;0.00000000;0.00000000;0.00000000;
72718428;11.8;31.8;0;0;0;-75.5;0;0;0;0;0;-0.001;0.0486;0.0001;0.5757;0.0023;185506;185748;44.9657;0;101;0.004;-0.001;72718410;0.0486;0.0001;0.5757;0.0023;0.689;39.052;0;0;0;383.897;384.398;1;-1;0;0;0;0;0;0;0;0;0;-1;0.00000000;0.00000000;0.00000000;0.00000000;0.00000000;0.00000000;0.00000000;
72718476;11.8;31.8;0;0;0;-75.5;0;0;0;0;0;0;0.0486;0.0001;0.5757;0.0023;185506;185748;45;0;101;0.004;-0.001;72718428;0.0486;0.0001;0.5757;0.0023;0.689;39.051;0;0;0;383.897;384.398;1;-1;0;0;0;0;0;0;0;0;0;-1;0.00000000;0.00000000;0.00000000;0.00000000;0.00000000;0.00000000;0.00000000;
72718493;11.8;31.7;0;0;0;-75.8;3.41;0.03;-0.09;3.53;30;0.016;0.0486;0.0001;0.5757;0.0023;185506;185748;59.1817;0;101;0.008;0.054;72718476;0.0486;0.0001;0.5757;0.0023;0.689;39.051;0;0;0;383.897;384.398;1;-1;0;0;0;0;0;0;0;0;0;-1;0.00000000;0.00000000;0.00000000;0.00000000;0.00000000;0.00000000;0.00000000;
72718529;11.8;31.7;0;0;0;-75.5;3.99;0.03;0.02;3.98;131;0.016;0.0486;0.0001;0.5757;0.0023;185507;185749;115.04;0;101;0.012;0.073;72718494;0.0486;0.0001;0.5757;0.0023;0.689;39.051;0.03;3.94;0.006;383.897;384.398;1;-1;0;0;0;0;0;0;0;0;0;-1;0.00000000;0.00000000;0.00000000;0.00000000;0.00000000;0.00000000;0.00000000;
72718560;11.8;31.7;0;0;0;-75.3;4.01;0.03;-0.01;4;207;0.016;0.0486;0.0001;0.5757;0.0023;185508;185750;176.729;0;101;0.001;0.076;72718529;0.0486;0.0001;0.5757;0.0023;0.689;39.053;0.03;4.13;0.027;383.899;384.4;1;-1;0;0;0;0;0;0;0;0;0;-1;0.00000000;0.00000000;0.00000000;0.00000000;0.00000000;0.00000000;0.00000000;
72718595;11.8;31.7;0;0;0;-74.9;4.03;0.03;0.03;4.01;249;0.015;0.0486;0.0001;0.5757;0.0023;185510;185752;244.184;0;101;0.007;0.074;72718560;0.0486;0.0001;0.5757;0.0023;0.689;39.057;0.03;4.18;0.042;383.901;384.402;1;-1;0;0;0;0;0;0;0;0;0;-1;0.00000000;0.00000000;0.00000000;0.00000000;0.00000000;0.00000000;0.00000000;
72718629;11.8;31.7;0;0;0;-75.1;4.01;0.03;0.02;3.99;279;0.015;0.0486;0.0001;0.5757;0.0023;185511;185753;307.986;0;101;0.004;0.075;72718596;0.0486;0.0001;0.5757;0.0023;0.69;39.063;0.03;4.09;0.051;383.905;384.406;1;-1;0;0;0;0;0;0;0;0;0;-1;0.00000000;0.00000000;0.00000000;0.00000000;0.00000000;0.00000000;0.00000000;
72718647;11.8;31.7;0;0;0;-75.5;3.94;0.03;0;3.92;279;0.017;0.0486;0.0001;0.5757;0.0023;185511;185753;339.648;0;101;0.002;0.076;72718630;0.0486;0.0001;0.5757;0.0023;0.69;39.07;0.03;3.98;0.057;383.907;384.408;1;-1;0;0;0;0;0;0;0;0;0;-1;0.00000000;0.00000000;0.00000000;0.00000000;0.00000000;0.00000000;0.00000000;
72718678;11.8;31.7;0;0;0;-75.3;4.03;0.03;-0.03;4.01;305;0.016;0.0486;0.0001;0.5757;0.0023;185512;185754;44.6068;0;101;0.003;0.077;72718647;0.0486;0.0001;0.5757;0.0023;0.69;39.074;0.03;4.05;0.057;383.907;384.408;1;-1;0;0;0;0;0;0;0;0;0;-1;0.00000000;0.00000000;0.00000000;0.00000000;0.00000000;0.00000000;0.00000000;
72718710;11.8;31.7;0;0;0;-75.3;3.99;0.03;0.07;3.98;284;0.017;0.0486;0.0001;0.5757;0.0023;185513;185755;92.9875;0;101;0.017;0.072;72718679;0.0486;0.0001;0.5757;0.0023;0.69;39.082;0.03;4.08;0.063;383.91;384.41;1;-1;0;0;0;0;0;0;0;0;0;-1;0.00000000;0.00000000;0.00000000;0.00000000;0.00000000;0.00000000;0.00000000;
72718745;11.8;31.7;0;0;0;-75.2;4.02;0.03;-0.04;4;307;0.017;0.0486;0.0001;0.5758;0.0023;185514;185756;161.004;0;101;0;0.076;72718711;0.0486;0.0001;0.5757;0.0023;0.69;39.092;0.03;4.01;0.058;383.912;384.412;1;-1;0;0;0;0;0;0;0;0;0;-1;0.00000000;0.00000000;0.00000000;0.00000000;0.00000000;0.00000000;0.00000000;
72718777;11.8;31.7;0;0;0;-74.9;4.02;0.03;-0.03;4.01;316;0.016;0.0486;0.0001;0.5758;0.0023;185515;185757;227.594;0;101;0.007;0.075;72718745;0.0486;0.0001;0.5758;0.0023;0.69;39.101;0.04;4.07;0.063;383.914;384.414;1;-1;0;0;0;0;0;0;0;0;0;-1;0.00000000;0.00000000;0.00000000;0.00000000;0.00000000;0.00000000;0.00000000;
72718810;11.8;31.7;0;0;0;-74.8;4;0.03;0;3.99;314;0.016;0.0486;0.0001;0.5758;0.0023;185516;185758;289.083;0;101;0.004;0.075;72718778;0.0486;0.0001;0.5758;0.0023;0.69;39.111;0.04;4.12;0.065;383.916;384.417;1;-1;0;0;0;0;0;0;0;0;0;-1;0.00000000;0.00000000;0.00000000;0.00000000;0.00000000;0.00000000;0.00000000;
72718845;11.8;31.7;0;0;0;-75;4.01;0.03;-0.01;3.99;308;0.016;0.0486;0.0001;0.5758;0.0023;185517;185759;351.61;0;101;0.005;0.076;72718811;0.0486;0.0001;0.5758;0.0023;0.691;39.122;0.03;4.17;0.065;383.918;384.419;1;-1;0;0;0;0;0;0;0;0;0;-1;0.00000000;0.00000000;0.00000000;0.00000000;0.00000000;0.00000000;0.00000000;
72718865;11.8;31.7;0;0;0;-75.3;3.99;0.03;0.19;3.97;318;0.017;0.0486;0.0001;0.5758;0.0023;185518;185760;29.3984;0;101;0.001;0.076;72718846;0.0486;0.0001;0.5758;0.0023;0.691;39.132;0.04;4.1;0.063;383.92;384.421;1;-1;0;0;0;0;0;0;0;0;0;-1;0.00000000;0.00000000;0.00000000;0.00000000;0.00000000;0.00000000;0.00000000;
72718898;11.8;31.7;0;0;0;-75.5;4.01;0.03;0;4;297;0.017;0.0486;0.0001;0.5758;0.0023;185519;185761;84.6429;0;101;0.015;0.073;72718865;0.0486;0.0001;0.5758;0.0023;0.691;39.137;0.04;3.96;0.065;383.922;384.423;1;-1;0;0;0;0;0;0;0;0;0;-1;0.00000000;0.00000000;0.00000000;0.00000000;0.00000000;0.00000000;0.00000000;
72718926;11.8;31.7;0;0;0;-75.5;4.01;0.03;0;3.99;310;0.017;0.0486;0.0001;0.5758;0.0023;185520;185762;143.025;0;101;0;0.076;72718898;0.0486;0.0001;0.5758;0.0023;0.691;39.146;0.03;3.89;0.061;383.924;384.425;1;-1;0;0;0;0;0;0;0;0;0;-1;0.00000000;0.00000000;0.00000000;0.00000000;0.00000000;0.00000000;0.00000000;
72718963;11.8;31.7;0;0;0;-75.4;4.01;0.03;-0.05;4;321;0.016;0.0486;0.0001;0.5758;0.0023;185521;185763;216.293;0;101;0.006;0.076;72718927;0.0486;0.0001;0.5758;0.0023;0.691;39.155;0.03;3.95;0.064;383.926;384.427;1;-1;0;0;0;0;0;0;0;0;0;-1;0.00000000;0.00000000;0.00000000;0.00000000;0.00000000;0.00000000;0.00000000;
72718995;11.8;31.7;0;0;0;-75.5;4;0.03;0.01;3.98;312;0.017;0.0486;0.0001;0.5758;0.0023;185522;185764;273.224;0;101;0.004;0.074;72718963;0.0486;0.0001;0.5758;0.0023;0.691;39.166;0.04;4.08;0.066;383.928;384.429;1;-1;0;0;0;0;0;0;0;0;0;-1;0.00000000;0.00000000;0.00000000;0.00000000;0.00000000;0.00000000;0.00000000;
72719028;11.8;31.7;0;0;0;-75.5;4.01;0.03;-0.02;4;313;0.017;0.0486;0.0001;0.5758;0.0023;185523;185765;336.783;0;101;0.004;0.076;72718995;0.0486;0.0001;0.5758;0.0023;0.692;39.175;0.03;3.94;0.064;383.93;384.431;1;-1;0;0;0;0;0;0;0;0;0;-1;0.00000000;0.00000000;0.00000000;0.00000000;0.00000000;0.00000000;0.00000000;
72719061;11.8;31.7;0;0;0;-75.5;4.02;0.03;-0.03;4.01;325;0.016;0.0486;0.0001;0.5758;0.0023;185524;185766;42.2692;0;101;0.003;0.077;72719029;0.0486;0.0001;0.5758;0.0023;0.692;39.184;0.04;4.03;0.064;383.932;384.433;1;-1;0;0;0;0;0;0;0;0;0;-1;0.00000000;0.00000000;0.00000000;0.00000000;0.00000000;0.00000000;0.00000000;
72719094;11.8;31.7;0;0;0;-75.9;4;0.03;0.03;3.99;301;0.017;0.0486;0.0001;0.5758;0.0023;185525;185767;97.4159;0;101;0.014;0.073;72719062;0.0486;0.0001;0.5758;0.0023;0.692;39.193;0.03;4.08;0.067;383.934;384.435;1;-1;0;0;0;0;0;0;0;0;0;-1;0.00000000;0.00000000;0.00000000;0.00000000;0.00000000;0.00000000;0.00000000;
72719129;11.8;31.6;0;0;0;-75.8;4.02;0.03;-0.04;4;317;0.016;0.0486;0.0001;0.5758;0.0023;185526;185768;166.694;0;101;0.001;0.076;72719110;0.0486;0.0001;0.5758;0.0023;0.692;39.202;0.04;4.07;0.062;383.936;384.437;1;-1;0;0;0;0;0;0;0;0;0;-1;0.00000000;0.00000000;0.00000000;0.00000000;0.00000000;0.00000000;0.00000000;
72719145;11.8;31.7;0;0;0;-75.7;4.03;0.03;0.21;4.01;318;0.016;0.0486;0.0001;0.5758;0.0023;185527;185769;199.509;0;101;0.012;0.074;72719129;0.0486;0.0001;0.5758;0.0023;0.692;39.211;0.04;4.08;0.065;383.939;384.439;1;-1;0;0;0;0;0;0;0;0;0;-1;0.00000000;0.00000000;0.00000000;0.00000000;0.00000000;0.00000000;0.00000000;
72719179;11.8;31.7;0;0;0;-75.5;4.01;0.03;0.01;4;310;0.016;0.0486;0.0001;0.5758;0.0023;185528;185770;258.525;0;101;0.003;0.074;72719145;0.0486;0.0001;0.5758;0.0023;0.692;39.216;0.03;3.89;0.065;383.941;384.441;1;-1;0;0;0;0;0;0;0;0;0;-1;0.00000000;0.00000000;0.00000000;0.00000000;0.00000000;0.00000000;0.00000000;
72719211;11.8;31.6;0;0;0;-75.4;4;0.03;0;3.98;314;0.017;0.0486;0.0001;0.5758;0.0023;185529;185771;322.142;0;101;0.004;0.075;72719179;0.0486;0.0001;0.5758;0.0023;0.692;39.225;0.03;3.84;0.064;383.943;384.443;1;-1;0;0;0;0;0;0;0;0;0;-1;0.00000000;0.00000000;0.00000000;0.00000000;0.00000000;0.00000000;0.00000000;
72719246;11.8;31.6;0;0;0;-75.1;4;0.03;-0.03;3.99;324;0.017;0.0486;0.0001;0.5758;0.0023;185530;185772;32.235;0;101;0;0.077;72719211;0.0486;0.0001;0.5758;0.0023;0.693;39.233;0.03;3.91;0.065;383.945;384.445;1;-1;0;0;0;0;0;0;0;0;0;-1;0.00000000;0.00000000;0.00000000;0.00000000;0.00000000;0.00000000;0.00000000;
72719276;11.8;31.7;0;0;0;-75.7;4.02;0.03;0.02;4;304;0.017;0.0486;0.0001;0.5758;0.0023;185531;185773;82.8998;0;101;0.015;0.073;72719246;0.0486;0.0001;0.5758;0.0023;0.693;39.242;0.03;3.94;0.067;383.947;384.448;1;-1;0;0;0;0;0;0;0;0;0;-1;0.00000000;0.00000000;0.00000000;0.00000000;0.00000000;0.00000000;0.00000000;
72719311;11.8;31.6;0;0;0;-75.3;4;0.03;-0.04;3.99;318;0.017;0.0486;0.0001;0.5758;0.0023;185532;185774;154.203;0;101;0;0.076;72719277;0.0486;0.0001;0.5758;0.0023;0.693;39.249;0.03;3.87;0.063;383.949;384.45;1;-1;0;0;0;0;0;0;0;0;0;-1;0.00000000;0.00000000;0.00000000;0.00000000;0.00000000;0.00000000;0.00000000;
72719343;11.8;31.7;0;0;0;-75.4;4.03;0.03;0.07;4.01;321;0.016;0.0486;0.0001;0.5758;0.0023;185533;185775;202.142;0;101;0.011;0.075;72719311;0.0486;0.0001;0.5758;0.0023;0.693;39.257;0.04;4.02;0.066;383.951;384.452;1;-1;0;0;0;0;0;0;0;0;0;-1;0.00000000;0.00000000;0.00000000;0.00000000;0.00000000;0.00000000;0.00000000;
72719379;11.8;31.6;0;0;0;-75.2;4;0.03;-0.05;3.98;317;0.017;0.0486;0.0001;0.5758;0.0023;185534;185776;277.96;0;101;0.002;0.075;72719343;0.0486;0.0001;0.5758;0.0023;0.693;39.263;0.04;3.99;0.066;383.953;384.454;1;-1;0;0;0;0;0;0;0;0;0;-1;0.00000000;0.00000000;0.00000000;0.00000000;0.00000000;0.00000000;0.00000000;
72719396;11.8;31.6;0;0;0;-75.2;4.06;0.03;0.1;4.04;316;0.016;0.0486;0.0001;0.5758;0.0023;185535;185777;315.455;0;101;0.01;0.074;72719379;0.0486;0.0001;0.5758;0.0023;0.693;39.273;0.04;4.08;0.065;383.955;384.456;1;-1;0;0;0;0;0;0;0;0;0;-1;0.00000000;0.00000000;0.00000000;0.00000000;0.00000000;0.00000000;0.00000000;
72719428;11.8;31.6;0;0;0;-75;4;0.03;0;3.99;316;0.016;0.0486;0.0001;0.5758;0.0023;185536;185778;17.44;0;101;0.002;0.077;72719397;0.0486;0.0001;0.5758;0.0023;0.693;39.278;0.03;3.82;0.065;383.957;384.458;1;-1;0;0;0;0;0;0;0;0;0;-1;0.00000000;0.00000000;0.00000000;0.00000000;0.00000000;0.00000000;0.00000000;
72719461;11.8;31.6;0;0;0;-74.8;4.03;0.03;-0.04;4.02;300;0.015;0.0486;0.0001;0.5758;0.0023;185537;185779;72.8141;0;101;0.012;0.074;72719428;0.0486;0.0001;0.5758;0.0023;0.693;39.285;0.03;3.76;0.065;383.959;384.46;1;-1;0;0;0;0;0;0;0;0;0;-1;0.00000000;0.00000000;0.00000000;0.00000000;0.00000000;0.00000000;0.00000000;
72719495;11.8;31.6;0;0;0;-74.8;3.98;0.03;0.05;3.97;311;0.017;0.0486;0.0001;0.5758;0.0023;185538;185780;139.518;0;101;0.002;0.075;72719461;0.0486;0.0001;0.5758;0.0023;0.694;39.292;0.03;3.84;0.062;383.961;384.462;1;-1;0;0;0;0;0;0;0;0;0;-1;0.00000000;0.00000000;0.00000000;0.00000000;0.00000000;0.00000000;0.00000000;
72719527;11.8;31.6;0;0;0;-75;4.01;0.03;-0.01;3.99;319;0.016;0.0486;0.0001;0.5759;0.0023;185539;185781;204.733;0;101;0.007;0.075;72719496;0.0486;0.0001;0.5758;0.0023;0.694;39.299;0.03;3.85;0.064;383.963;384.464;1;-1;0;0;0;0;0;0;0;0;0;-1;0.00000000;0.00000000;0.00000000;0.00000000;0.00000000;0.00000000;0.00000000;
72719560;11.8;31.6;0;0;0;-74.8;4;0.03;0;3.99;311;0.017;0.0486;0.0001;0.5759;0.0023;185540;185782;264.644;0;101;0.003;0.074;72719528;0.0486;0.0001;0.5759;0.0023;0.694;39.307;0.04;4.02;0.066;383.965;384.466;1;-1;0;0;0;0;0;0;0;0;0;-1;0.00000000;0.00000000;0.00000000;0.00000000;0.00000000;0.00000000;0.00000000;
72719592;11.8;31.6;0;0;0;-74.6;4.01;0.03;-0.02;3.99;317;0.017;0.0486;0.0001;0.5759;0.0023;185541;185783;329.291;0;101;0.002;0.076;72719561;0.0486;0.0001;0.5759;0.0023;0.694;39.314;0.03;3.9;0.064;383.967;384.468;1;-1;0;0;0;0;0;0;0;0;0;-1;0.00000000;0.00000000;0.00000000;0.00000000;0.00000000;0.00000000;0.00000000;
72719627;11.8;31.6;0;0;0;-74.6;4.01;0.03;-0.05;4;328;0.017;0.0486;0.0001;0.5759;0.0023;185542;185784;38.8954;0;101;0.001;0.077;72719594;0.0486;0.0001;0.5759;0.0023;0.694;39.32;0.04;3.97;0.065;383.97;384.47;1;-1;0;0;0;0;0;0;0;0;0;-1;0.00000000;0.00000000;0.00000000;0.00000000;0.00000000;0.00000000;0.00000000;
72719646;11.8;31.6;0;0;0;-74.7;4.09;0.03;-0.03;4.08;311;0.015;0.0486;0.0001;0.5759;0.0023;185543;185785;67.6869;0;101;0.018;0.073;72719627;0.0486;0.0001;0.5759;0.0023;0.694;39.327;0.03;4.11;0.068;383.972;384.472;1;-1;0;0;0;0;0;0;0;0;0;-1;0.00000000;0.00000000;0.00000000;0.00000000;0.00000000;0.00000000;0.00000000;
72719676;11.8;31.6;0;0;0;-74.8;4;0.03;0;3.98;311;0.015;0.0486;0.0001;0.5759;0.0023;185544;185786;124.17;0;101;0.007;0.074;72719646;0.0486;0.0001;0.5759;0.0023;0.694;39.331;0.03;3.97;0.064;383.974;384.474;1;-1;0;0;0;0;0;0;0;0;0;-1;0.00000000;0.00000000;0.00000000;0.00000000;0.00000000;0.00000000;0.00000000;
72719712;11.8;31.6;0;0;0;-74.6;4;0.03;0.05;3.98;319;0.016;0.0486;0.0001;0.5759;0.0023;185545;185787;195.24;0;101;0.005;0.075;72719677;0.0486;0.0001;0.5759;0.0023;0.694;39.338;0.03;4.06;0.064;383.976;384.477;1;-1;0;0;0;0;0;0;0;0;0;-1;0.00000000;0.00000000;0.00000000;0.00000000;0.00000000;0.00000000;0.00000000;
72719744;11.8;31.6;0;0;0;-74.5;4.02;0.03;0.02;4;312;0.015;0.0486;0.0001;0.5759;0.0023;185546;185788;252.568;0;101;0.003;0.074;72719713;0.0486;0.0001;0.5759;0.0023;0.695;39.345;0.03;3.8;0.066;383.978;384.479;1;-1;0;0;0;0;0;0;0;0;0;-1;0.00000000;0.00000000;0.00000000;0.00000000;0.00000000;0.00000000;0.00000000;
72719776;11.8;31.6;0;0;0;-74.6;3.99;0.03;0.02;3.98;317;0.016;0.0486;0.0001;0.5759;0.0023;185547;185789;316.392;0;101;0.004;0.075;72719744;0.0486;0.0001;0.5759;0.0023;0.695;39.351;0.03;3.89;0.064;383.98;384.481;1;-1;0;0;0;0;0;0;0;0;0;-1;0.00000000;0.00000000;0.00000000;0.00000000;0.00000000;0.00000000;0.00000000;
72719811;11.8;31.6;0;0;0;-74.8;3.99;0.03;-0.01;3.98;323;0.017;0.0486;0.0001;0.5759;0.0023;185548;185790;26.4812;0;101;0.001;0.077;72719776;0.0486;0.0001;0.5759;0.0023;0.695;39.357;0.03;3.78;0.065;383.982;384.483;1;-1;0;0;0;0;0;0;0;0;0;-1;0.00000000;0.00000000;0.00000000;0.00000000;0.00000000;0.00000000;0.00000000;
72719847;11.8;31.6;0;0;0;-74.6;4.01;0.03;-0.01;3.99;306;0.017;0.0486;0.0001;0.5759;0.0023;185549;185791;88.8754;0;101;0.012;0.073;72719812;0.0486;0.0001;0.5759;0.0023;0.695;39.363;0.03;3.89;0.067;383.984;384.485;1;-1;0;0;0;0;0;0;0;0;0;-1;0.00000000;0.00000000;0.00000000;0.00000000;0.00000000;0.00000000;0.00000000;
72719865;11.8;31.6;0;0;0;-74.7;4.08;0.03;-0.08;4.07;313;0.015;0.0486;0.0001;0.5759;0.0023;185550;185792;126.067;0;101;0.003;0.076;72719848;0.0486;0.0001;0.5759;0.0023;0.695;39.37;0.04;3.92;0.063;383.986;384.487;1;-1;0;0;0;0;0;0;0;0;0;-1;0.00000000;0.00000000;0.00000000;0.00000000;0.00000000;0.00000000;0.00000000;
72719897;11.8;31.6;0;0;0;-74.6;4.01;0.03;-0.02;3.99;321;0.015;0.0486;0.0001;0.5759;0.0023;185551;185793;188.503;0;101;0.003;0.076;72719866;0.0486;0.0001;0.5759;0.0023;0.695;39.373;0.03;4.02;0.064;383.988;384.489;1;-1;0;0;0;0;0;0;0;0;0;-1;0.00000000;0.00000000;0.00000000;0.00000000;0.00000000;0.00000000;0.00000000;
72719927;11.8;31.6;0;0;0;-74.5;4.02;0.03;0.01;4;315;0.015;0.0486;0.0001;0.5759;0.0023;185552;185794;247.333;0;101;0.005;0.074;72719897;0.0486;0.0001;0.5759;0.0023;0.695;39.379;0.03;4.03;0.066;383.99;384.491;1;-1;0;0;0;0;0;0;0;0;0;-1;0.00000000;0.00000000;0.00000000;0.00000000;0.00000000;0.00000000;0.00000000;
72719961;11.8;31.6;0;0;0;-74.5;4;0.03;0.03;3.99;319;0.015;0.0486;0.0001;0.5759;0.0023;185553;185795;311.02;0;101;0.004;0.075;72719929;0.0486;0.0001;0.5759;0.0023;0.695;39.385;0.03;4.02;0.065;383.992;384.493;1;-1;0;0;0;0;0;0;0;0;0;-1;0.00000000;0.00000000;0.00000000;0.00000000;0.00000000;0.00000000;0.00000000;
72719993;11.8;31.6;0;0;0;-74.7;4;0.03;0;3.99;316;0.016;0.0486;0.0001;0.5759;0.0023;185554;185796;10.8128;0;101;0.002;0.077;72719962;0.0486;0.0001;0.5759;0.0023;0.695;39.39;0.03;3.92;0.066;383.994;384.495;1;-1;0;0;0;0;0;0;0;0;0;-1;0.00000000;0.00000000;0.00000000;0.00000000;0.00000000;0.00000000;0.00000000;
72720027;11.8;31.6;0;0;0;-74.9;4.02;0.03;0;4;304;0.015;0.0486;0.0001;0.5759;0.0023;185555;185797;72.9634;0;101;0.012;0.074;72719993;0.0486;0.0001;0.5759;0.0023;0.695;39.396;0.03;3.91;0.065;383.996;384.497;1;-1;0;0;0;0;0;0;0;0;0;-1;0.00000000;0.00000000;0.00000000;0.00000000;0.00000000;0.00000000;0.00000000;
72720061;11.8;31.6;0;0;0;-75;3.99;0.03;0.04;3.97;312;0.016;0.0486;0.0001;0.5759;0.0023;185556;185798;138.5;0;101;0.003;0.075;72720027;0.0486;0.0001;0.5759;0.0023;0.696;39.402;0.03;3.87;0.063;383.999;384.499;1;-1;0;0;0;0;0;0;0;0;0;-1;0.00000000;0.00000000;0.00000000;0.00000000;0.00000000;0.00000000;0.00000000;
72720109;11.8;31.6;0;0;0;-75.1;4;0.03;-0.01;3.99;318;0.016;0.0486;0.0001;0.5759;0.0023;185557;185799;204.592;0;101;0.006;0.076;72720061;0.0486;0.0001;0.5759;0.0023;0.696;39.407;0.03;3.85;0.064;384.001;384.501;1;-1;0;0;0;0;0;0;0;0;0;-1;0.00000000;0.00000000;0.00000000;0.00000000;0.00000000;0.00000000;0.00000000;
72720131;11.8;31.6;0;0;0;-75;4;0.03;0;3.99;311;0.017;0.0486;0.0001;0.5759;0.0023;185558;185800;267.476;0;101;0.003;0.074;72720109;0.0486;0.0001;0.5759;0.0023;0.696;39.412;0.03;3.93;0.065;384.003;384.503;1;-1;0;0;0;0;0;0;0;0;0;-1;0.00000000;0.00000000;0.00000000;0.00000000;0.00000000;0.00000000;0.00000000;
72720146;11.8;31.6;0;0;0;-75.2;4.08;0.04;-0.2;4.08;319;0.015;0.0486;0.0001;0.5759;0.0023;185559;185801;301.771;0;101;0.003;0.077;72720131;0.0486;0.0001;0.5759;0.0023;0.696;39.418;0.04;3.9;0.064;384.005;384.506;1;-1;0;0;0;0;0;0;0;0;0;-1;0.00000000;0.00000000;0.00000000;0.00000000;0.00000000;0.00000000;0.00000000;
72720177;11.8;31.6;0;0;0;-75;4;0.03;-0.01;3.98;315;0.016;0.0486;0.0001;0.5759;0.0023;185559;185801;358.071;0;101;0.004;0.076;72720147;0.0486;0.0001;0.5759;0.0023;0.696;39.42;0.03;4.09;0.066;384.007;384.508;1;-1;0;0;0;0;0;0;0;0;0;-1;0.00000000;0.00000000;0.00000000;0.00000000;0.00000000;0.00000000;0.00000000;
72720211;11.8;31.6;0;0;0;-74.9;4.03;0.03;0;4.02;315;0.015;0.0486;0.0001;0.5759;0.0023;185561;185803;65.0755;0;101;0.007;0.075;72720177;0.0486;0.0001;0.5759;0.0023;0.696;39.425;0.03;4.09;0.065;384.007;384.508;1;-1;0;0;0;0;0;0;0;0;0;-1;0.00000000;0.00000000;0.00000000;0.00000000;0.00000000;0.00000000;0.00000000;
72720245;11.8;31.6;0;0;0;-74.9;4;0.03;0.02;3.99;308;0.015;0.0486;0.0001;0.5759;0.0023;185562;185804;123.68;0;101;0.01;0.074;72720216;0.0486;0.0001;0.5759;0.0023;0.696;39.43;0.03;4.03;0.065;384.011;384.512;1;-1;0;0;0;0;0;0;0;0;0;-1;0.00000000;0.00000000;0.00000000;0.00000000;0.00000000;0.00000000;0.00000000;
72720278;11.8;31.6;0;0;0;-74.8;4.01;0.03;0;4;316;0.015;0.0486;0.0001;0.5759;0.0023;185563;185805;189.725;0;101;0.003;0.076;72720245;0.0486;0.0001;0.5759;0.0023;0.696;39.436;0.03;4.08;0.063;384.013;384.514;1;-1;0;0;0;0;0;0;0;0;0;-1;0.00000000;0.00000000;0.00000000;0.00000000;0.00000000;0.00000000;0.00000000;
72720310;11.8;31.6;0;0;0;-74.7;4.01;0.03;0.03;4;311;0.015;0.0486;0.0001;0.576;0.0023;185564;185806;248.951;0;101;0.005;0.074;72720279;0.0486;0.0001;0.5759;0.0023;0.696;39.441;0.03;3.96;0.065;384.015;384.516;1;-1;0;0;0;0;0;0;0;0;0;-1;0.00000000;0.00000000;0.00000000;0.00000000;0.00000000;0.00000000;0.00000000;
72720346;11.8;31.6;0;0;0;-74.9;3.99;0.03;0.06;3.97;313;0.016;0.0486;0.0001;0.576;0.0023;185565;185807;317.812;0;101;0.006;0.075;72720310;0.0486;0.0001;0.576;0.0023;0.696;39.446;0.03;4.04;0.064;384.017;384.518;1;-1;0;0;0;0;0;0;0;0;0;-1;0.00000000;0.00000000;0.00000000;0.00000000;0.00000000;0.00000000;0.00000000;
72720365;11.8;31.6;0;0;0;-74.9;4.01;0.04;-0.23;4.01;310;0.016;0.0486;0.0001;0.576;0.0023;185565;185807;353.813;0;101;0.001;0.078;72720347;0.0486;0.0001;0.576;0.0023;0.696;39.451;0.03;3.81;0.064;384.019;384.52;1;-1;0;0;0;0;0;0;0;0;0;-1;0.00000000;0.00000000;0.00000000;0.00000000;0.00000000;0.00000000;0.00000000;
72720396;11.8;31.6;0;0;0;-75.2;4.02;0.03;-0.02;4.01;323;0.016;0.0486;0.0001;0.576;0.0023;185566;185808;56.0395;0;101;0.003;0.076;72720366;0.0486;0.0001;0.576;0.0023;0.696;39.454;0.04;4.13;0.064;384.019;384.52;1;-1;0;0;0;0;0;0;0;0;0;-1;0.00000000;0.00000000;0.00000000;0.00000000;0.00000000;0.00000000;0.00000000;
72720428;11.8;31.6;0;0;0;-74.9;3.99;0.03;0.04;3.98;303;0.016;0.0486;0.0001;0.576;0.0023;185567;185809;106.037;0;101;0.014;0.073;72720396;0.0486;0.0001;0.576;0.0023;0.697;39.459;0.03;4.13;0.066;384.021;384.522;1;-1;0;0;0;0;0;0;0;0;0;-1;0.00000000;0.00000000;0.00000000;0.00000000;0.00000000;0.00000000;0.00000000;
72720461;11.8;31.6;0;0;0;-75.3;4.02;0.03;-0.02;4;315;0.016;0.0486;0.0001;0.576;0.0023;185568;185810;172.9;0;101;0.002;0.076;72720428;0.0486;0.0001;0.576;0.0023;0.697;39.463;0.03;4.08;0.062;384.023;384.524;1;-1;0;0;0;0;0;0;0;0;0;-1;0.00000000;0.00000000;0.00000000;0.00000000;0.00000000;0.00000000;0.00000000;
72720496;11.8;31.6;0;0;0;-75;4.03;0.03;0;4.01;317;0.015;0.0486;0.0001;0.576;0.0023;185569;185811;239.357;0;101;0.008;0.074;72720462;0.0486;0.0001;0.576;0.0023;0.697;39.468;0.03;4.15;0.065;384.025;384.526;1;-1;0;0;0;0;0;0;0;0;0;-1;0.00000000;0.00000000;0.00000000;0.00000000;0.00000000;0.00000000;0.00000000;
72720526;11.8;31.6;0;0;0;-74.7;4;0.03;0;3.99;317;0.016;0.0486;0.0001;0.576;0.0023;185570;185812;297.665;0;101;0.003;0.075;72720496;0.0486;0.0001;0.576;0.0023;0.697;39.473;0.03;4.04;0.065;384.027;384.528;1;-1;0;0;0;0;0;0;0;0;0;-1;0.00000000;0.00000000;0.00000000;0.00000000;0.00000000;0.00000000;0.00000000;
72720562;11.8;31.6;0;0;0;-74.6;4.01;0.03;0;4;310;0.015;0.0486;0.0001;0.576;0.0023;185572;185814;1.41022;0;101;0.005;0.076;72720526;0.0486;0.0001;0.576;0.0023;0.697;39.477;0.03;4.07;0.065;384.03;384.53;1;-1;0;0;0;0;0;0;0;0;0;-1;0.00000000;0.00000000;0.00000000;0.00000000;0.00000000;0.00000000;0.00000000;
72720595;11.8;31.6;0;0;0;-74.6;4.03;0.03;0;4.01;318;0.015;0.0486;0.0001;0.576;0.0023;185573;185815;65.6;0;101;0.006;0.075;72720563;0.0486;0.0001;0.576;0.0023;0.697;39.482;0.03;4.03;0.064;384.034;384.534;1;-1;0;0;0;0;0;0;0;0;0;-1;0.00000000;0.00000000;0.00000000;0.00000000;0.00000000;0.00000000;0.00000000;
72720628;11.8;31.6;0;0;0;-74.7;4;0.03;0.01;3.99;311;0.015;0.0486;0.0001;0.576;0.0023;185574;185816;123.004;0;101;0.009;0.074;72720595;0.0486;0.0001;0.576;0.0023;0.697;39.487;0.03;3.98;0.065;384.036;384.537;1;-1;0;0;0;0;0;0;0;0;0;-1;0.00000000;0.00000000;0.00000000;0.00000000;0.00000000;0.00000000;0.00000000;
72720645;11.8;31.6;0;0;0;-74.6;3.95;0.03;0.04;3.92;318;0.017;0.0486;0.0001;0.576;0.0023;185574;185816;160.097;0;101;-0.002;0.076;72720628;0.0486;0.0001;0.576;0.0023;0.697;39.491;0.03;4.1;0.064;384.038;384.539;1;-1;0;0;0;0;0;0;0;0;0;-1;0.00000000;0.00000000;0.00000000;0.00000000;0.00000000;0.00000000;0.00000000;
72720676;11.8;31.6;0;0;0;-74.6;4.02;0.03;-0.02;4.01;322;0.016;0.0486;0.0001;0.576;0.0023;185575;185817;223.988;0;101;0.008;0.075;72720645;0.0486;0.0001;0.576;0.0023;0.697;39.494;0.04;4.09;0.066;384.038;384.539;1;-1;0;0;0;0;0;0;0;0;0;-1;0.00000000;0.00000000;0.00000000;0.00000000;0.00000000;0.00000000;0.00000000;
72720711;11.8;31.6;0;0;0;-74.9;4.01;0.03;0;3.99;318;0.016;0.0486;0.0001;0.576;0.0023;185576;185818;287.048;0;101;0.004;0.075;72720677;0.0486;0.0001;0.576;0.0023;0.697;39.498;0.04;4.15;0.066;384.04;384.541;1;-1;0;0;0;0;0;0;0;0;0;-1;0.00000000;0.00000000;0.00000000;0.00000000;0.00000000;0.00000000;0.00000000;
72720745;11.8;31.6;0;0;0;-75.2;4.01;0.03;-0.01;3.99;315;0.016;0.0486;0.0001;0.576;0.0023;185577;185819;348.834;0;101;0.004;0.076;72720712;0.0486;0.0001;0.576;0.0023;0.697;39.503;0.03;4.16;0.065;384.042;384.543;1;-1;0;0;0;0;0;0;0;0;0;-1;0.00000000;0.00000000;0.00000000;0.00000000;0.00000000;0.00000000;0.00000000;
72720777;11.8;31.6;0;0;0;-75;4.04;0.03;-0.02;4.02;329;0.016;0.0487;0.0001;0.576;0.0023;185578;185820;58.2267;0;101;0.003;0.076;72720746;0.0486;0.0001;0.576;0.0023;0.697;39.508;0.04;4.12;0.065;384.044;384.545;1;-1;0;0;0;0;0;0;0;0;0;-1;0.00000000;0.00000000;0.00000000;0.00000000;0.00000000;0.00000000;0.00000000;
72720811;11.8;31.6;0;0;0;-74.9;4;0.03;0.01;3.98;312;0.016;0.0487;0.0001;0.576;0.0023;185579;185821;114.101;0;101;0.013;0.073;72720778;0.0487;0.0001;0.576;0.0023;0.697;39.512;0.03;4.17;0.068;384.046;384.547;1;-1;0;0;0;0;0;0;0;0;0;-1;0.00000000;0.00000000;0.00000000;0.00000000;0.00000000;0.00000000;0.00000000;
72720846;11.8;31.6;0;0;0;-74.8;4.03;0.03;0.01;4.01;319;0.015;0.0487;0.0001;0.576;0.0023;185581;185823;183.796;0;101;0.001;0.076;72720811;0.0487;0.0001;0.576;0.0023;0.698;39.516;0.03;4.12;0.064;384.048;384.549;1;-1;0;0;0;0;0;0;0;0;0;-1;0.00000000;0.00000000;0.00000000;0.00000000;0.00000000;0.00000000;0.00000000;
72720862;11.8;31.6;0;0;0;-75;3.95;0.03;0.13;3.92;323;0.016;0.0487;0.0001;0.576;0.0023;185581;185823;216.055;0;101;0.007;0.074;72720846;0.0487;0.0001;0.576;0.0023;0.698;39.521;0.03;4.11;0.066;384.052;384.553;1;-1;0;0;0;0;0;0;0;0;0;-1;0.00000000;0.00000000;0.00000000;0.00000000;0.00000000;0.00000000;0.00000000;
72720897;11.8;31.6;0;0;0;-75;4;0.03;-0.01;3.99;317;0.017;0.0487;0.0001;0.576;0.0023;185582;185824;279.219;0;101;0.003;0.075;72720862;0.0487;0.0001;0.576;0.0023;0.698;39.523;0.03;4.07;0.067;384.052;384.553;1;-1;0;0;0;0;0;0;0;0;0;-1;0.00000000;0.00000000;0.00000000;0.00000000;0.00000000;0.00000000;0.00000000;
72720928;11.8;31.6;0;0;0;-74.7;4.01;0.03;0;3.99;313;0.017;0.0487;0.0001;0.576;0.0023;185583;185825;336.175;0;101;0.005;0.075;72720898;0.0487;0.0001;0.576;0.0023;0.698;39.527;0.04;4.14;0.065;384.054;384.555;1;-1;0;0;0;0;0;0;0;0;0;-1;0.00000000;0.00000000;0.00000000;0.00000000;0.00000000;0.00000000;0.00000000;
72720961;11.8;31.6;0;0;0;-74.7;4.03;0.03;-0.06;4.01;325;0.016;0.0487;0.0001;0.576;0.0023;185584;185826;46.4626;0;101;0.003;0.077;72720928;0.0487;0.0001;0.576;0.0023;0.698;39.53;0.04;3.99;0.064;384.056;384.557;1;-1;0;0;0;0;0;0;0;0;0;-1;0.00000000;0.00000000;0.00000000;0.00000000;0.00000000;0.00000000;0.00000000;
72720994;11.8;31.6;0;0;0;-74.8;3.99;0.03;0.05;3.98;299;0.017;0.0487;0.0001;0.576;0.0023;185585;185827;97.4086;0;101;0.015;0.073;72720962;0.0487;0.0001;0.576;0.0023;0.698;39.534;0.03;4.12;0.067;384.059;384.559;1;-1;0;0;0;0;0;0;0;0;0;-1;0.00000000;0.00000000;0.00000000;0.00000000;0.00000000;0.00000000;0.00000000;
72721029;11.8;31.6;0;0;0;-74.7;4.02;0.03;-0.04;4;316;0.016;0.0487;0.0001;0.576;0.0023;185586;185828;165.367;0;101;0.001;0.076;72720995;0.0487;0.0001;0.576;0.0023;0.698;39.539;0.04;4.07;0.062;384.061;384.561;1;-1;0;0;0;0;0;0;0;0;0;-1;0.00000000;0.00000000;0.00000000;0.00000000;0.00000000;0.00000000;0.00000000;
72721061;11.8;31.6;0;0;0;-75;4.03;0.03;-0.02;4.01;321;0.016;0.0487;0.0001;0.576;0.0023;185587;185829;230.547;0;101;0.007;0.075;72721029;0.0487;0.0001;0.576;0.0023;0.698;39.543;0.04;4.05;0.065;384.063;384.563;1;-1;0;0;0;0;0;0;0;0;0;-1;0.00000000;0.00000000;0.00000000;0.00000000;0.00000000;0.00000000;0.00000000;
72721093;11.8;31.6;0;0;0;-75.1;4.01;0.03;0.01;3.99;319;0.016;0.0487;0.0001;0.5761;0.0023;185588;185830;291.731;0;101;0.003;0.075;72721061;0.0487;0.0001;0.576;0.0023;0.698;39.548;0.04;4.17;0.066;384.065;384.566;1;-1;0;0;0;0;0;0;0;0;0;-1;0.00000000;0.00000000;0.00000000;0.00000000;0.00000000;0.00000000;0.00000000;
72721127;11.8;31.6;0;0;0;-75.2;4.01;0.03;0;3.99;316;0.016;0.0487;0.0001;0.5761;0.0023;185589;185831;355.264;0;101;0.004;0.076;72721094;0.0487;0.0001;0.5761;0.0023;0.698;39.552;0.03;4.14;0.066;384.067;384.568;1;-1;0;0;0;0;0;0;0;0;0;-1;0.00000000;0.00000000;0.00000000;0.00000000;0.00000000;0.00000000;0.00000000;
72721162;11.8;31.7;0;0;0;-74.9;4.04;0.03;0;4.02;324;0.015;0.0487;0.0001;0.5761;0.0023;185591;185833;64.3901;0;101;0.005;0.076;72721127;0.0487;0.0001;0.5761;0.0023;0.698;39.556;0.03;4.08;0.065;384.069;384.57;1;-1;0;0;0;0;0;0;0;0;0;-1;0.00000000;0.00000000;0.00000000;0.00000000;0.00000000;0.00000000;0.00000000;
72721202;11.8;31.7;0;0;0;-75;3.99;0.03;0;3.98;313;0.016;0.0487;0.0001;0.5761;0.0023;185591;185833;117.885;0;101;0.011;0.073;72721163;0.0487;0.0001;0.5761;0.0023;0.698;39.561;0.03;4.02;0.067;384.073;384.574;1;-1;0;0;0;0;0;0;0;0;0;-1;0.00000000;0.00000000;0.00000000;0.00000000;0.00000000;0.00000000;0.00000000;
72721234;11.8;31.6;0;0;0;-75.3;4.02;0.03;0;4;319;0.015;0.0487;0.0001;0.5761;0.0023;185593;185835;181.025;0;101;0.001;0.076;72721202;0.0487;0.0001;0.5761;0.0023;0.698;39.564;0.03;4.12;0.064;384.073;384.574;1;-1;0;0;0;0;0;0;0;0;0;-1;0.00000000;0.00000000;0.00000000;0.00000000;0.00000000;0.00000000;0.00000000;
72721266;11.8;31.7;0;0;0;-75.6;4.02;0.03;0;4;317;0.015;0.0487;0.0001;0.5761;0.0023;185594;185836;241.973;0;101;0.008;0.074;72721235;0.0487;0.0001;0.5761;0.0023;0.698;39.568;0.03;4.09;0.066;384.077;384.578;1;-1;0;0;0;0;0;0;0;0;0;-1;0.00000000;0.00000000;0.00000000;0.00000000;0.00000000;0.00000000;0.00000000;
72721297;11.8;31.7;0;0;0;-75.9;4;0.03;0;3.99;320;0.015;0.0487;0.0001;0.5761;0.0023;185595;185837;301.467;0;101;0.002;0.075;72721266;0.0487;0.0001;0.5761;0.0023;0.699;39.572;0.03;4.12;0.065;384.079;384.58;1;-1;0;0;0;0;0;0;0;0;0;-1;0.00000000;0.00000000;0.00000000;0.00000000;0.00000000;0.00000000;0.00000000;
72721327;11.8;31.7;0;0;0;-76.1;3.99;0.03;0;3.97;313;0.016;0.0487;0.0001;0.5761;0.0023;185595;185837;352.897;0;101;0.005;0.076;72721297;0.0487;0.0001;0.5761;0.0023;0.699;39.576;0.03;4.08;0.066;384.081;384.582;1;-1;0;0;0;0;0;0;0;0;0;-1;0.00000000;0.00000000;0.00000000;0.00000000;0.00000000;0.00000000;0.00000000;
72721358;11.8;31.7;0;0;0;-76.1;4.03;0.03;-0.02;4.02;327;0.015;0.0487;0.0001;0.5761;0.0023;185596;185838;58.3858;0;101;0.003;0.076;72721327;0.0487;0.0001;0.5761;0.0023;0.699;39.58;0.03;4.03;0.064;384.081;384.582;1;-1;0;0;0;0;0;0;0;0;0;-1;0.00000000;0.00000000;0.00000000;0.00000000;0.00000000;0.00000000;0.00000000;
72721392;11.8;31.7;0;0;0;-76.1;4;0.03;0.01;3.99;315;0.016;0.0487;0.0001;0.5761;0.0023;185597;185839;116.116;0;101;0.011;0.073;72721359;0.0487;0.0001;0.5761;0.0023;0.699;39.584;0.03;4.13;0.067;384.083;384.584;1;-1;0;0;0;0;0;0;0;0;0;-1;0.00000000;0.00000000;0.00000000;0.00000000;0.00000000;0.00000000;0.00000000;
72721425;11.8;31.7;0;0;0;-75.6;4.01;0.03;0;4;323;0.016;0.0487;0.0001;0.5761;0.0023;185598;185840;178.33;0;101;0.001;0.076;72721392;0.0487;0.0001;0.5761;0.0023;0.699;39.587;0.03;4.13;0.065;384.085;384.586;1;-1;0;0;0;0;0;0;0;0;0;-1;0.00000000;0.00000000;0.00000000;0.00000000;0.00000000;0.00000000;0.00000000;
72721458;11.8;31.7;0;0;0;-75.2;4.02;0.03;0.01;4.01;318;0.015;0.0487;0.0001;0.5761;0.0023;185600;185842;242.407;0;101;0.008;0.074;72721425;0.0487;0.0001;0.5761;0.0023;0.699;39.592;0.04;4.17;0.066;384.087;384.588;1;-1;0;0;0;0;0;0;0;0;0;-1;0.00000000;0.00000000;0.00000000;0.00000000;0.00000000;0.00000000;0.00000000;
72721493;11.8;31.7;0;0;0;-75.1;4.01;0.03;0.03;3.99;320;0.015;0.0487;0.0001;0.5761;0.0023;185601;185843;307.763;0;101;0.002;0.075;72721459;0.0487;0.0001;0.5761;0.0023;0.699;39.596;0.03;4.09;0.065;384.092;384.592;1;-1;0;0;0;0;0;0;0;0;0;-1;0.00000000;0.00000000;0.00000000;0.00000000;0.00000000;0.00000000;0.00000000;
72721525;11.8;31.7;0;0;0;-74.8;4;0.03;0.01;3.99;318;0.015;0.0487;0.0001;0.5761;0.0023;185602;185844;9.24258;0;101;0.003;0.076;72721493;0.0487;0.0001;0.5761;0.0023;0.699;39.6;0.03;4.02;0.066;384.094;384.595;1;-1;0;0;0;0;0;0;0;0;0;-1;0.00000000;0.00000000;0.00000000;0.00000000;0.00000000;0.00000000;0.00000000;
72721559;11.8;31.7;0;0;0;-74.7;4.02;0.03;-0.01;4.01;307;0.015;0.0487;0.0001;0.5761;0.0023;185603;185845;70.4455;0;101;0.011;0.074;72721525;0.0487;0.0001;0.5761;0.0023;0.699;39.603;0.03;3.92;0.065;384.096;384.597;1;-1;0;0;0;0;0;0;0;0;0;-1;0.00000000;0.00000000;0.00000000;0.00000000;0.00000000;0.00000000;0.00000000;
72721583;11.8;31.7;0;0;0;-74.7;4;0.03;0.06;3.98;312;0.016;0.0487;0.0001;0.5761;0.0023;185604;185846;133.584;0;101;0.004;0.075;72721564;0.0487;0.0001;0.5761;0.0023;0.699;39.607;0.03;3.89;0.063;384.098;384.599;1;-1;0;0;0;0;0;0;0;0;0;-1;0.00000000;0.00000000;0.00000000;0.00000000;0.00000000;0.00000000;0.00000000;
72721602;11.8;31.7;0;0;0;-74.7;3.98;0.03;-0.22;3.98;318;0.016;0.0487;0.0001;0.5761;0.0023;185604;185846;171.784;0;101;0.001;0.077;72721583;0.0487;0.0001;0.5761;0.0023;0.699;39.61;0.03;3.83;0.064;384.1;384.601;1;-1;0;0;0;0;0;0;0;0;0;-1;0.00000000;0.00000000;0.00000000;0.00000000;0.00000000;0.00000000;0.00000000;
72721639;11.8;31.7;0;0;0;-74.8;4.03;0.03;0;4.01;320;0.015;0.0487;0.0001;0.5761;0.0023;185605;185847;236.234;0;101;0.007;0.075;72721602;0.0487;0.0001;0.5761;0.0023;0.699;39.612;0.04;4.19;0.065;384.1;384.601;1;-1;0;0;0;0;0;0;0;0;0;-1;0.00000000;0.00000000;0.00000000;0.00000000;0.00000000;0.00000000;0.00000000;
72721672;11.8;31.7;0;0;0;-75.1;4;0.03;0.01;3.98;320;0.016;0.0487;0.0001;0.5761;0.0023;185606;185848;293.106;0;101;0.002;0.075;72721639;0.0487;0.0001;0.5761;0.0023;0.699;39.616;0.03;4.16;0.066;384.102;384.603;1;-1;0;0;0;0;0;0;0;0;0;-1;0.00000000;0.00000000;0.00000000;0.00000000;0.00000000;0.00000000;0.00000000;
72721703;11.8;31.7;0;0;0;-75;4;0.03;0;3.99;316;0.016;0.0487;0.0001;0.5761;0.0023;185607;185849;353.202;0;101;0.004;0.076;72721672;0.0487;0.0001;0.5761;0.0023;0.699;39.62;0.03;4.12;0.066;384.104;384.605;1;-1;0;0;0;0;0;0;0;0;0;-1;0.00000000;0.00000000;0.00000000;0.00000000;0.00000000;0.00000000;0.00000000;
72721734;11.8;31.7;0;0;0;-75;4.03;0.03;-0.02;4.01;329;0.016;0.0487;0.0001;0.5761;0.0023;185608;185850;57.313;0;101;0.003;0.076;72721703;0.0487;0.0001;0.5761;0.0023;0.699;39.624;0.04;4.11;0.065;384.106;384.607;1;-1;0;0;0;0;0;0;0;0;0;-1;0.00000000;0.00000000;0.00000000;0.00000000;0.00000000;0.00000000;0.00000000;
72721768;11.8;31.7;0;0;0;-75;4;0.03;0.02;3.98;311;0.016;0.0487;0.0001;0.5761;0.0023;185609;185851;111.695;0;101;0.013;0.073;72721734;0.0487;0.0001;0.5761;0.0023;0.7;39.627;0.04;4.1;0.068;384.108;384.609;1;-1;0;0;0;0;0;0;0;0;0;-1;0.00000000;0.00000000;0.00000000;0.00000000;0.00000000;0.00000000;0.00000000;
72721800;11.8;31.7;0;0;0;-75;4.01;0.03;0;3.99;319;0.016;0.0487;0.0001;0.5761;0.0023;185610;185852;172.322;0;101;0.001;0.076;72721768;0.0487;0.0001;0.5761;0.0023;0.7;39.631;0.03;4.06;0.064;384.11;384.611;1;-1;0;0;0;0;0;0;0;0;0;-1;0.00000000;0.00000000;0.00000000;0.00000000;0.00000000;0.00000000;0.00000000;
72721842;11.8;31.7;0;0;0;-74.9;4.03;0.03;0.06;4.02;313;0.015;0.0487;0.0001;0.5761;0.0023;185612;185854;249.357;0;101;0.006;0.074;72721800;0.0487;0.0001;0.5761;0.0023;0.7;39.635;0.03;4.14;0.066;384.112;384.613;1;-1;0;0;0;0;0;0;0;0;0;-1;0.00000000;0.00000000;0.00000000;0.00000000;0.00000000;0.00000000;0.00000000;
72721876;11.8;31.7;0;0;0;-75.1;3.99;0.03;0.05;3.97;318;0.016;0.0487;0.0001;0.5761;0.0023;185613;185855;315.766;0;101;0.003;0.075;72721842;0.0487;0.0001;0.5761;0.0023;0.7;39.638;0.03;3.99;0.064;384.116;384.617;1;-1;0;0;0;0;0;0;0;0;0;-1;0.00000000;0.00000000;0.00000000;0.00000000;0.00000000;0.00000000;0.00000000;
72721909;11.8;31.7;0;0;0;-75.5;3.99;0.03;0;3.98;323;0.017;0.0487;0.0001;0.5762;0.0023;185614;185856;20.2345;0;101;0.002;0.077;72721876;0.0487;0.0001;0.5761;0.0023;0.7;39.642;0.03;3.8;0.065;384.119;384.619;1;-1;0;0;0;0;0;0;0;0;0;-1;0.00000000;0.00000000;0.00000000;0.00000000;0.00000000;0.00000000;0.00000000;
72721944;11.8;31.7;0;0;0;-75.4;4.02;0.03;0;4;303;0.016;0.0487;0.0001;0.5762;0.0023;185615;185857;78.902;0;101;0.013;0.073;72721910;0.0487;0.0001;0.5762;0.0023;0.7;39.645;0.03;3.8;0.066;384.121;384.621;1;-1;0;0;0;0;0;0;0;0;0;-1;0.00000000;0.00000000;0.00000000;0.00000000;0.00000000;0.00000000;0.00000000;
72721961;11.8;31.7;0;0;0;-75.2;4;0.03;0;3.98;315;0.017;0.0487;0.0001;0.5762;0.0023;185616;185858;142.708;0;101;0;0.076;72721944;0.0487;0.0001;0.5762;0.0023;0.7;39.648;0.03;3.78;0.062;384.123;384.623;1;-1;0;0;0;0;0;0;0;0;0;-1;0.00000000;0.00000000;0.00000000;0.00000000;0.00000000;0.00000000;0.00000000;
72721994;11.8;31.7;0;0;0;-75;4.01;0.03;-0.02;3.99;324;0.016;0.0487;0.0001;0.5762;0.0023;185617;185859;210.463;0;101;0.006;0.075;72721961;0.0487;0.0001;0.5762;0.0023;0.7;39.651;0.04;3.94;0.065;384.125;384.626;1;-1;0;0;0;0;0;0;0;0;0;-1;0.00000000;0.00000000;0.00000000;0.00000000;0.00000000;0.00000000;0.00000000;
72722028;11.8;31.7;0;0;0;-74.9;4;0.03;0;3.99;315;0.017;0.0487;0.0001;0.5762;0.0023;185618;185860;270.888;0;101;0.003;0.075;72721994;0.0487;0.0001;0.5762;0.0023;0.7;39.654;0.03;3.91;0.067;384.127;384.628;1;-1;0;0;0;0;0;0;0;0;0;-1;0.00000000;0.00000000;0.00000000;0.00000000;0.00000000;0.00000000;0.00000000;
72722060;11.8;31.7;0;0;0;-74.8;4.01;0.03;-0.03;4;320;0.017;0.0487;0.0001;0.5762;0.0023;185619;185861;335.912;0;101;0.002;0.076;72722029;0.0487;0.0001;0.5762;0.0023;0.7;39.657;0.04;3.96;0.065;384.129;384.63;1;-1;0;0;0;0;0;0;0;0;0;-1;0.00000000;0.00000000;0.00000000;0.00000000;0.00000000;0.00000000;0.00000000;
72722095;11.8;31.7;0;0;0;-74.9;4.03;0.03;-0.05;4.01;329;0.016;0.0487;0.0001;0.5762;0.0023;185620;185862;45.1519;0;101;0.003;0.077;72722061;0.0487;0.0001;0.5762;0.0023;0.7;39.659;0.04;4;0.066;384.131;384.632;1;-1;0;0;0;0;0;0;0;0;0;-1;0.00000000;0.00000000;0.00000000;0.00000000;0.00000000;0.00000000;0.00000000;
72722124;11.8;31.7;0;0;0;-74.9;4.03;0.03;0.15;4.02;298;0.016;0.0487;0.0001;0.5762;0.0023;185621;185863;75.6098;0;101;0.021;0.071;72722095;0.0487;0.0001;0.5762;0.0023;0.7;39.662;0.03;4.1;0.068;384.133;384.634;1;-1;0;0;0;0;0;0;0;0;0;-1;0.00000000;0.00000000;0.00000000;0.00000000;0.00000000;0.00000000;0.00000000;
72722162;11.8;31.7;0;0;0;-74.6;3.99;0.03;-0.08;3.98;318;0.016;0.0487;0.0001;0.5762;0.0023;185622;185864;168.312;0;101;0.001;0.076;72722125;0.0487;0.0001;0.5762;0.0023;0.7;39.663;0.03;3.81;0.061;384.135;384.636;1;-1;0;0;0;0;0;0;0;0;0;-1;0.00000000;0.00000000;0.00000000;0.00000000;0.00000000;0.00000000;0.00000000;
72722203;11.8;31.7;0;0;0;-74.7;4.02;0.03;0;4;322;0.016;0.0487;0.0001;0.5762;0.0023;185623;185865;227.868;0;101;0.008;0.075;72722163;0.0487;0.0001;0.5762;0.0023;0.7;39.666;0.04;4.17;0.066;384.137;384.638;1;-1;0;0;0;0;0;0;0;0;0;-1;0.00000000;0.00000000;0.00000000;0.00000000;0.00000000;0.00000000;0.00000000;
72722233;11.8;31.7;0;0;0;-74.8;4;0.03;0.02;3.99;318;0.016;0.0487;0.0001;0.5762;0.0023;185624;185866;285.575;0;101;0.002;0.075;72722203;0.0487;0.0001;0.5762;0.0023;0.7;39.668;0.03;4.14;0.066;384.139;384.64;1;-1;0;0;0;0;0;0;0;0;0;-1;0.00000000;0.00000000;0.00000000;0.00000000;0.00000000;0.00000000;0.00000000;
72722266;11.8;31.7;0;0;0;-74.7;4;0.03;0;3.99;316;0.017;0.0487;0.0001;0.5762;0.0023;185625;185867;344.776;0;101;0.004;0.076;72722235;0.0487;0.0001;0.5762;0.0023;0.7;39.669;0.04;4.18;0.066;384.141;384.642;1;-1;0;0;0;0;0;0;0;0;0;-1;0.00000000;0.00000000;0.00000000;0.00000000;0.00000000;0.00000000;0.00000000;
72722297;11.8;31.7;0;0;0;-74.7;4.03;0.03;-0.03;4.01;328;0.016;0.0487;0.0001;0.5762;0.0023;185626;185868;50.2806;0;101;0.003;0.076;72722266;0.0487;0.0001;0.5762;0.0023;0.7;39.67;0.04;4.05;0.065;384.143;384.644;1;-1;0;0;0;0;0;0;0;0;0;-1;0.00000000;0.00000000;0.00000000;0.00000000;0.00000000;0.00000000;0.00000000;
72722326;11.8;31.7;0;0;0;-74.9;3.98;0.03;0.1;3.97;301;0.017;0.0487;0.0001;0.5762;0.0023;185627;185869;94.1266;0;101;0.015;0.072;72722298;0.0487;0.0001;0.5762;0.0023;0.7;39.67;0.03;4.03;0.067;384.145;384.646;1;-1;0;0;0;0;0;0;0;0;0;-1;0.00000000;0.00000000;0.00000000;0.00000000;0.00000000;0.00000000;0.00000000;
72722358;11.8;31.7;0;0;0;-74.7;4.02;0.03;-0.03;4;317;0.016;0.0487;0.0001;0.5762;0.0023;185628;185870;161.209;0;101;0;0.076;72722327;0.0487;0.0001;0.5762;0.0023;0.7;39.67;0.04;4.02;0.062;384.148;384.648;1;-1;0;0;0;0;0;0;0;0;0;-1;0.00000000;0.00000000;0.00000000;0.00000000;0.00000000;0.00000000;0.00000000;
72722411;11.8;31.7;0;0;0;-74.5;4.04;0.03;0;4.03;312;0.015;0.0487;0.0001;0.5762;0.0023;185630;185872;246.784;0;101;0.007;0.075;72722359;0.0487;0.0001;0.5762;0.0023;0.7;39.67;0.03;4.06;0.065;384.15;384.65;1;-1;0;0;0;0;0;0;0;0;0;-1;0.00000000;0.00000000;0.00000000;0.00000000;0.00000000;0.00000000;0.00000000;
72722459;11.8;31.7;0;0;0;-74.9;3.98;0.03;-0.01;3.96;315;0.017;0.0487;0.0001;0.5762;0.0023;185631;185873;343.096;0;101;0.002;0.076;72722412;0.0487;0.0001;0.5762;0.0023;0.7;39.667;0.03;4.04;0.064;384.154;384.655;1;-1;0;0;0;0;0;0;0;0;0;-1;0.00000000;0.00000000;0.00000000;0.00000000;0.00000000;0.00000000;0.00000000;
72722491;11.8;31.7;0;0;0;-75.3;4.03;0.03;-0.04;4.02;328;0.016;0.0487;0.0001;0.5762;0.0023;185632;185874;52.3994;0;101;0.003;0.076;72722460;0.0487;0.0001;0.5762;0.0023;0.7;39.662;0.04;4.08;0.065;384.156;384.657;1;-1;0;0;0;0;0;0;0;0;0;-1;0.00000000;0.00000000;0.00000000;0.00000000;0.00000000;0.00000000;0.00000000;
72722525;11.8;31.7;0;0;0;-75;4;0.03;0.03;3.99;305;0.016;0.0487;0.0001;0.5762;0.0023;185633;185875;105.546;0;101;0.014;0.073;72722492;0.0487;0.0001;0.5762;0.0023;0.7;39.658;0.03;4.06;0.067;384.158;384.659;1;-1;0;0;0;0;0;0;0;0;0;-1;0.00000000;0.00000000;0.00000000;0.00000000;0.00000000;0.00000000;0.00000000;
72722559;11.8;31.7;0;0;0;-75.2;4.02;0.03;-0.02;4;317;0.016;0.0487;0.0001;0.5762;0.0023;185634;185876;173.383;0;101;0.001;0.076;72722525;0.0487;0.0001;0.5762;0.0023;0.7;39.653;0.03;4.08;0.063;384.16;384.661;1;-1;0;0;0;0;0;0;0;0;0;-1;0.00000000;0.00000000;0.00000000;0.00000000;0.00000000;0.00000000;0.00000000;
72722591;11.8;31.7;0;0;0;-75.3;4.02;0.03;0;4.01;319;0.016;0.0487;0.0001;0.5762;0.0023;185635;185877;235.027;0;101;0.008;0.074;72722560;0.0487;0.0001;0.5762;0.0023;0.7;39.647;0.03;4.11;0.065;384.162;384.663;1;-1;0;0;0;0;0;0;0;0;0;-1;0.00000000;0.00000000;0.00000000;0.00000000;0.00000000;0.00000000;0.00000000;
72722625;11.8;31.7;0;0;0;-75.4;4.01;0.03;0.01;4;319;0.015;0.0487;0.0001;0.5762;0.0023;185636;185878;298.235;0;101;0.002;0.075;72722592;0.0487;0.0001;0.5762;0.0023;0.7;39.641;0.03;4.11;0.066;384.164;384.665;1;-1;0;0;0;0;0;0;0;0;0;-1;0.00000000;0.00000000;0.00000000;0.00000000;0.00000000;0.00000000;0.00000000;
72722658;11.8;31.7;0;0;0;-75.3;4.01;0.03;0;3.99;316;0.015;0.0487;0.0001;0.5762;0.0023;185638;185880;0.837158;0;101;0.004;0.076;72722626;0.0487;0.0001;0.5762;0.0023;0.7;39.634;0.03;4.08;0.066;384.166;384.667;1;-1;0;0;0;0;0;0;0;0;0;-1;0.00000000;0.00000000;0.00000000;0.00000000;0.00000000;0.00000000;0.00000000;
72722692;11.8;31.7;0;0;0;-75.3;4.03;0.03;0;4.01;310;0.015;0.0487;0.0001;0.5763;0.0023;185639;185881;65.3108;0;101;0.009;0.075;72722658;0.0487;0.0001;0.5762;0.0023;0.7;39.627;0.03;4.08;0.065;384.17;384.671;1;-1;0;0;0;0;0;0;0;0;0;-1;0.00000000;0.00000000;0.00000000;0.00000000;0.00000000;0.00000000;0.00000000;
72722711;11.8;31.7;0;0;0;-75.2;3.99;0.03;0;3.98;306;0.015;0.0487;0.0001;0.5763;0.0023;185640;185882;120.366;0;101;0.009;0.073;72722693;0.0487;0.0001;0.5763;0.0023;0.699;39.619;0.03;4.01;0.064;384.172;384.673;1;-1;0;0;0;0;0;0;0;0;0;-1;0.00000000;0.00000000;0.00000000;0.00000000;0.00000000;0.00000000;0.00000000;
72722744;11.8;31.7;0;0;0;-75.3;4.02;0.03;0;4;313;0.015;0.0487;0.0001;0.5763;0.0023;185641;185883;185.124;0;101;0.002;0.076;72722711;0.0487;0.0001;0.5763;0.0023;0.699;39.612;0.03;4.12;0.063;384.174;384.675;1;-1;0;0;0;0;0;0;0;0;0;-1;0.00000000;0.00000000;0.00000000;0.00000000;0.00000000;0.00000000;0.00000000;
72722777;11.8;31.7;0;0;0;-75.3;4.02;0.03;0.03;4;309;0.015;0.0487;0.0001;0.5763;0.0023;185642;185884;246.782;0;101;0.007;0.074;72722745;0.0487;0.0001;0.5763;0.0023;0.699;39.605;0.04;4.14;0.064;384.176;384.677;1;-1;0;0;0;0;0;0;0;0;0;-1;0.00000000;0.00000000;0.00000000;0.00000000;0.00000000;0.00000000;0.00000000;
72722809;11.8;31.7;0;0;0;-75.3;4;0.03;0.01;3.99;316;0.015;0.0487;0.0001;0.5763;0.0023;185643;185885;309.396;0;101;0.003;0.075;72722778;0.0487;0.0001;0.5763;0.0023;0.699;39.598;0.03;4.05;0.064;384.179;384.679;1;-1;0;0;0;0;0;0;0;0;0;-1;0.00000000;0.00000000;0.00000000;0.00000000;0.00000000;0.00000000;0.00000000;
72722845;11.8;31.8;0;0;0;-75;3.99;0.03;0.06;3.97;317;0.016;0.0487;0.0001;0.5763;0.0023;185644;185886;18.9874;0;101;0.003;0.076;72722810;0.0487;0.0001;0.5763;0.0023;0.699;39.59;0.03;3.97;0.065;384.181;384.681;1;-1;0;0;0;0;0;0;0;0;0;-1;0.00000000;0.00000000;0.00000000;0.00000000;0.00000000;0.00000000;0.00000000;
72722863;11.8;31.8;0;0;0;-75.1;4.04;0.03;-0.29;4.03;325;0.016;0.0487;0.0001;0.5763;0.0023;185644;185886;54.3284;0;101;0.002;0.077;72722846;0.0487;0.0001;0.5763;0.0023;0.699;39.582;0.03;3.81;0.065;384.183;384.684;1;-1;0;0;0;0;0;0;0;0;0;-1;0.00000000;0.00000000;0.00000000;0.00000000;0.00000000;0.00000000;0.00000000;
72722898;11.8;31.8;0;0;0;-75.3;4;0.03;0.02;3.99;303;0.016;0.0487;0.0001;0.5763;0.0023;185645;185887;110.02;0;101;0.014;0.073;72722863;0.0487;0.0001;0.5763;0.0023;0.699;39.579;0.03;4.09;0.067;384.183;384.684;1;-1;0;0;0;0;0;0;0;0;0;-1;0.00000000;0.00000000;0.00000000;0.00000000;0.00000000;0.00000000;0.00000000;
72722926;11.8;31.7;0;0;0;-75.4;4;0.03;0;3.99;316;0.016;0.0487;0.0001;0.5763;0.0023;185646;185888;167.76;0;101;0;0.076;72722898;0.0487;0.0001;0.5763;0.0023;0.699;39.572;0.03;4.09;0.062;384.185;384.686;1;-1;0;0;0;0;0;0;0;0;0;-1;0.00000000;0.00000000;0.00000000;0.00000000;0.00000000;0.00000000;0.00000000;
72722961;11.8;31.8;0;0;0;-75.5;4.03;0.03;-0.02;4.01;320;0.016;0.0487;0.0001;0.5763;0.0023;185647;185889;232.8;0;101;0.008;0.075;72722926;0.0487;0.0001;0.5763;0.0023;0.698;39.566;0.03;4.16;0.065;384.187;384.688;1;-1;0;0;0;0;0;0;0;0;0;-1;0.00000000;0.00000000;0.00000000;0.00000000;0.00000000;0.00000000;0.00000000;
72722994;11.8;31.8;0;0;0;-75.6;4.01;0.03;0.01;4;318;0.015;0.0487;0.0001;0.5763;0.0023;185648;185890;297.825;0;101;0.003;0.075;72722961;0.0487;0.0001;0.5763;0.0023;0.698;39.559;0.04;4.17;0.066;384.189;384.69;1;-1;0;0;0;0;0;0;0;0;0;-1;0.00000000;0.00000000;0.00000000;0.00000000;0.00000000;0.00000000;0.00000000;
72723029;11.8;31.8;0;0;0;-75.2;4.01;0.03;0;3.99;315;0.015;0.0487;0.0001;0.5763;0.0023;185649;185891;359.961;0;101;0.004;0.076;72722995;0.0487;0.0001;0.5763;0.0023;0.698;39.552;0.03;4.09;0.065;384.191;384.692;1;-1;0;0;0;0;0;0;0;0;0;-1;0.00000000;0.00000000;0.00000000;0.00000000;0.00000000;0.00000000;0.00000000;
72723060;11.8;31.7;0;0;0;-75.1;4.03;0.03;0;4.01;318;0.015;0.0487;0.0001;0.5763;0.0023;185651;185893;64.5678;0;101;0.006;0.075;72723029;0.0487;0.0001;0.5763;0.0023;0.698;39.545;0.03;4.08;0.065;384.195;384.696;1;-1;0;0;0;0;0;0;0;0;0;-1;0.00000000;0.00000000;0.00000000;0.00000000;0.00000000;0.00000000;0.00000000;
72723102;11.8;31.8;0;0;0;-74.9;3.99;0.03;0.11;3.97;308;0.016;0.0487;0.0001;0.5763;0.0023;185652;185894;136.059;0;101;0.008;0.073;72723061;0.0487;0.0001;0.5763;0.0023;0.698;39.539;0.03;3.96;0.065;384.197;384.698;1;-1;0;0;0;0;0;0;0;0;0;-1;0.00000000;0.00000000;0.00000000;0.00000000;0.00000000;0.00000000;0.00000000;
72723117;11.8;31.8;0;0;0;-74.9;3.98;0.03;-0.27;3.98;313;0.016;0.0487;0.0001;0.5763;0.0023;185652;185894;165.824;0;101;0;0.078;72723102;0.0487;0.0001;0.5763;0.0023;0.698;39.531;0.03;3.81;0.063;384.199;384.7;1;-1;0;0;0;0;0;0;0;0;0;-1;0.00000000;0.00000000;0.00000000;0.00000000;0.00000000;0.00000000;0.00000000;
72723144;11.8;31.8;0;0;0;-75.2;4.01;0.03;0.03;3.99;319;0.016;0.0487;0.0001;0.5763;0.0023;185653;185895;220.875;0;101;0.008;0.075;72723118;0.0487;0.0001;0.5763;0.0023;0.698;39.528;0.04;4.12;0.064;384.199;384.7;1;-1;0;0;0;0;0;0;0;0;0;-1;0.00000000;0.00000000;0.00000000;0.00000000;0.00000000;0.00000000;0.00000000;
72723178;11.8;31.8;0;0;0;-75.2;4;0.03;0;3.99;313;0.016;0.0487;0.0001;0.5763;0.0023;185654;185896;281.104;0;101;0.003;0.074;72723144;0.0487;0.0001;0.5763;0.0023;0.698;39.523;0.04;4.07;0.066;384.201;384.702;1;-1;0;0;0;0;0;0;0;0;0;-1;0.00000000;0.00000000;0.00000000;0.00000000;0.00000000;0.00000000;0.00000000;
72723227;11.8;31.8;0;0;0;-75.3;4.01;0.03;0;3.99;310;0.017;0.0487;0.0001;0.5763;0.0023;185655;185897;341.831;0;101;0.004;0.075;72723178;0.0487;0.0001;0.5763;0.0023;0.698;39.516;0.04;4.13;0.064;384.203;384.704;1;-1;0;0;0;0;0;0;0;0;0;-1;0.00000000;0.00000000;0.00000000;0.00000000;0.00000000;0.00000000;0.00000000;
72723261;11.8;31.8;0;0;0;-75.3;4.03;0.03;-0.05;4.02;324;0.016;0.0487;0.0001;0.5763;0.0023;185656;185898;53.7763;0;101;0.004;0.076;72723227;0.0487;0.0001;0.5763;0.0023;0.697;39.51;0.03;4.01;0.064;384.205;384.706;1;-1;0;0;0;0;0;0;0;0;0;-1;0.00000000;0.00000000;0.00000000;0.00000000;0.00000000;0.00000000;0.00000000;
72723277;11.8;31.8;0;0;0;-75.4;3.99;0.03;0.05;3.98;303;0.016;0.0487;0.0001;0.5763;0.0023;185657;185899;103.021;0;101;0.014;0.073;72723261;0.0487;0.0001;0.5763;0.0023;0.697;39.504;0.03;4.03;0.067;384.208;384.708;1;-1;0;0;0;0;0;0;0;0;0;-1;0.00000000;0.00000000;0.00000000;0.00000000;0.00000000;0.00000000;0.00000000;
72723312;11.8;31.8;0;0;0;-75.4;4.02;0.03;-0.04;4;316;0.016;0.0487;0.0001;0.5763;0.0023;185658;185900;173.357;0;101;0.001;0.076;72723277;0.0487;0.0001;0.5763;0.0023;0.697;39.499;0.04;4.14;0.062;384.21;384.71;1;-1;0;0;0;0;0;0;0;0;0;-1;0.00000000;0.00000000;0.00000000;0.00000000;0.00000000;0.00000000;0.00000000;
72723343;11.8;31.8;0;0;0;-75.4;4.02;0.03;0;4;319;0.016;0.0487;0.0001;0.5763;0.0023;185659;185901;234.48;0;101;0.007;0.075;72723313;0.0487;0.0001;0.5763;0.0023;0.697;39.493;0.04;4.14;0.065;384.212;384.712;1;-1;0;0;0;0;0;0;0;0;0;-1;0.00000000;0.00000000;0.00000000;0.00000000;0.00000000;0.00000000;0.00000000;
72723377;11.8;31.8;0;0;0;-75.2;4.01;0.03;0.01;4;318;0.015;0.0487;0.0001;0.5763;0.0023;185660;185902;298.026;0;101;0.003;0.075;72723345;0.0487;0.0001;0.5763;0.0023;0.697;39.487;0.03;4.08;0.066;384.214;384.715;1;-1;0;0;0;0;0;0;0;0;0;-1;0.00000000;0.00000000;0.00000000;0.00000000;0.00000000;0.00000000;0.00000000;
72723394;11.8;31.8;0;0;0;-75.4;3.96;0.03;0.2;3.93;313;0.017;0.0487;0.0001;0.5763;0.0023;185661;185903;327.898;0;101;0.006;0.073;72723378;0.0487;0.0001;0.5763;0.0023;0.697;39.481;0.03;4.09;0.065;384.216;384.717;1;-1;0;0;0;0;0;0;0;0;0;-1;0.00000000;0.00000000;0.00000000;0.00000000;0.00000000;0.00000000;0.00000000;
72723426;11.8;31.8;0;0;0;-75.1;4.01;0.03;0;3.99;321;0.017;0.0487;0.0001;0.5763;0.0023;185662;185904;31.4755;0;101;0.001;0.077;72723394;0.0487;0.0001;0.5763;0.0023;0.697;39.479;0.03;3.9;0.064;384.218;384.719;1;-1;0;0;0;0;0;0;0;0;0;-1;0.00000000;0.00000000;0.00000000;0.00000000;0.00000000;0.00000000;0.00000000;
72723462;11.8;31.8;0;0;0;-75.1;4.01;0.03;0;3.99;301;0.017;0.0487;0.0001;0.5764;0.0023;185663;185905;88.2689;0;101;0.014;0.073;72723428;0.0487;0.0001;0.5763;0.0023;0.697;39.473;0.03;3.97;0.066;384.22;384.721;1;-1;0;0;0;0;0;0;0;0;0;-1;0.00000000;0.00000000;0.00000000;0.00000000;0.00000000;0.00000000;0.00000000;
72723494;11.8;31.8;0;0;0;-75.2;4.01;0.03;-0.04;4;315;0.017;0.0487;0.0001;0.5764;0.0023;185664;185906;156.617;0;101;0;0.076;72723462;0.0487;0.0001;0.5764;0.0023;0.697;39.468;0.03;3.89;0.062;384.222;384.723;1;-1;0;0;0;0;0;0;0;0;0;-1;0.00000000;0.00000000;0.00000000;0.00000000;0.00000000;0.00000000;0.00000000;
72723527;11.8;31.8;0;0;0;-75.3;4.02;0.03;-0.01;4;321;0.016;0.0487;0.0001;0.5764;0.0023;185665;185907;220.533;0;101;0.007;0.075;72723495;0.0487;0.0001;0.5764;0.0023;0.697;39.462;0.04;4.07;0.065;384.224;384.725;1;-1;0;0;0;0;0;0;0;0;0;-1;0.00000000;0.00000000;0.00000000;0.00000000;0.00000000;0.00000000;0.00000000;
72723561;11.8;31.8;0;0;0;-75.6;4.01;0.03;-0.01;4;316;0.016;0.0487;0.0001;0.5764;0.0023;185666;185908;284.583;0;101;0.003;0.075;72723527;0.0487;0.0001;0.5764;0.0023;0.697;39.458;0.03;4.14;0.066;384.226;384.727;1;-1;0;0;0;0;0;0;0;0;0;-1;0.00000000;0.00000000;0.00000000;0.00000000;0.00000000;0.00000000;0.00000000;
72723594;11.8;31.8;0;0;0;-75.2;4.01;0.03;-0.01;3.99;316;0.017;0.0487;0.0001;0.5764;0.0023;185667;185909;347.113;0;101;0.003;0.076;72723561;0.0487;0.0001;0.5764;0.0023;0.696;39.452;0.04;4.19;0.065;384.228;384.729;1;-1;0;0;0;0;0;0;0;0;0;-1;0.00000000;0.00000000;0.00000000;0.00000000;0.00000000;0.00000000;0.00000000;
72723630;11.8;31.8;0;0;0;-74.9;4.04;0.03;-0.03;4.02;330;0.016;0.0487;0.0001;0.5764;0.0023;185668;185910;56.802;0;101;0.003;0.076;72723595;0.0487;0.0001;0.5764;0.0023;0.696;39.447;0.04;4.06;0.065;384.23;384.731;1;-1;0;0;0;0;0;0;0;0;0;-1;0.00000000;0.00000000;0.00000000;0.00000000;0.00000000;0.00000000;0.00000000;
72723644;11.8;31.8;0;0;0;-75;3.99;0.03;0.29;3.96;304;0.016;0.0487;0.0001;0.5764;0.0023;185669;185911;78.3226;0;101;0.023;0.069;72723630;0.0487;0.0001;0.5764;0.0023;0.696;39.442;0.04;4.13;0.068;384.232;384.733;1;-1;0;0;0;0;0;0;0;0;0;-1;0.00000000;0.00000000;0.00000000;0.00000000;0.00000000;0.00000000;0.00000000;
72723677;11.8;31.8;0;0;0;-75;3.99;0.03;0;3.98;315;0.017;0.0487;0.0001;0.5764;0.0023;185670;185912;143.879;0;101;0;0.076;72723645;0.0487;0.0001;0.5764;0.0023;0.696;39.44;0.03;3.8;0.063;384.234;384.735;1;-1;0;0;0;0;0;0;0;0;0;-1;0.00000000;0.00000000;0.00000000;0.00000000;0.00000000;0.00000000;0.00000000;
72723711;11.8;31.8;0;0;0;-74.7;4.01;0.03;-0.01;4;321;0.017;0.0487;0.0001;0.5764;0.0023;185671;185913;210.395;0;101;0.006;0.075;72723677;0.0487;0.0001;0.5764;0.0023;0.696;39.435;0.04;3.98;0.065;384.236;384.737;1;-1;0;0;0;0;0;0;0;0;0;-1;0.00000000;0.00000000;0.00000000;0.00000000;0.00000000;0.00000000;0.00000000;
72723745;11.8;31.8;0;0;0;-74.7;4;0.03;-0.01;3.99;314;0.017;0.0487;0.0001;0.5764;0.0023;185672;185914;271.299;0;101;0.002;0.074;72723711;0.0487;0.0001;0.5764;0.0023;0.696;39.431;0.03;3.95;0.066;384.239;384.739;1;-1;0;0;0;0;0;0;0;0;0;-1;0.00000000;0.00000000;0.00000000;0.00000000;0.00000000;0.00000000;0.00000000;
72723778;11.8;31.8;0;0;0;-74.4;4.01;0.03;-0.02;4;315;0.017;0.0487;0.0001;0.5764;0.0023;185673;185915;335.507;0;101;0.003;0.076;72723745;0.0487;0.0001;0.5764;0.0023;0.696;39.426;0.04;3.95;0.064;384.241;384.741;1;-1;0;0;0;0;0;0;0;0;0;-1;0.00000000;0.00000000;0.00000000;0.00000000;0.00000000;0.00000000;0.00000000;
72723812;11.8;31.8;0;0;0;-74.6;4.02;0.03;-0.05;4.01;327;0.016;0.0487;0.0001;0.5764;0.0023;185674;185916;45.1829;0;101;0.002;0.077;72723778;0.0487;0.0001;0.5764;0.0023;0.696;39.422;0.04;3.96;0.065;384.243;384.744;1;-1;0;0;0;0;0;0;0;0;0;-1;0.00000000;0.00000000;0.00000000;0.00000000;0.00000000;0.00000000;0.00000000;
72723847;11.8;31.8;0;0;0;-75;4;0.03;0.03;3.99;303;0.016;0.0487;0.0001;0.5764;0.0023;185675;185917;100.238;0;101;0.014;0.073;72723812;0.0487;0.0001;0.5764;0.0023;0.696;39.418;0.03;4.1;0.067;384.245;384.746;1;-1;0;0;0;0;0;0;0;0;0;-1;0.00000000;0.00000000;0.00000000;0.00000000;0.00000000;0.00000000;0.00000000;
72723878;11.8;31.8;0;0;0;-74.8;4.01;0.03;-0.02;4;316;0.016;0.0487;0.0001;0.5764;0.0023;185676;185918;164.93;0;101;0.001;0.076;72723847;0.0487;0.0001;0.5764;0.0023;0.696;39.413;0.04;4.08;0.062;384.247;384.748;1;-1;0;0;0;0;0;0;0;0;0;-1;0.00000000;0.00000000;0.00000000;0.00000000;0.00000000;0.00000000;0.00000000;
72723896;11.8;31.8;0;0;0;-74.6;4.04;0.03;0.18;4.01;317;0.016;0.0487;0.0001;0.5764;0.0023;185677;185919;198.107;0;101;0.014;0.073;72723879;0.0487;0.0001;0.5764;0.0023;0.696;39.41;0.04;4.09;0.065;384.249;384.75;1;-1;0;0;0;0;0;0;0;0;0;-1;0.00000000;0.00000000;0.00000000;0.00000000;0.00000000;0.00000000;0.00000000;
72723929;11.8;31.8;0;0;0;-74.9;4.02;0.03;0.01;4;309;0.016;0.0487;0.0001;0.5764;0.0023;185678;185920;256.121;0;101;0.003;0.074;72723896;0.0487;0.0001;0.5764;0.0023;0.696;39.408;0.03;3.89;0.065;384.251;384.752;1;-1;0;0;0;0;0;0;0;0;0;-1;0.00000000;0.00000000;0.00000000;0.00000000;0.00000000;0.00000000;0.00000000;
72723961;11.8;31.8;0;0;0;-75.1;3.99;0.03;0;3.98;313;0.017;0.0487;0.0001;0.5764;0.0023;185679;185921;319.966;0;101;0.005;0.075;72723929;0.0487;0.0001;0.5764;0.0023;0.696;39.404;0.03;3.79;0.064;384.253;384.754;1;-1;0;0;0;0;0;0;0;0;0;-1;0.00000000;0.00000000;0.00000000;0.00000000;0.00000000;0.00000000;0.00000000;
72723995;11.8;31.8;0;0;0;-74.8;4;0.03;-0.02;3.99;318;0.017;0.0487;0.0001;0.5764;0.0023;185680;185922;27.3293;0;101;0.001;0.077;72723961;0.0487;0.0001;0.5764;0.0023;0.695;39.4;0.04;3.88;0.064;384.255;384.756;1;-1;0;0;0;0;0;0;0;0;0;-1;0.00000000;0.00000000;0.00000000;0.00000000;0.00000000;0.00000000;0.00000000;
72724027;11.8;31.8;0;0;0;-75.1;4.03;0.03;0.01;4.01;295;0.016;0.0487;0.0001;0.5764;0.0023;185681;185923;79.0726;0;101;0.015;0.073;72723996;0.0487;0.0001;0.5764;0.0023;0.695;39.396;0.03;3.89;0.066;384.257;384.758;1;-1;0;0;0;0;0;0;0;0;0;-1;0.00000000;0.00000000;0.00000000;0.00000000;0.00000000;0.00000000;0.00000000;
72724060;11.8;31.8;0;0;0;-75.1;4;0.03;0;3.98;309;0.017;0.0487;0.0001;0.5764;0.0023;185682;185924;143.18;0;101;0;0.076;72724028;0.0487;0.0001;0.5764;0.0023;0.695;39.392;0.03;3.76;0.061;384.259;384.76;1;-1;0;0;0;0;0;0;0;0;0;-1;0.00000000;0.00000000;0.00000000;0.00000000;0.00000000;0.00000000;0.00000000;
72724094;11.8;31.8;0;0;0;-75.3;4.01;0.03;-0.02;3.99;319;0.016;0.0487;0.0001;0.5764;0.0023;185683;185925;212.137;0;101;0.006;0.075;72724060;0.0487;0.0001;0.5764;0.0023;0.695;39.389;0.03;3.92;0.064;384.261;384.762;1;-1;0;0;0;0;0;0;0;0;0;-1;0.00000000;0.00000000;0.00000000;0.00000000;0.00000000;0.00000000;0.00000000;
72724113;11.8;31.8;0;0;0;-75.4;4.08;0.03;-0.1;4.07;311;0.015;0.0487;0.0001;0.5764;0.0023;185684;185926;245.39;0;101;0.005;0.075;72724095;0.0487;0.0001;0.5764;0.0023;0.695;39.385;0.03;4.03;0.066;384.263;384.764;1;-1;0;0;0;0;0;0;0;0;0;-1;0.00000000;0.00000000;0.00000000;0.00000000;0.00000000;0.00000000;0.00000000;
72724144;11.8;31.8;0;0;0;-75.1;4;0.03;0.01;3.99;317;0.015;0.0487;0.0001;0.5764;0.0023;185685;185927;306.873;0;101;0.002;0.075;72724114;0.0487;0.0001;0.5764;0.0023;0.695;39.383;0.03;4.05;0.064;384.265;384.766;1;-1;0;0;0;0;0;0;0;0;0;-1;0.00000000;0.00000000;0.00000000;0.00000000;0.00000000;0.00000000;0.00000000;
72724178;11.8;31.8;0;0;0;-75.1;4;0.03;0.02;3.99;313;0.015;0.0487;0.0001;0.5764;0.0023;185686;185928;8.95911;0;101;0.003;0.076;72724146;0.0487;0.0001;0.5764;0.0023;0.695;39.38;0.03;4.03;0.065;384.268;384.768;1;-1;0;0;0;0;0;0;0;0;0;-1;0.00000000;0.00000000;0.00000000;0.00000000;0.00000000;0.00000000;0.00000000;
72724211;11.8;31.8;0;0;0;-74.9;4.02;0.03;-0.02;4.01;304;0.015;0.0487;0.0001;0.5764;0.0023;185687;185929;68.4365;0;101;0.012;0.074;72724178;0.0487;0.0001;0.5764;0.0023;0.695;39.377;0.03;3.93;0.065;384.27;384.77;1;-1;0;0;0;0;0;0;0;0;0;-1;0.00000000;0.00000000;0.00000000;0.00000000;0.00000000;0.00000000;0.00000000;
72724244;11.8;31.8;0;0;0;-75.2;4;0.03;0.04;3.98;308;0.015;0.0487;0.0001;0.5765;0.0023;185688;185930;128.49;0;101;0.005;0.074;72724211;0.0487;0.0001;0.5764;0.0023;0.695;39.374;0.03;3.97;0.062;384.272;384.772;1;-1;0;0;0;0;0;0;0;0;0;-1;0.00000000;0.00000000;0.00000000;0.00000000;0.00000000;0.00000000;0.00000000;
72724278;11.8;31.8;0;0;0;-75.4;4;0.03;0.02;3.98;318;0.016;0.0487;0.0001;0.5765;0.0023;185689;185931;196.787;0;101;0.006;0.075;72724245;0.0487;0.0001;0.5765;0.0023;0.695;39.371;0.03;3.97;0.063;384.274;384.775;1;-1;0;0;0;0;0;0;0;0;0;-1;0.00000000;0.00000000;0.00000000;0.00000000;0.00000000;0.00000000;0.00000000;
72724312;11.8;31.9;0;0;0;-75.4;4.01;0.03;0.02;3.99;309;0.016;0.0487;0.0001;0.5765;0.0023;185690;185932;257.902;0;101;0.004;0.074;72724278;0.0487;0.0001;0.5765;0.0023;0.695;39.367;0.03;3.86;0.065;384.276;384.777;1;-1;0;0;0;0;0;0;0;0;0;-1;0.00000000;0.00000000;0.00000000;0.00000000;0.00000000;0.00000000;0.00000000;
72724352;11.8;31.9;0;0;0;-75.6;3.99;0.03;-0.01;3.98;313;0.017;0.0487;0.0001;0.5765;0.0023;185691;185933;326.102;0;101;0.004;0.075;72724312;0.0487;0.0001;0.5765;0.0023;0.695;39.364;0.03;3.81;0.064;384.278;384.779;1;-1;0;0;0;0;0;0;0;0;0;-1;0.00000000;0.00000000;0.00000000;0.00000000;0.00000000;0.00000000;0.00000000;
72724365;11.8;31.8;0;0;0;-75.4;4.05;0.04;-0.21;4.05;312;0.016;0.0487;0.0001;0.5765;0.0023;185691;185933;359.608;0;101;0.003;0.078;72724353;0.0487;0.0001;0.5765;0.0023;0.695;39.361;0.03;3.91;0.064;384.28;384.781;1;-1;0;0;0;0;0;0;0;0;0;-1;0.00000000;0.00000000;0.00000000;0.00000000;0.00000000;0.00000000;0.00000000;
72724401;11.8;31.8;0;0;0;-75.3;4.03;0.03;0.01;4.01;307;0.015;0.0487;0.0001;0.5765;0.0023;185693;185935;66.1081;0;101;0.009;0.075;72724366;0.0487;0.0001;0.5765;0.0023;0.695;39.359;0.03;4.02;0.064;384.282;384.783;1;-1;0;0;0;0;0;0;0;0;0;-1;0.00000000;0.00000000;0.00000000;0.00000000;0.00000000;0.00000000;0.00000000;
72724433;11.8;31.8;0;0;0;-75;3.99;0.03;0;3.98;305;0.015;0.0487;0.0001;0.5765;0.0023;185693;185935;119.852;0;101;0.009;0.074;72724402;0.0487;0.0001;0.5765;0.0023;0.695;39.357;0.03;3.97;0.063;384.284;384.785;1;-1;0;0;0;0;0;0;0;0;0;-1;0.00000000;0.00000000;0.00000000;0.00000000;0.00000000;0.00000000;0.00000000;
72724471;11.8;31.8;0;0;0;-75;4.01;0.03;0.03;4;313;0.015;0.0487;0.0001;0.5765;0.0023;185695;185937;190.647;0;101;0.004;0.075;72724433;0.0487;0.0001;0.5765;0.0023;0.695;39.355;0.03;4.15;0.063;384.286;384.787;1;-1;0;0;0;0;0;0;0;0;0;-1;0.00000000;0.00000000;0.00000000;0.00000000;0.00000000;0.00000000;0.00000000;
72724492;11.8;31.9;0;0;0;-75.4;4.01;0.03;-0.07;4;316;0.015;0.0487;0.0001;0.5765;0.0023;185696;185938;240.26;0;101;0.005;0.075;72724471;0.0487;0.0001;0.5765;0.0023;0.695;39.352;0.03;3.99;0.064;384.288;384.789;1;-1;0;0;0;0;0;0;0;0;0;-1;0.00000000;0.00000000;0.00000000;0.00000000;0.00000000;0.00000000;0.00000000;
72724530;11.8;31.8;0;0;0;-75.2;4.01;0.03;0.05;3.99;316;0.015;0.0487;0.0001;0.5765;0.0023;185697;185939;308.162;0;101;0.003;0.075;72724493;0.0487;0.0001;0.5765;0.0023;0.695;39.35;0.03;4.16;0.065;384.29;384.791;1;-1;0;0;0;0;0;0;0;0;0;-1;0.00000000;0.00000000;0.00000000;0.00000000;0.00000000;0.00000000;0.00000000;
72724559;11.8;31.8;0;0;0;-74.9;3.96;0.03;-0.06;3.95;313;0.016;0.0487;0.0001;0.5765;0.0023;185697;185939;348.789;0;101;0.002;0.076;72724530;0.0487;0.0001;0.5765;0.0023;0.695;39.348;0.03;3.99;0.065;384.292;384.793;1;-1;0;0;0;0;0;0;0;0;0;-1;0.00000000;0.00000000;0.00000000;0.00000000;0.00000000;0.00000000;0.00000000;
72724593;11.8;31.8;0;0;0;-74.9;4.04;0.03;0.02;4.03;308;0.015;0.0487;0.0001;0.5765;0.0023;185699;185941;69.088;0;101;0.009;0.075;72724559;0.0487;0.0001;0.5765;0.0023;0.695;39.347;0.04;4.08;0.064;384.292;384.793;1;-1;0;0;0;0;0;0;0;0;0;-1;0.00000000;0.00000000;0.00000000;0.00000000;0.00000000;0.00000000;0.00000000;
72724642;11.8;31.9;0;0;0;-75.2;3.99;0.03;0.07;3.97;312;0.016;0.0487;0.0001;0.5765;0.0023;185700;185942;133.249;0;101;0.004;0.074;72724594;0.0487;0.0001;0.5765;0.0023;0.694;39.343;0.02;3.9;0.063;384.297;384.797;1;-1;0;0;0;0;0;0;0;0;0;-1;0.00000000;0.00000000;0.00000000;0.00000000;0.00000000;0.00000000;0.00000000;
72724675;11.8;31.8;0;0;0;-74.9;0.13;0;0;0.11;-7;0;0.0487;0.0001;0.5765;0.0023;185700;185944;128.606;0;101;-0.001;-0.001;72724642;0.0487;0.0001;0.5765;0.0023;0.694;39.341;0.03;3.82;0.064;384.299;384.799;1;-1;0;0;0;0;0;0;0;0;0;-1;0.00000000;0.00000000;0.00000000;0.00000000;0.00000000;0.00000000;0.00000000;
72724709;11.8;31.8;0;0;0;-74.5;0;0;0;0;-19;0;0.0487;0.0001;0.5765;0.0023;185700;185944;120.947;0;101;0;-0.004;72724675;0.0487;0.0001;0.5765;0.0023;0.694;39.338;0;0;-0.001;384.299;384.804;1;-1;0;0;0;0;0;0;0;0;0;-1;0.00000000;0.00000000;0.00000000;0.00000000;0.00000000;0.00000000;0.00000000;
72724742;11.8;31.9;0;0;0;-75.1;0;0;0;0;-27;0;0.0487;0.0001;0.5765;0.0023;185699;185945;113.201;0;101;0;-0.004;72724709;0.0487;0.0001;0.5765;0.0023;0.694;39.336;0;0;-0.004;384.299;384.804;1;-1;0;0;0;0;0;0;0;0;0;-1;0.00000000;0.00000000;0.00000000;0.00000000;0.00000000;0.00000000;0.00000000;
72724776;11.8;31.9;0;0;0;-75.4;0;0;0;0;-32;0;0.0487;0.0001;0.5765;0.0023;185699;185945;105.048;0;101;0;-0.004;72724742;0.0487;0.0001;0.5765;0.0023;0.694;39.334;0;0;-0.005;384.297;384.806;1;-1;0;0;0;0;0;0;0;0;0;-1;0.00000000;0.00000000;0.00000000;0.00000000;0.00000000;0.00000000;0.00000000;
72724808;11.8;31.9;0;0;0;-75.7;0;0;0;0;-34;-0.001;0.0487;0.0001;0.5765;0.0023;185699;185945;97.421;0;101;0.001;-0.004;72724776;0.0487;0.0001;0.5765;0.0023;0.694;39.331;0;0;-0.006;384.297;384.806;1;-1;0;0;0;0;0;0;0;0;0;-1;0.00000000;0.00000000;0.00000000;0.00000000;0.00000000;0.00000000;0.00000000;
72724842;11.8;31.9;0;0;0;-75.7;0;0;0;0;-34;0;0.0487;0.0001;0.5765;0.0023;185699;185945;90.6696;0;101;0.001;-0.004;72724809;0.0487;0.0001;0.5765;0.0023;0.694;39.329;0;0;-0.007;384.297;384.806;1;-1;0;0;0;0;0;0;0;0;0;-1;0.00000000;0.00000000;0.00000000;0.00000000;0.00000000;0.00000000;0.00000000;
72724876;11.8;31.9;0;0;0;-75.5;0;0;0;0;-33;0;0.0487;0.0001;0.5765;0.0023;185699;185945;84.5067;0;101;0.002;-0.004;72724843;0.0487;0.0001;0.5765;0.0023;0.694;39.326;0;0;-0.007;384.297;384.806;1;-1;0;0;0;0;0;0;0;0;0;-1;0.00000000;0.00000000;0.00000000;0.00000000;0.00000000;0.00000000;0.00000000;
72724910;11.8;31.9;0;0;0;-75.5;0;0;0;0;-32;0;0.0487;0.0001;0.5765;0.0023;185699;185945;78.5295;0;101;0.002;-0.003;72724876;0.0487;0.0001;0.5765;0.0023;0.694;39.324;0;0;-0.006;384.297;384.806;1;-1;0;0;0;0;0;0;0;0;0;-1;0.00000000;0.00000000;0.00000000;0.00000000;0.00000000;0.00000000;0.00000000;
72724943;11.8;31.9;0;0;0;-75.8;0;0;0;0;-32;0;0.0487;0.0001;0.5765;0.0023;185699;185945;71.8717;0;101;0.002;-0.003;72724910;0.0487;0.0001;0.5765;0.0023;0.694;39.322;0;0;-0.006;384.297;384.806;1;-1;0;0;0;0;0;0;0;0;0;-1;0.00000000;0.00000000;0.00000000;0.00000000;0.00000000;0.00000000;0.00000000;
72724961;11.8;31.9;0;0;0;-75.8;0;0;0;0;-31;0;0.0487;0.0001;0.5765;0.0023;185699;185945;66.121;0;101;0.003;-0.003;72724943;0.0487;0.0001;0.5765;0.0023;0.694;39.32;0;0;-0.006;384.297;384.806;1;-1;0;0;0;0;0;0;0;0;0;-1;0.00000000;0.00000000;0.00000000;0.00000000;0.00000000;0.00000000;0.00000000;
72724994;11.8;31.9;0;0;0;-75.7;0;0;0;0;-29;0;0.0487;0.0001;0.5765;0.0023;185699;185945;60.7084;0;101;0.003;-0.002;72724961;0.0487;0.0001;0.5765;0.0023;0.694;39.318;0;0;-0.006;384.297;384.806;1;-1;0;0;0;0;0;0;0;0;0;-1;0.00000000;0.00000000;0.00000000;0.00000000;0.00000000;0.00000000;0.00000000;
72725027;11.8;31.9;0;0;0;-75.7;0;0;0;0;-27;0;0.0487;0.0001;0.5765;0.0023;185698;185946;55.9288;0;101;0.003;-0.002;72724995;0.0487;0.0001;0.5765;0.0023;0.694;39.316;0;0;-0.006;384.297;384.806;1;-1;0;0;0;0;0;0;0;0;0;-1;0.00000000;0.00000000;0.00000000;0.00000000;0.00000000;0.00000000;0.00000000;
72725061;11.8;31.9;0;0;0;-75.7;0;0;0;0;-24;0;0.0487;0.0001;0.5765;0.0023;185698;185946;52.0273;0;101;0.003;-0.001;72725028;0.0487;0.0001;0.5765;0.0023;0.694;39.314;0;0;-0.005;384.294;384.808;1;-1;0;0;0;0;0;0;0;0;0;-1;0.00000000;0.00000000;0.00000000;0.00000000;0.00000000;0.00000000;0.00000000;
72725094;11.8;31.9;0;0;0;-75.7;0;0;0;0;-21;0;0.0487;0.0001;0.5765;0.0023;185698;185946;48.3422;0;101;0.004;-0.001;72725061;0.0487;0.0001;0.5765;0.0023;0.694;39.312;0;0;-0.004;384.294;384.808;1;-1;0;0;0;0;0;0;0;0;0;-1;0.00000000;0.00000000;0.00000000;0.00000000;0.00000000;0.00000000;0.00000000;
72725129;11.8;31.9;0;0;0;-76;0;0;0;0;-19;0;0.0487;0.0001;0.5765;0.0023;185698;185946;45.0049;0;101;0.004;-0.002;72725094;0.0487;0.0001;0.5765;0.0023;0.694;39.31;0;0;-0.004;384.294;384.808;1;-1;0;0;0;0;0;0;0;0;0;-1;0.00000000;0.00000000;0.00000000;0.00000000;0.00000000;0.00000000;0.00000000;
72725145;11.8;31.9;0;0;0;-76;0;0;0;0;-2;0;0.0487;0.0001;0.5765;0.0023;185698;185946;45.0008;0;101;0.004;-0.001;72725129;0.0487;0.0001;0.5765;0.0023;0.694;39.308;0;0;-0.004;384.294;384.808;1;-1;0;0;0;0;0;0;0;0;0;-1;0.00000000;0.00000000;0.00000000;0.00000000;0.00000000;0.00000000;0.00000000;
72725178;11.8;31.9;0;0;0;-76.1;0;0;0;0;0;0.001;0.0487;0.0001;0.5765;0.0023;185698;185946;45;0;101;0.004;-0.001;72725146;0.0487;0.0001;0.5765;0.0023;0.694;39.307;0;0;0;384.294;384.808;1;-1;0;0;0;0;0;0;0;0;0;-1;0.00000000;0.00000000;0.00000000;0.00000000;0.00000000;0.00000000;0.00000000;
72725211;11.8;31.9;0;0;0;-75.9;0;0;0;0;0;-0.001;0.0487;0.0001;0.5765;0.0023;185698;185946;45;0;101;0.004;-0.001;72725178;0.0487;0.0001;0.5765;0.0023;0.694;39.305;0;0;0;384.294;384.808;1;-1;0;0;0;0;0;0;0;0;0;-1;0.00000000;0.00000000;0.00000000;0.00000000;0.00000000;0.00000000;0.00000000;
72725245;11.8;31.9;0;0;0;-75.9;0;0;0;0;0;0;0.0487;0.0001;0.5765;0.0023;185698;185946;44.9834;0;101;0.004;-0.001;72725212;0.0487;0.0001;0.5765;0.0023;0.694;39.303;0;0;0;384.294;384.808;1;-1;0;0;0;0;0;0;0;0;0;-1;0.00000000;0.00000000;0.00000000;0.00000000;0.00000000;0.00000000;0.00000000;
72725275;11.8;31.9;0;0;0;-75.8;0;0;0;0;0;0;0.0487;0.0001;0.5765;0.0023;185698;185946;45.001;0;101;0.004;-0.001;72725246;0.0487;0.0001;0.5765;0.0023;0.694;39.301;0;0;0;384.294;384.808;1;-1;0;0;0;0;0;0;0;0;0;-1;0.00000000;0.00000000;0.00000000;0.00000000;0.00000000;0.00000000;0.00000000;
72725312;11.8;31.9;0;0;0;-75.6;0;0;0;0;0;0;0.0487;0.0001;0.5765;0.0023;185698;185946;45;0;101;0.004;-0.001;72725277;0.0487;0.0001;0.5765;0.0023;0.694;39.3;0;0;0;384.294;384.808;1;-1;0;0;0;0;0;0;0;0;0;-1;0.00000000;0.00000000;0.00000000;0.00000000;0.00000000;0.00000000;0.00000000;
72725345;11.8;31.9;0;0;0;-75.3;0;0;0;0;0;0;0.0487;0.0001;0.5765;0.0023;185698;185946;44.9589;0;101;0.004;-0.001;72725312;0.0487;0.0001;0.5765;0.0023;0.694;39.299;0;0;0;384.294;384.808;1;-1;0;0;0;0;0;0;0;0;0;-1;0.00000000;0.00000000;0.00000000;0.00000000;0.00000000;0.00000000;0.00000000;
72725375;11.8;31.9;0;0;0;-75.1;0;0;0;0;0;0;0.0487;0.0001;0.5765;0.0023;185698;185946;44.9589;0;101;0.004;-0.001;72725345;0.0487;0.0001;0.5765;0.0023;0.694;39.297;0;0;0;384.294;384.808;1;-1;0;0;0;0;0;0;0;0;0;-1;0.00000000;0.00000000;0.00000000;0.00000000;0.00000000;0.00000000;0.00000000;
72725411;11.8;31.9;0;0;0;-75.3;0;0;0;0;0;0;0.0487;0.0001;0.5765;0.0023;185698;185946;45;0;101;0.004;-0.001;72725375;0.0487;0.0001;0.5765;0.0023;0.694;39.296;0;0;0;384.294;384.808;1;-1;0;0;0;0;0;0;0;0;0;-1;0.00000000;0.00000000;0.00000000;0.00000000;0.00000000;0.00000000;0.00000000;
72725459;11.8;31.9;0;0;0;-75.3;0;0;0;0;0;-0.001;0.0487;0.0001;0.5765;0.0023;185698;185946;44.9794;0;101;0.004;-0.001;72725411;0.0487;0.0001;0.5765;0.0023;0.694;39.295;0;0;0;384.294;384.808;1;-1;0;0;0;0;0;0;0;0;0;-1;0.00000000;0.00000000;0.00000000;0.00000000;0.00000000;0.00000000;0.00000000;
72725491;11.8;31.9;0;0;0;-75.7;0;0;0;0;0;0;0.0487;0.0001;0.5765;0.0023;185698;185946;44.9863;0;101;0.004;-0.001;72725459;0.0487;0.0001;0.5765;0.0023;0.694;39.293;0;0;0;384.294;384.808;1;-1;0;0;0;0;0;0;0;0;0;-1;0.00000000;0.00000000;0.00000000;0.00000000;0.00000000;0.00000000;0.00000000;
72725527;11.8;31.9;0;0;0;-75.7;0;0;0;0;0;0;0.0487;0.0001;0.5765;0.0023;185698;185946;44.9932;0;101;0.003;-0.001;72725492;0.0487;0.0001;0.5765;0.0023;0.694;39.292;0;0;0;384.294;384.808;1;-1;0;0;0;0;0;0;0;0;0;-1;0.00000000;0.00000000;0.00000000;0.00000000;0.00000000;0.00000000;0.00000000;
72725559;11.8;31.9;0;0;0;-75.8;0;0;0;0;0;0;0.0487;0.0001;0.5765;0.0023;185698;185946;44.9931;0;101;0.004;-0.001;72725527;0.0487;0.0001;0.5765;0.0023;0.694;39.291;0;0;0;384.294;384.808;1;-1;0;0;0;0;0;0;0;0;0;-1;0.00000000;0.00000000;0.00000000;0.00000000;0.00000000;0.00000000;0.00000000;
72725591;11.8;31.9;0;0;0;-75.8;0;0;0;0;0;-0.001;0.0487;0.0001;0.5765;0.0023;185698;185946;44.9658;0;101;0.004;-0.001;72725559;0.0487;0.0001;0.5765;0.0023;0.694;39.29;0;0;0;384.294;384.808;1;-1;0;0;0;0;0;0;0;0;0;-1;0.00000000;0.00000000;0.00000000;0.00000000;0.00000000;0.00000000;0.00000000;
72725626;11.8;31.9;0;0;0;-76;0;0;0;0;0;0;0.0487;0.0001;0.5765;0.0023;185698;185946;45.0039;0;101;0.004;-0.001;72725591;0.0487;0.0001;0.5765;0.0023;0.694;39.289;0;0;0;384.294;384.808;1;-1;0;0;0;0;0;0;0;0;0;-1;0.00000000;0.00000000;0.00000000;0.00000000;0.00000000;0.00000000;0.00000000;
72725658;11.8;31.9;0;0;0;-76.1;0;0;0;0;0;0;0.0487;0.0001;0.5765;0.0023;185698;185946;44.9931;0;101;0.004;-0.001;72725626;0.0487;0.0001;0.5765;0.0023;0.694;39.288;0;0;0;384.294;384.808;1;-1;0;0;0;0;0;0;0;0;0;-1;0.00000000;0.00000000;0.00000000;0.00000000;0.00000000;0.00000000;0.00000000;
72725692;11.8;31.9;0;0;0;-76.1;0;0;0;0;0;-0.001;0.0487;0.0001;0.5765;0.0023;185698;185946;44.9657;0;101;0.004;-0.001;72725658;0.0487;0.0001;0.5765;0.0023;0.693;39.286;0;0;0;384.294;384.808;1;-1;0;0;0;0;0;0;0;0;0;-1;0.00000000;0.00000000;0.00000000;0.00000000;0.00000000;0.00000000;0.00000000;
72725710;11.8;31.9;0;0;0;-76.2;0;0;0;0;0;0;0.0487;0.0001;0.5765;0.0023;185698;185946;45;0;101;0.004;-0.001;72725693;0.0487;0.0001;0.5765;0.0023;0.693;39.285;0;0;0;384.294;384.808;1;-1;0;0;0;0;0;0;0;0;0;-1;0.00000000;0.00000000;0.00000000;0.00000000;0.00000000;0.00000000;0.00000000;
72725744;11.8;31.9;0;0;0;-75.5;0;0;0;0;0;0;0.0487;0.0001;0.5765;0.0023;185698;185946;45;0;101;0.004;-0.001;72725710;0.0487;0.0001;0.5765;0.0023;0.693;39.284;0;0;0;384.294;384.808;1;-1;0;0;0;0;0;0;0;0;0;-1;0.00000000;0.00000000;0.00000000;0.00000000;0.00000000;0.00000000;0.00000000;
72725776;11.8;31.9;0;0;0;-75.7;0;0;0;0;0;0;0.0487;0.0001;0.5765;0.0023;185698;185946;44.997;0;101;0.004;-0.001;72725744;0.0487;0.0001;0.5765;0.0023;0.693;39.283;0;0;0;384.294;384.808;1;-1;0;0;0;0;0;0;0;0;0;-1;0.00000000;0.00000000;0.00000000;0.00000000;0.00000000;0.00000000;0.00000000;
72725825;11.8;31.9;0;0;0;-75.6;0;0;0;0;0;-0.001;0.0487;0.0001;0.5765;0.0023;185698;185946;45;0;101;0.004;-0.001;72725777;0.0487;0.0001;0.5765;0.0023;0.693;39.281;0;0;0;384.294;384.808;1;-1;0;0;0;0;0;0;0;0;0;-1;0.00000000;0.00000000;0.00000000;0.00000000;0.00000000;0.00000000;0.00000000;
72725860;11.8;31.9;0;0;0;-75.2;0;0;0;0;0;0;0.0487;0.0001;0.5765;0.0023;185698;185946;45;0;101;0.004;-0.001;72725825;0.0487;0.0001;0.5765;0.0023;0.693;39.281;0;0;0;384.294;384.808;1;-1;0;0;0;0;0;0;0;0;0;-1;0.00000000;0.00000000;0.00000000;0.00000000;0.00000000;0.00000000;0.00000000;
72725876;11.8;31.9;0;0;0;-75.5;0;0;0;0;0;0;0.0487;0.0001;0.5765;0.0023;185698;185946;44.9942;0;101;0.004;-0.001;72725860;0.0487;0.0001;0.5765;0.0023;0.693;39.28;0;0;0;384.294;384.808;1;-1;0;0;0;0;0;0;0;0;0;-1;0.00000000;0.00000000;0.00000000;0.00000000;0.00000000;0.00000000;0.00000000;
72725911;11.8;31.9;0;0;0;-75.5;0;0;0;0;0;0;0.0487;0.0001;0.5765;0.0023;185698;185946;44.9795;0;101;0.004;-0.001;72725876;0.0487;0.0001;0.5765;0.0023;0.693;39.279;0;0;0;384.294;384.808;1;-1;0;0;0;0;0;0;0;0;0;-1;0.00000000;0.00000000;0.00000000;0.00000000;0.00000000;0.00000000;0.00000000;
72725951;11.8;31.9;0;0;0;-75.3;0;0;0;0;0;0;0.0487;0.0001;0.5765;0.0023;185698;185946;45.0039;0;101;0.004;-0.001;72725911;0.0487;0.0001;0.5765;0.0023;0.693;39.277;0;0;0;384.294;384.808;1;-1;0;0;0;0;0;0;0;0;0;-1;0.00000000;0.00000000;0.00000000;0.00000000;0.00000000;0.00000000;0.00000000;
72725981;11.8;31.9;0;0;0;-75.3;0;0;0;0;0;0;0.0487;0.0001;0.5765;0.0023;185698;185946;45;0;101;0.004;-0.001;72725951;0.0487;0.0001;0.5765;0.0023;0.693;39.276;0;0;0;384.294;384.808;1;-1;0;0;0;0;0;0;0;0;0;-1;0.00000000;0.00000000;0.00000000;0.00000000;0.00000000;0.00000000;0.00000000;
72726016;11.8;31.9;0;0;0;-75.4;0;0;0;0;0;-0.001;0.0487;0.0001;0.5765;0.0023;185698;185946;44.9726;0;101;0.004;-0.001;72725983;0.0487;0.0001;0.5765;0.0023;0.693;39.275;0;0;0;384.294;384.808;1;-1;0;0;0;0;0;0;0;0;0;-1;0.00000000;0.00000000;0.00000000;0.00000000;0.00000000;0.00000000;0.00000000;
72726046;11.8;31.9;0;0;0;-75.5;0;0;0;0;0;0;0.0487;0.0001;0.5765;0.0023;185698;185946;44.9805;0;101;0.004;-0.001;72726016;0.0487;0.0001;0.5765;0.0023;0.693;39.274;0;0;0;384.294;384.808;1;-1;0;0;0;0;0;0;0;0;0;-1;0.00000000;0.00000000;0.00000000;0.00000000;0.00000000;0.00000000;0.00000000;
72726077;11.8;31.9;0;0;0;-75.7;0;0;0;0;0;0;0.0487;0.0001;0.5765;0.0023;185698;185946;44.9726;0;101;0.004;-0.001;72726046;0.0487;0.0001;0.5765;0.0023;0.693;39.273;0;0;0;384.294;384.808;1;-1;0;0;0;0;0;0;0;0;0;-1;0.00000000;0.00000000;0.00000000;0.00000000;0.00000000;0.00000000;0.00000000;
72726108;11.8;31.9;0;0;0;-76.2;0;0;0;0;0;0;0.0487;0.0001;0.5765;0.0023;185698;185946;45;0;101;0.003;-0.001;72726077;0.0487;0.0001;0.5765;0.0023;0.693;39.271;0;0;0;384.294;384.808;1;-1;0;0;0;0;0;0;0;0;0;-1;0.00000000;0.00000000;0.00000000;0.00000000;0.00000000;0.00000000;0.00000000;
72726141;11.8;31.9;0;0;0;-75.9;0;0;0;0;0;0;0.0487;0.0001;0.5765;0.0023;185698;185946;44.9863;0;101;0.004;-0.001;72726108;0.0487;0.0001;0.5765;0.0023;0.693;39.27;0;0;0;384.294;384.808;1;-1;0;0;0;0;0;0;0;0;0;-1;0.00000000;0.00000000;0.00000000;0.00000000;0.00000000;0.00000000;0.00000000;
72726176;11.8;31.9;0;0;0;-75.5;0;0;0;0;0;0;0.0487;0.0001;0.5765;0.0023;185698;185946;45;0;101;0.004;-0.001;72726142;0.0487;0.0001;0.5765;0.0023;0.693;39.269;0;0;0;384.294;384.808;1;-1;0;0;0;0;0;0;0;0;0;-1;0.00000000;0.00000000;0.00000000;0.00000000;0.00000000;0.00000000;0.00000000;
72726209;11.8;31.9;0;0;0;-75;0;0;0;0;0;0;0.0487;0.0001;0.5765;0.0023;185698;185946;44.9863;0;101;0.004;-0.002;72726176;0.0487;0.0001;0.5765;0.0023;0.693;39.268;0;0;0;384.294;384.808;1;-1;0;0;0;0;0;0;0;0;0;-1;0.00000000;0.00000000;0.00000000;0.00000000;0.00000000;0.00000000;0.00000000;
72726241;11.8;31.9;0;0;0;-74.9;0;0;0;0;0;0;0.0487;0.0001;0.5765;0.0023;185698;185946;45.0198;0;101;0.004;-0.001;72726209;0.0487;0.0001;0.5765;0.0023;0.693;39.267;0;0;0;384.294;384.808;1;-1;0;0;0;0;0;0;0;0;0;-1;0.00000000;0.00000000;0.00000000;0.00000000;0.00000000;0.00000000;0.00000000;
72726275;11.8;31.9;0;0;0;-74.8;0;0;0;0;0;0;0.0487;0.0001;0.5765;0.0023;185698;185946;45.005;0;101;0.004;-0.001;72726242;0.0487;0.0001;0.5765;0.0023;0.693;39.265;0;0;0;384.294;384.808;1;-1;0;0;0;0;0;0;0;0;0;-1;0.00000000;0.00000000;0.00000000;0.00000000;0.00000000;0.00000000;0.00000000;
72726309;11.8;31.9;0;0;0;-74.7;0;0;0;0;0;0;0.0487;0.0001;0.5765;0.0023;185698;185946;44.9795;0;101;0.004;-0.001;72726275;0.0487;0.0001;0.5765;0.0023;0.693;39.264;0;0;0;384.294;384.808;1;-1;0;0;0;0;0;0;0;0;0;-1;0.00000000;0.00000000;0.00000000;0.00000000;0.00000000;0.00000000;0.00000000;
72726341;11.8;31.8;0;0;0;-74.7;0;0;0;0;0;0;0.0487;0.0001;0.5765;0.0023;185698;185946;44.9863;0;101;0.004;-0.002;72726309;0.0487;0.0001;0.5765;0.0023;0.693;39.262;0;0;0;384.294;384.808;1;-1;0;0;0;0;0;0;0;0;0;-1;0.00000000;0.00000000;0.00000000;0.00000000;0.00000000;0.00000000;0.00000000;
