ms_today;input_voltage;temp_mos_max;temp_mos_1;temp_mos_2;temp_mos_3;temp_motor;current_motor;current_in;d_axis_current;q_axis_current;erpm;duty_cycle;amp_hours_used;amp_hours_charged;watt_hours_used;watt_hours_charged;tachometer;tachometer_abs;encoder_position;fault_code;vesc_id;d_axis_voltage;q_axis_voltage;ms_today_setup;amp_hours_setup;amp_hours_charged_setup;watt_hours_setup;watt_hours_charged_setup;battery_level;battery_wh_tot;current_in_setup;current_motor_setup;speed_meters_per_sec;tacho_meters;tacho_abs_meters;num_vescs;ms_today_imu;roll;pitch;yaw;accX;accY;accZ;gyroX;gyroY;gyroZ;gnss_posTime;gnss_lat;gnss_lon;gnss_alt;gnss_gVel;gnss_vVel;gnss_hAcc;gnss_vAcc;
72760541;11.8;30.3;0;0;0;-75.5;0;0;0;0;0;0;0.0487;0.0001;0.5765;0.0023;185698;185946;45.0039;0;101;0.004;-0.001;72760428;0.0487;0.0001;0.5765;0.0023;0.694;39.301;0;0;0;384.294;384.808;1;-1;0;0;0;0;0;0;0;0;0;-1;0.00000000;0.00000000;0.00000000;0.00000000;0.00000000;0.00000000;0.00000000;
72760581;11.8;30.3;0;0;0;-74.8;0;0;0;0;0;0;0.0487;0.0001;0.5765;0.0023;185698;185946;45.0118;0;101;0.004;-0.001;72760542;0.0487;0.0001;0.5765;0.0023;0.694;39.3;0;0;0;384.294;384.808;1;-1;0;0;0;0;0;0;0;0;0;-1;0.00000000;0.00000000;0.00000000;0.00000000;0.00000000;0.00000000;0.00000000;
72760611;11.8;30.3;0;0;0;-74.6;0;0;0;0;0;-0.001;0.0487;0.0001;0.5765;0.0023;185698;185946;45;0;101;0.004;-0.001;72760581;0.0487;0.0001;0.5765;0.0023;0.694;39.3;0;0;0;384.294;384.808;1;-1;0;0;0;0;0;0;0;0;0;-1;0.00000000;0.00000000;0.00000000;0.00000000;0.00000000;0.00000000;0.00000000;
72760647;11.8;30.3;0;0;0;-74.6;0;0;0;0;0;0;0.0487;0.0001;0.5765;0.0023;185698;185946;45;0;101;0.004;-0.001;72760612;0.0487;0.0001;0.5765;0.0023;0.694;39.3;0;0;0;384.294;384.808;1;-1;0;0;0;0;0;0;0;0;0;-1;0.00000000;0.00000000;0.00000000;0.00000000;0.00000000;0.00000000;0.00000000;
72760673;11.8;30.3;0;0;0;-74.8;0;0;0;0;0;0;0.0487;0.0001;0.5765;0.0023;185698;185946;45;0;101;0.004;-0.001;72760648;0.0487;0.0001;0.5765;0.0023;0.694;39.3;0;0;0;384.294;384.808;1;-1;0;0;0;0;0;0;0;0;0;-1;0.00000000;0.00000000;0.00000000;0.00000000;0.00000000;0.00000000;0.00000000;
72760705;11.8;30.3;0;0;0;-74.7;0;0;0;0;0;0;0.0487;0.0001;0.5765;0.0023;185698;185946;45;0;101;0.004;-0.001;72760674;0.0487;0.0001;0.5765;0.0023;0.694;39.299;0;0;0;384.294;384.808;1;-1;0;0;0;0;0;0;0;0;0;-1;0.00000000;0.00000000;0.00000000;0.00000000;0.00000000;0.00000000;0.00000000;
72760737;11.8;30.3;0;0;0;-74.6;0;0;0;0;0;0;0.0487;0.0001;0.5765;0.0023;185698;185946;45;0;101;0.004;-0.001;72760706;0.0487;0.0001;0.5765;0.0023;0.694;39.298;0;0;0;384.294;384.808;1;-1;0;0;0;0;0;0;0;0;0;-1;0.00000000;0.00000000;0.00000000;0.00000000;0.00000000;0.00000000;0.00000000;
72760771;11.8;30.3;0;0;0;-74.9;0;0;0;0;0;0;0.0487;0.0001;0.5765;0.0023;185698;185946;45;0;101;0.004;-0.001;72760737;0.0487;0.0001;0.5765;0.0023;0.694;39.298;0;0;0;384.294;384.808;1;-1;0;0;0;0;0;0;0;0;0;-1;0.00000000;0.00000000;0.00000000;0.00000000;0.00000000;0.00000000;0.00000000;
72760800;11.8;30.3;0;0;0;-74.8;0;0;0;0;0;0;0.0487;0.0001;0.5765;0.0023;185698;185946;44.9658;0;101;0.004;-0.002;72760771;0.0487;0.0001;0.5765;0.0023;0.694;39.298;0;0;0;384.294;384.808;1;-1;0;0;0;0;0;0;0;0;0;-1;0.00000000;0.00000000;0.00000000;0.00000000;0.00000000;0.00000000;0.00000000;
72760831;11.8;30.3;0;0;0;-74.8;0;0;0;0;0;0;0.0487;0.0001;0.5765;0.0023;185698;185946;45;0;101;0.005;-0.001;72760801;0.0487;0.0001;0.5765;0.0023;0.694;39.297;0;0;0;384.294;384.808;1;-1;0;0;0;0;0;0;0;0;0;-1;0.00000000;0.00000000;0.00000000;0.00000000;0.00000000;0.00000000;0.00000000;
72760864;11.8;30.3;0;0;0;-75.3;0;0;0;0;0;0;0.0487;0.0001;0.5765;0.0023;185698;185946;44.9931;0;101;0.004;-0.002;72760831;0.0487;0.0001;0.5765;0.0023;0.694;39.297;0;0;0;384.294;384.808;1;-1;0;0;0;0;0;0;0;0;0;-1;0.00000000;0.00000000;0.00000000;0.00000000;0.00000000;0.00000000;0.00000000;
72760894;11.8;30.3;0;0;0;-75.5;0;0;0;0;0;0;0.0487;0.0001;0.5765;0.0023;185698;185946;44.9423;0;101;0.004;-0.002;72760865;0.0487;0.0001;0.5765;0.0023;0.694;39.296;0;0;0;384.294;384.808;1;-1;0;0;0;0;0;0;0;0;0;-1;0.00000000;0.00000000;0.00000000;0.00000000;0.00000000;0.00000000;0.00000000;
72760927;11.8;30.3;0;0;0;-75.5;0;0;0;0;0;0;0.0487;0.0001;0.5765;0.0023;185698;185946;44.9315;0;101;0.003;-0.002;72760894;0.0487;0.0001;0.5765;0.0023;0.694;39.296;0;0;0;384.294;384.808;1;-1;0;0;0;0;0;0;0;0;0;-1;0.00000000;0.00000000;0.00000000;0.00000000;0.00000000;0.00000000;0.00000000;
72760960;11.8;30.3;0;0;0;-75.3;0;0;0;0;0;0;0.0487;0.0001;0.5765;0.0023;185698;185946;45;0;101;0.004;-0.001;72760928;0.0487;0.0001;0.5765;0.0023;0.694;39.295;0;0;0;384.294;384.808;1;-1;0;0;0;0;0;0;0;0;0;-1;0.00000000;0.00000000;0.00000000;0.00000000;0.00000000;0.00000000;0.00000000;
72760993;11.8;30.3;0;0;0;-75;0;0;0;0;0;0;0.0487;0.0001;0.5765;0.0023;185698;185946;44.9794;0;101;0.004;-0.001;72760961;0.0487;0.0001;0.5765;0.0023;0.694;39.295;0;0;0;384.294;384.808;1;-1;0;0;0;0;0;0;0;0;0;-1;0.00000000;0.00000000;0.00000000;0.00000000;0.00000000;0.00000000;0.00000000;
72761026;11.8;30.3;0;0;0;-74.6;0;0;0;0;0;-0.001;0.0487;0.0001;0.5765;0.0023;185698;185946;45;0;101;0.004;-0.001;72760993;0.0487;0.0001;0.5765;0.0023;0.694;39.294;0;0;0;384.294;384.808;1;-1;0;0;0;0;0;0;0;0;0;-1;0.00000000;0.00000000;0.00000000;0.00000000;0.00000000;0.00000000;0.00000000;
72761060;11.8;30.3;0;0;0;-75;0;0;0;0;0;0;0.0487;0.0001;0.5765;0.0023;185698;185946;45;0;101;0.004;-0.001;72761027;0.0487;0.0001;0.5765;0.0023;0.694;39.294;0;0;0;384.294;384.808;1;-1;0;0;0;0;0;0;0;0;0;-1;0.00000000;0.00000000;0.00000000;0.00000000;0.00000000;0.00000000;0.00000000;
72761093;11.8;30.3;0;0;0;-75.5;0;0;0;0;0;0;0.0487;0.0001;0.5765;0.0023;185698;185946;45;0;101;0.004;-0.001;72761060;0.0487;0.0001;0.5765;0.0023;0.694;39.293;0;0;0;384.294;384.808;1;-1;0;0;0;0;0;0;0;0;0;-1;0.00000000;0.00000000;0.00000000;0.00000000;0.00000000;0.00000000;0.00000000;
72761126;11.8;30.3;0;0;0;-75.5;0;0;0;0;0;0;0.0487;0.0001;0.5765;0.0023;185698;185946;45.0079;0;101;0.004;-0.001;72761093;0.0487;0.0001;0.5765;0.0023;0.694;39.293;0;0;0;384.294;384.808;1;-1;0;0;0;0;0;0;0;0;0;-1;0.00000000;0.00000000;0.00000000;0.00000000;0.00000000;0.00000000;0.00000000;
72761160;11.8;30.3;0;0;0;-75.3;0;0;0;0;0;-0.001;0.0487;0.0001;0.5765;0.0023;185698;185946;44.9834;0;101;0.004;-0.001;72761126;0.0487;0.0001;0.5765;0.0023;0.694;39.292;0;0;0;384.294;384.808;1;-1;0;0;0;0;0;0;0;0;0;-1;0.00000000;0.00000000;0.00000000;0.00000000;0.00000000;0.00000000;0.00000000;
72761177;11.8;30.3;0;0;0;-75.7;0;0;0;0;0;0;0.0487;0.0001;0.5765;0.0023;185698;185946;44.9863;0;101;0.003;-0.001;72761160;0.0487;0.0001;0.5765;0.0023;0.694;39.291;0;0;0;384.294;384.808;1;-1;0;0;0;0;0;0;0;0;0;-1;0.00000000;0.00000000;0.00000000;0.00000000;0.00000000;0.00000000;0.00000000;
72761211;11.8;30.3;0;0;0;-75.7;0;0;0;0;0;0;0.0487;0.0001;0.5765;0.0023;185698;185946;44.9726;0;101;0.004;-0.001;72761179;0.0487;0.0001;0.5765;0.0023;0.694;39.291;0;0;0;384.294;384.808;1;-1;0;0;0;0;0;0;0;0;0;-1;0.00000000;0.00000000;0.00000000;0.00000000;0.00000000;0.00000000;0.00000000;
72761243;11.8;30.3;0;0;0;-75.3;0;0;0;0;0;-0.001;0.0487;0.0001;0.5765;0.0023;185698;185946;44.9863;0;101;0.003;-0.001;72761212;0.0487;0.0001;0.5765;0.0023;0.694;39.29;0;0;0;384.294;384.808;1;-1;0;0;0;0;0;0;0;0;0;-1;0.00000000;0.00000000;0.00000000;0.00000000;0.00000000;0.00000000;0.00000000;
72761277;11.8;30.3;0;0;0;-75.2;0;0;0;0;0;0;0.0487;0.0001;0.5765;0.0023;185698;185946;44.956;0;101;0.003;-0.001;72761243;0.0487;0.0001;0.5765;0.0023;0.694;39.29;0;0;0;384.294;384.808;1;-1;0;0;0;0;0;0;0;0;0;-1;0.00000000;0.00000000;0.00000000;0.00000000;0.00000000;0.00000000;0.00000000;
72761311;11.8;30.3;0;0;0;-75.1;0;0;0;0;0;0;0.0487;0.0001;0.5765;0.0023;185698;185946;44.9795;0;101;0.004;-0.001;72761278;0.0487;0.0001;0.5765;0.0023;0.694;39.289;0;0;0;384.294;384.808;1;-1;0;0;0;0;0;0;0;0;0;-1;0.00000000;0.00000000;0.00000000;0.00000000;0.00000000;0.00000000;0.00000000;
72761347;11.8;30.2;0;0;0;-74.6;0;0;0;0;0;0;0.0487;0.0001;0.5765;0.0023;185698;185946;44.9863;0;101;0.004;-0.001;72761311;0.0487;0.0001;0.5765;0.0023;0.694;39.289;0;0;0;384.294;384.808;1;-1;0;0;0;0;0;0;0;0;0;-1;0.00000000;0.00000000;0.00000000;0.00000000;0.00000000;0.00000000;0.00000000;
72761364;11.8;30.3;0;0;0;-74.9;0;0;0;0;0;0;0.0487;0.0001;0.5765;0.0023;185698;185946;45.0208;0;101;0.003;0;72761347;0.0487;0.0001;0.5765;0.0023;0.694;39.288;0;0;0;384.294;384.808;1;-1;0;0;0;0;0;0;0;0;0;-1;0.00000000;0.00000000;0.00000000;0.00000000;0.00000000;0.00000000;0.00000000;
72761395;11.8;30.3;0;0;0;-75.1;0;0;0;0;0;0;0.0487;0.0001;0.5765;0.0023;185698;185946;45;0;101;0.004;-0.001;72761364;0.0487;0.0001;0.5765;0.0023;0.694;39.288;0;0;0;384.294;384.808;1;-1;0;0;0;0;0;0;0;0;0;-1;0.00000000;0.00000000;0.00000000;0.00000000;0.00000000;0.00000000;0.00000000;
72761428;11.8;30.3;0;0;0;-75;0;0;0;0;0;-0.001;0.0487;0.0001;0.5765;0.0023;185698;185946;45.0039;0;101;0.004;-0.001;72761395;0.0487;0.0001;0.5765;0.0023;0.694;39.288;0;0;0;384.294;384.808;1;-1;0;0;0;0;0;0;0;0;0;-1;0.00000000;0.00000000;0.00000000;0.00000000;0.00000000;0.00000000;0.00000000;
72761461;11.8;30.3;0;0;0;-75;0;0;0;0;0;0;0.0487;0.0001;0.5765;0.0023;185698;185946;44.9903;0;101;0.004;-0.001;72761428;0.0487;0.0001;0.5765;0.0023;0.694;39.287;0;0;0;384.294;384.808;1;-1;0;0;0;0;0;0;0;0;0;-1;0.00000000;0.00000000;0.00000000;0.00000000;0.00000000;0.00000000;0.00000000;
72761495;11.8;30.3;0;0;0;-75.1;0;0;0;0;0;0;0.0487;0.0001;0.5765;0.0023;185698;185946;44.9903;0;101;0.004;-0.001;72761461;0.0487;0.0001;0.5765;0.0023;0.693;39.286;0;0;0;384.294;384.808;1;-1;0;0;0;0;0;0;0;0;0;-1;0.00000000;0.00000000;0.00000000;0.00000000;0.00000000;0.00000000;0.00000000;
72761529;11.8;30.3;0;0;0;-74.6;0;0;0;0;0;-0.001;0.0487;0.0001;0.5765;0.0023;185698;185946;44.952;0;101;0.003;-0.002;72761495;0.0487;0.0001;0.5765;0.0023;0.693;39.286;0;0;0;384.294;384.808;1;-1;0;0;0;0;0;0;0;0;0;-1;0.00000000;0.00000000;0.00000000;0.00000000;0.00000000;0.00000000;0.00000000;
72761571;11.8;30.3;0;0;0;-74.3;0;0;0;0;0;-0.001;0.0487;0.0001;0.5765;0.0023;185698;185946;44.9794;0;101;0.004;-0.001;72761529;0.0487;0.0001;0.5765;0.0023;0.693;39.285;0;0;0;384.294;384.808;1;-1;0;0;0;0;0;0;0;0;0;-1;0.00000000;0.00000000;0.00000000;0.00000000;0.00000000;0.00000000;0.00000000;
72761611;11.8;30.2;0;0;0;-74.1;0;0;0;0;0;-0.001;0.0487;0.0001;0.5765;0.0023;185698;185946;44.9766;0;101;0.004;-0.002;72761573;0.0487;0.0001;0.5765;0.0023;0.693;39.285;0;0;0;384.294;384.808;1;-1;0;0;0;0;0;0;0;0;0;-1;0.00000000;0.00000000;0.00000000;0.00000000;0.00000000;0.00000000;0.00000000;
72761642;11.8;30.3;0;0;0;-73.9;0;0;0;0;0;-0.001;0.0487;0.0001;0.5765;0.0023;185698;185946;44.9863;0;101;0.004;-0.001;72761612;0.0487;0.0001;0.5765;0.0023;0.693;39.284;0;0;0;384.294;384.808;1;-1;0;0;0;0;0;0;0;0;0;-1;0.00000000;0.00000000;0.00000000;0.00000000;0.00000000;0.00000000;0.00000000;
72761673;11.8;30.3;0;0;0;-73.7;0;0;0;0;0;0;0.0487;0.0001;0.5765;0.0023;185698;185946;44.9971;0;101;0.004;-0.001;72761642;0.0487;0.0001;0.5765;0.0023;0.693;39.284;0;0;0;384.294;384.808;1;-1;0;0;0;0;0;0;0;0;0;-1;0.00000000;0.00000000;0.00000000;0.00000000;0.00000000;0.00000000;0.00000000;
72761706;11.8;30.3;0;0;0;-73.8;0;0;0;0;0;-0.001;0.0487;0.0001;0.5765;0.0023;185698;185946;45;0;101;0.004;-0.001;72761673;0.0487;0.0001;0.5765;0.0023;0.693;39.283;0;0;0;384.294;384.808;1;-1;0;0;0;0;0;0;0;0;0;-1;0.00000000;0.00000000;0.00000000;0.00000000;0.00000000;0.00000000;0.00000000;
72761736;11.8;30.3;0;0;0;-73.8;0;0;0;0;0;0;0.0487;0.0001;0.5765;0.0023;185698;185946;45;0;101;0.004;-0.002;72761707;0.0487;0.0001;0.5765;0.0023;0.693;39.283;0;0;0;384.294;384.808;1;-1;0;0;0;0;0;0;0;0;0;-1;0.00000000;0.00000000;0.00000000;0.00000000;0.00000000;0.00000000;0.00000000;
72761768;11.8;30.3;0;0;0;-73.9;0;0;0;0;0;0;0.0487;0.0001;0.5765;0.0023;185698;185946;45;0;101;0.004;-0.001;72761737;0.0487;0.0001;0.5765;0.0023;0.693;39.282;0;0;0;384.294;384.808;1;-1;0;0;0;0;0;0;0;0;0;-1;0.00000000;0.00000000;0.00000000;0.00000000;0.00000000;0.00000000;0.00000000;
72761798;11.8;30.2;0;0;0;-74;0;0;0;0;0;0;0.0487;0.0001;0.5765;0.0023;185698;185946;45.0039;0;101;0.004;-0.001;72761769;0.0487;0.0001;0.5765;0.0023;0.693;39.281;0;0;0;384.294;384.808;1;-1;0;0;0;0;0;0;0;0;0;-1;0.00000000;0.00000000;0.00000000;0.00000000;0.00000000;0.00000000;0.00000000;
72761831;11.8;30.3;0;0;0;-74.3;0;0;0;0;0;0;0.0487;0.0001;0.5765;0.0023;185698;185946;45.0039;0;101;0.004;-0.001;72761798;0.0487;0.0001;0.5765;0.0023;0.693;39.281;0;0;0;384.294;384.808;1;-1;0;0;0;0;0;0;0;0;0;-1;0.00000000;0.00000000;0.00000000;0.00000000;0.00000000;0.00000000;0.00000000;
72761862;11.8;30.3;0;0;0;-74.6;0;0;0;0;0;0;0.0487;0.0001;0.5765;0.0023;185698;185946;45;0;101;0.004;-0.001;72761831;0.0487;0.0001;0.5765;0.0023;0.693;39.281;0;0;0;384.294;384.808;1;-1;0;0;0;0;0;0;0;0;0;-1;0.00000000;0.00000000;0.00000000;0.00000000;0.00000000;0.00000000;0.00000000;
72761893;11.8;30.2;0;0;0;-74.3;0;0;0;0;0;0;0.0487;0.0001;0.5765;0.0023;185698;185946;45;0;101;0.004;-0.001;72761863;0.0487;0.0001;0.5765;0.0023;0.693;39.28;0;0;0;384.294;384.808;1;-1;0;0;0;0;0;0;0;0;0;-1;0.00000000;0.00000000;0.00000000;0.00000000;0.00000000;0.00000000;0.00000000;
72761928;11.8;30.2;0;0;0;-74.1;0;0;0;0;0;0;0.0487;0.0001;0.5765;0.0023;185698;185946;44.9589;0;101;0.004;-0.001;72761894;0.0487;0.0001;0.5765;0.0023;0.693;39.28;0;0;0;384.294;384.808;1;-1;0;0;0;0;0;0;0;0;0;-1;0.00000000;0.00000000;0.00000000;0.00000000;0.00000000;0.00000000;0.00000000;
72761959;11.8;30.2;0;0;0;-73.9;0;0;0;0;0;0;0.0487;0.0001;0.5765;0.0023;185698;185946;45;0;101;0.004;-0.001;72761928;0.0487;0.0001;0.5765;0.0023;0.693;39.279;0;0;0;384.294;384.808;1;-1;0;0;0;0;0;0;0;0;0;-1;0.00000000;0.00000000;0.00000000;0.00000000;0.00000000;0.00000000;0.00000000;
72761992;11.8;30.2;0;0;0;-73.7;0;0;0;0;0;0.001;0.0487;0.0001;0.5765;0.0023;185698;185946;45;0;101;0.004;-0.002;72761960;0.0487;0.0001;0.5765;0.0023;0.693;39.279;0;0;0;384.294;384.808;1;-1;0;0;0;0;0;0;0;0;0;-1;0.00000000;0.00000000;0.00000000;0.00000000;0.00000000;0.00000000;0.00000000;
72762074;11.8;30.3;0;0;0;-73.7;0;0;0;0;0;0;0.0487;0.0001;0.5765;0.0023;185698;185946;44.9795;0;101;0.004;-0.002;72761992;0.0487;0.0001;0.5765;0.0023;0.693;39.278;0;0;0;384.294;384.808;1;-1;0;0;0;0;0;0;0;0;0;-1;0.00000000;0.00000000;0.00000000;0.00000000;0.00000000;0.00000000;0.00000000;
72762111;11.8;30.2;0;0;0;-73.7;0;0;0;0;0;0;0.0487;0.0001;0.5765;0.0023;185698;185946;45;0;101;0.004;-0.001;72762074;0.0487;0.0001;0.5765;0.0023;0.693;39.277;0;0;0;384.294;384.808;1;-1;0;0;0;0;0;0;0;0;0;-1;0.00000000;0.00000000;0.00000000;0.00000000;0.00000000;0.00000000;0.00000000;
72762143;11.8;30.2;0;0;0;-73.6;0;0;0;0;0;0;0.0487;0.0001;0.5765;0.0023;185698;185946;45;0;101;0.004;-0.001;72762112;0.0487;0.0001;0.5765;0.0023;0.693;39.276;0;0;0;384.294;384.808;1;-1;0;0;0;0;0;0;0;0;0;-1;0.00000000;0.00000000;0.00000000;0.00000000;0.00000000;0.00000000;0.00000000;
72762175;11.8;30.2;0;0;0;-73.5;0;0;0;0;0;0;0.0487;0.0001;0.5765;0.0023;185698;185946;45;0;101;0.004;-0.001;72762143;0.0487;0.0001;0.5765;0.0023;0.693;39.275;0;0;0;384.294;384.808;1;-1;0;0;0;0;0;0;0;0;0;-1;0.00000000;0.00000000;0.00000000;0.00000000;0.00000000;0.00000000;0.00000000;
72762206;11.8;30.3;0;0;0;-74.2;0;0;0;0;0;0;0.0487;0.0001;0.5765;0.0023;185698;185946;44.9423;0;101;0.004;-0.002;72762175;0.0487;0.0001;0.5765;0.0023;0.693;39.274;0;0;0;384.294;384.808;1;-1;0;0;0;0;0;0;0;0;0;-1;0.00000000;0.00000000;0.00000000;0.00000000;0.00000000;0.00000000;0.00000000;
72762240;11.8;30.3;0;0;0;-74.7;0;0;0;0;0;-0.001;0.0487;0.0001;0.5765;0.0023;185698;185946;44.9521;0;101;0.004;-0.001;72762206;0.0487;0.0001;0.5765;0.0023;0.693;39.274;0;0;0;384.294;384.808;1;-1;0;0;0;0;0;0;0;0;0;-1;0.00000000;0.00000000;0.00000000;0.00000000;0.00000000;0.00000000;0.00000000;
72762272;11.8;30.3;0;0;0;-75.1;0;0;0;0;0;-0.001;0.0487;0.0001;0.5765;0.0023;185698;185946;45;0;101;0.004;-0.001;72762241;0.0487;0.0001;0.5765;0.0023;0.693;39.273;0;0;0;384.294;384.808;1;-1;0;0;0;0;0;0;0;0;0;-1;0.00000000;0.00000000;0.00000000;0.00000000;0.00000000;0.00000000;0.00000000;
72762301;11.8;30.3;0;0;0;-74.8;0;0;0;0;0;0;0.0487;0.0001;0.5765;0.0023;185698;185946;44.9863;0;101;0.004;-0.002;72762272;0.0487;0.0001;0.5765;0.0023;0.693;39.272;0;0;0;384.294;384.808;1;-1;0;0;0;0;0;0;0;0;0;-1;0.00000000;0.00000000;0.00000000;0.00000000;0.00000000;0.00000000;0.00000000;
72762332;11.8;30.3;0;0;0;-74.7;0;0;0;0;0;0;0.0487;0.0001;0.5765;0.0023;185698;185946;45;0;101;0.004;-0.001;72762301;0.0487;0.0001;0.5765;0.0023;0.693;39.271;0;0;0;384.294;384.808;1;-1;0;0;0;0;0;0;0;0;0;-1;0.00000000;0.00000000;0.00000000;0.00000000;0.00000000;0.00000000;0.00000000;
72762362;11.8;30.3;0;0;0;-74.9;0;0;0;0;0;0;0.0487;0.0001;0.5765;0.0023;185698;185946;44.9776;0;101;0.004;-0.001;72762332;0.0487;0.0001;0.5765;0.0023;0.693;39.27;0;0;0;384.294;384.808;1;-1;0;0;0;0;0;0;0;0;0;-1;0.00000000;0.00000000;0.00000000;0.00000000;0.00000000;0.00000000;0.00000000;
72762393;11.8;30.2;0;0;0;-75.4;0;0;0;0;0;0;0.0487;0.0001;0.5765;0.0023;185698;185946;45;0;101;0.004;-0.001;72762362;0.0487;0.0001;0.5765;0.0023;0.693;39.27;0;0;0;384.294;384.808;1;-1;0;0;0;0;0;0;0;0;0;-1;0.00000000;0.00000000;0.00000000;0.00000000;0.00000000;0.00000000;0.00000000;
72762427;11.8;30.2;0;0;0;-74.9;0;0;0;0;0;0;0.0487;0.0001;0.5765;0.0023;185698;185946;45;0;101;0.004;-0.002;72762393;0.0487;0.0001;0.5765;0.0023;0.693;39.269;0;0;0;384.294;384.808;1;-1;0;0;0;0;0;0;0;0;0;-1;0.00000000;0.00000000;0.00000000;0.00000000;0.00000000;0.00000000;0.00000000;
72762460;11.8;30.3;0;0;0;-74.7;0;0;0;0;0;0;0.0487;0.0001;0.5765;0.0023;185698;185946;45;0;101;0.004;-0.001;72762427;0.0487;0.0001;0.5765;0.0023;0.693;39.269;0;0;0;384.294;384.808;1;-1;0;0;0;0;0;0;0;0;0;-1;0.00000000;0.00000000;0.00000000;0.00000000;0.00000000;0.00000000;0.00000000;
72762493;11.8;30.3;0;0;0;-74.9;0;0;0;0;0;0;0.0487;0.0001;0.5765;0.0023;185698;185946;44.9726;0;101;0.004;-0.001;72762461;0.0487;0.0001;0.5765;0.0023;0.693;39.268;0;0;0;384.294;384.808;1;-1;0;0;0;0;0;0;0;0;0;-1;0.00000000;0.00000000;0.00000000;0.00000000;0.00000000;0.00000000;0.00000000;
72762526;11.8;30.3;0;0;0;-75.1;0;0;0;0;0;0;0.0487;0.0001;0.5765;0.0023;185698;185946;45;0;101;0.004;-0.002;72762494;0.0487;0.0001;0.5765;0.0023;0.693;39.267;0;0;0;384.294;384.808;1;-1;0;0;0;0;0;0;0;0;0;-1;0.00000000;0.00000000;0.00000000;0.00000000;0.00000000;0.00000000;0.00000000;
72762560;11.8;30.2;0;0;0;-74.8;0;0;0;0;0;0;0.0487;0.0001;0.5765;0.0023;185698;185946;44.9834;0;101;0.004;-0.001;72762526;0.0487;0.0001;0.5765;0.0023;0.693;39.266;0;0;0;384.294;384.808;1;-1;0;0;0;0;0;0;0;0;0;-1;0.00000000;0.00000000;0.00000000;0.00000000;0.00000000;0.00000000;0.00000000;
72762592;11.8;30.2;0;0;0;-75.2;0;0;0;0;0;0;0.0487;0.0001;0.5765;0.0023;185698;185946;44.9932;0;101;0.004;-0.001;72762561;0.0487;0.0001;0.5765;0.0023;0.693;39.266;0;0;0;384.294;384.808;1;-1;0;0;0;0;0;0;0;0;0;-1;0.00000000;0.00000000;0.00000000;0.00000000;0.00000000;0.00000000;0.00000000;
72762626;11.8;30.3;0;0;0;-75.6;0;0;0;0;0;0;0.0487;0.0001;0.5765;0.0023;185698;185946;45.0118;0;101;0.004;-0.001;72762594;0.0487;0.0001;0.5765;0.0023;0.693;39.265;0;0;0;384.294;384.808;1;-1;0;0;0;0;0;0;0;0;0;-1;0.00000000;0.00000000;0.00000000;0.00000000;0.00000000;0.00000000;0.00000000;
72762660;11.8;30.3;0;0;0;-75.3;0;0;0;0;0;0;0.0487;0.0001;0.5765;0.0023;185698;185946;45.0198;0;101;0.004;-0.001;72762627;0.0487;0.0001;0.5765;0.0023;0.693;39.264;0;0;0;384.294;384.808;1;-1;0;0;0;0;0;0;0;0;0;-1;0.00000000;0.00000000;0.00000000;0.00000000;0.00000000;0.00000000;0.00000000;
72762694;11.8;30.3;0;0;0;-75.4;0;0;0;0;0;0;0.0487;0.0001;0.5765;0.0023;185698;185946;45;0;101;0.004;-0.001;72762661;0.0487;0.0001;0.5765;0.0023;0.693;39.264;0;0;0;384.294;384.808;1;-1;0;0;0;0;0;0;0;0;0;-1;0.00000000;0.00000000;0.00000000;0.00000000;0.00000000;0.00000000;0.00000000;
72762728;11.8;30.2;0;0;0;-75.7;0;0;0;0;0;0;0.0487;0.0001;0.5765;0.0023;185698;185946;44.9726;0;101;0.004;-0.001;72762694;0.0487;0.0001;0.5765;0.0023;0.693;39.264;0;0;0;384.294;384.808;1;-1;0;0;0;0;0;0;0;0;0;-1;0.00000000;0.00000000;0.00000000;0.00000000;0.00000000;0.00000000;0.00000000;
72762761;11.8;30.2;0;0;0;-75.2;0;0;0;0;0;-0.001;0.0487;0.0001;0.5765;0.0023;185698;185946;44.9589;0;101;0.003;-0.001;72762729;0.0487;0.0001;0.5765;0.0023;0.693;39.263;0;0;0;384.294;384.808;1;-1;0;0;0;0;0;0;0;0;0;-1;0.00000000;0.00000000;0.00000000;0.00000000;0.00000000;0.00000000;0.00000000;
72762794;11.8;30.3;0;0;0;-75.5;0;0;0;0;0;0;0.0487;0.0001;0.5765;0.0023;185698;185946;45;0;101;0.004;-0.001;72762761;0.0487;0.0001;0.5765;0.0023;0.693;39.262;0;0;0;384.294;384.808;1;-1;0;0;0;0;0;0;0;0;0;-1;0.00000000;0.00000000;0.00000000;0.00000000;0.00000000;0.00000000;0.00000000;
72762812;11.8;30.3;0;0;0;-75.7;0;0;0;0;0;0;0.0487;0.0001;0.5765;0.0023;185698;185946;45;0;101;0.004;-0.001;72762795;0.0487;0.0001;0.5765;0.0023;0.693;39.262;0;0;0;384.294;384.808;1;-1;0;0;0;0;0;0;0;0;0;-1;0.00000000;0.00000000;0.00000000;0.00000000;0.00000000;0.00000000;0.00000000;
72762848;11.8;30.2;0;0;0;-75.3;0;0;0;0;0;0;0.0487;0.0001;0.5765;0.0023;185698;185946;45.0039;0;101;0.004;-0.001;72762813;0.0487;0.0001;0.5765;0.0023;0.693;39.261;0;0;0;384.294;384.808;1;-1;0;0;0;0;0;0;0;0;0;-1;0.00000000;0.00000000;0.00000000;0.00000000;0.00000000;0.00000000;0.00000000;
72762866;11.8;30.2;0;0;0;-75;0;0;0;0;0;0;0.0487;0.0001;0.5765;0.0023;185698;185946;45.004;0;101;0.004;-0.001;72762848;0.0487;0.0001;0.5765;0.0023;0.693;39.26;0;0;0;384.294;384.808;1;-1;0;0;0;0;0;0;0;0;0;-1;0.00000000;0.00000000;0.00000000;0.00000000;0.00000000;0.00000000;0.00000000;
72762895;11.8;30.2;0;0;0;-74.7;0;0;0;0;0;0;0.0487;0.0001;0.5765;0.0023;185698;185946;44.956;0;101;0.004;-0.002;72762866;0.0487;0.0001;0.5765;0.0023;0.693;39.26;0;0;0;384.294;384.808;1;-1;0;0;0;0;0;0;0;0;0;-1;0.00000000;0.00000000;0.00000000;0.00000000;0.00000000;0.00000000;0.00000000;
72762928;11.8;30.2;0;0;0;-74.5;0;0;0;0;0;0;0.0487;0.0001;0.5765;0.0023;185698;185946;45.0277;0;101;0.004;-0.001;72762896;0.0487;0.0001;0.5765;0.0023;0.693;39.259;0;0;0;384.294;384.808;1;-1;0;0;0;0;0;0;0;0;0;-1;0.00000000;0.00000000;0.00000000;0.00000000;0.00000000;0.00000000;0.00000000;
72762962;11.8;30.3;0;0;0;-74.5;0;0;0;0;0;0;0.0487;0.0001;0.5765;0.0023;185698;185946;44.9834;0;101;0.003;-0.001;72762928;0.0487;0.0001;0.5765;0.0023;0.693;39.259;0;0;0;384.294;384.808;1;-1;0;0;0;0;0;0;0;0;0;-1;0.00000000;0.00000000;0.00000000;0.00000000;0.00000000;0.00000000;0.00000000;
72762994;11.8;30.2;0;0;0;-74.4;0;0;0;0;0;0;0.0487;0.0001;0.5765;0.0023;185698;185946;44.9931;0;101;0.004;-0.002;72762962;0.0487;0.0001;0.5765;0.0023;0.693;39.258;0;0;0;384.294;384.808;1;-1;0;0;0;0;0;0;0;0;0;-1;0.00000000;0.00000000;0.00000000;0.00000000;0.00000000;0.00000000;0.00000000;
72763027;11.8;30.3;0;0;0;-75;0;0;0;0;0;0;0.0487;0.0001;0.5765;0.0023;185698;185946;45.0039;0;101;0.004;-0.001;72762995;0.0487;0.0001;0.5765;0.0023;0.693;39.257;0;0;0;384.294;384.808;1;-1;0;0;0;0;0;0;0;0;0;-1;0.00000000;0.00000000;0.00000000;0.00000000;0.00000000;0.00000000;0.00000000;
72763061;11.8;30.3;0;0;0;-75.4;0;0;0;0;0;0;0.0487;0.0001;0.5765;0.0023;185698;185946;44.9452;0;101;0.004;-0.001;72763027;0.0487;0.0001;0.5765;0.0023;0.693;39.257;0;0;0;384.294;384.808;1;-1;0;0;0;0;0;0;0;0;0;-1;0.00000000;0.00000000;0.00000000;0.00000000;0.00000000;0.00000000;0.00000000;
72763094;11.8;30.3;0;0;0;-75.9;0;0;0;0;0;0;0.0487;0.0001;0.5765;0.0023;185698;185946;44.9942;0;101;0.004;-0.001;72763062;0.0487;0.0001;0.5765;0.0023;0.693;39.256;0;0;0;384.294;384.808;1;-1;0;0;0;0;0;0;0;0;0;-1;0.00000000;0.00000000;0.00000000;0.00000000;0.00000000;0.00000000;0.00000000;
72763130;11.8;30.2;0;0;0;-76;0;0;0;0;0;-0.001;0.0487;0.0001;0.5765;0.0023;185698;185946;45;0;101;0.004;-0.002;72763094;0.0487;0.0001;0.5765;0.0023;0.693;39.255;0;0;0;384.294;384.808;1;-1;0;0;0;0;0;0;0;0;0;-1;0.00000000;0.00000000;0.00000000;0.00000000;0.00000000;0.00000000;0.00000000;
72763146;11.8;30.2;0;0;0;-75.7;0;0;0;0;0;0;0.0487;0.0001;0.5765;0.0023;185698;185946;45;0;101;0.003;-0.002;72763130;0.0487;0.0001;0.5765;0.0023;0.693;39.255;0;0;0;384.294;384.808;1;-1;0;0;0;0;0;0;0;0;0;-1;0.00000000;0.00000000;0.00000000;0.00000000;0.00000000;0.00000000;0.00000000;
72763177;11.8;30.2;0;0;0;-75.8;0;0;0;0;0;0;0.0487;0.0001;0.5765;0.0023;185698;185946;44.9931;0;101;0.004;-0.001;72763147;0.0487;0.0001;0.5765;0.0023;0.693;39.254;0;0;0;384.294;384.808;1;-1;0;0;0;0;0;0;0;0;0;-1;0.00000000;0.00000000;0.00000000;0.00000000;0.00000000;0.00000000;0.00000000;
72763211;11.8;30.2;0;0;0;-75.5;0;0;0;0;0;0;0.0487;0.0001;0.5765;0.0023;185698;185946;45;0;101;0.004;-0.001;72763178;0.0487;0.0001;0.5765;0.0023;0.693;39.254;0;0;0;384.294;384.808;1;-1;0;0;0;0;0;0;0;0;0;-1;0.00000000;0.00000000;0.00000000;0.00000000;0.00000000;0.00000000;0.00000000;
72763245;11.8;30.2;0;0;0;-75;0;0;0;0;0;0;0.0487;0.0001;0.5765;0.0023;185698;185946;44.956;0;101;0.004;-0.001;72763212;0.0487;0.0001;0.5765;0.0023;0.693;39.253;0;0;0;384.294;384.808;1;-1;0;0;0;0;0;0;0;0;0;-1;0.00000000;0.00000000;0.00000000;0.00000000;0.00000000;0.00000000;0.00000000;
72763278;11.8;30.2;0;0;0;-74.9;0;0;0;0;0;0;0.0487;0.0001;0.5765;0.0023;185698;185946;44.9971;0;101;0.004;-0.001;72763245;0.0487;0.0001;0.5765;0.0023;0.693;39.253;0;0;0;384.294;384.808;1;-1;0;0;0;0;0;0;0;0;0;-1;0.00000000;0.00000000;0.00000000;0.00000000;0.00000000;0.00000000;0.00000000;
72763312;11.8;30.2;0;0;0;-75.2;0;0;0;0;0;0;0.0487;0.0001;0.5765;0.0023;185698;185946;44.9863;0;101;0.004;-0.001;72763278;0.0487;0.0001;0.5765;0.0023;0.693;39.252;0;0;0;384.294;384.808;1;-1;0;0;0;0;0;0;0;0;0;-1;0.00000000;0.00000000;0.00000000;0.00000000;0.00000000;0.00000000;0.00000000;
72763346;11.8;30.2;0;0;0;-74.7;0;0;0;0;0;0;0.0487;0.0001;0.5765;0.0023;185698;185946;45;0;101;0.004;-0.002;72763312;0.0487;0.0001;0.5765;0.0023;0.693;39.252;0;0;0;384.294;384.808;1;-1;0;0;0;0;0;0;0;0;0;-1;0.00000000;0.00000000;0.00000000;0.00000000;0.00000000;0.00000000;0.00000000;
72763364;11.8;30.2;0;0;0;-74.7;0;0;0;0;0;0;0.0487;0.0001;0.5765;0.0023;185698;185946;44.9863;0;101;0.004;-0.001;72763346;0.0487;0.0001;0.5765;0.0023;0.693;39.252;0;0;0;384.294;384.808;1;-1;0;0;0;0;0;0;0;0;0;-1;0.00000000;0.00000000;0.00000000;0.00000000;0.00000000;0.00000000;0.00000000;
72763394;11.8;30.2;0;0;0;-74.8;0;0;0;0;0;0.001;0.0487;0.0001;0.5765;0.0023;185698;185946;44.959;0;101;0.004;-0.001;72763364;0.0487;0.0001;0.5765;0.0023;0.693;39.251;0;0;0;384.294;384.808;1;-1;0;0;0;0;0;0;0;0;0;-1;0.00000000;0.00000000;0.00000000;0.00000000;0.00000000;0.00000000;0.00000000;
72763428;11.8;30.3;0;0;0;-75;0;0;0;0;0;0;0.0487;0.0001;0.5765;0.0023;185698;185946;45;0;101;0.004;-0.001;72763394;0.0487;0.0001;0.5765;0.0023;0.693;39.251;0;0;0;384.294;384.808;1;-1;0;0;0;0;0;0;0;0;0;-1;0.00000000;0.00000000;0.00000000;0.00000000;0.00000000;0.00000000;0.00000000;
72763461;11.8;30.2;0;0;0;-75.2;0;0;0;0;0;-0.001;0.0487;0.0001;0.5765;0.0023;185698;185946;44.9726;0;101;0.004;-0.001;72763428;0.0487;0.0001;0.5765;0.0023;0.693;39.25;0;0;0;384.294;384.808;1;-1;0;0;0;0;0;0;0;0;0;-1;0.00000000;0.00000000;0.00000000;0.00000000;0.00000000;0.00000000;0.00000000;
72763494;11.8;30.2;0;0;0;-74.8;0;0;0;0;0;-0.001;0.0487;0.0001;0.5765;0.0023;185698;185946;44.9932;0;101;0.004;-0.001;72763478;0.0487;0.0001;0.5765;0.0023;0.693;39.25;0;0;0;384.294;384.808;1;-1;0;0;0;0;0;0;0;0;0;-1;0.00000000;0.00000000;0.00000000;0.00000000;0.00000000;0.00000000;0.00000000;
72763528;11.8;30.2;0;0;0;-74.4;0;0;0;0;0;0;0.0487;0.0001;0.5765;0.0023;185698;185946;45;0;101;0.004;-0.001;72763495;0.0487;0.0001;0.5765;0.0023;0.693;39.25;0;0;0;384.294;384.808;1;-1;0;0;0;0;0;0;0;0;0;-1;0.00000000;0.00000000;0.00000000;0.00000000;0.00000000;0.00000000;0.00000000;
72763561;11.8;30.3;0;0;0;-74.7;0;0;0;0;0;0;0.0487;0.0001;0.5765;0.0023;185698;185946;44.9726;0;101;0.004;-0.001;72763528;0.0487;0.0001;0.5765;0.0023;0.693;39.249;0;0;0;384.294;384.808;1;-1;0;0;0;0;0;0;0;0;0;-1;0.00000000;0.00000000;0.00000000;0.00000000;0.00000000;0.00000000;0.00000000;
72763595;11.8;30.2;0;0;0;-74.9;0;0;0;0;0;0;0.0487;0.0001;0.5765;0.0023;185698;185946;44.9902;0;101;0.004;-0.002;72763562;0.0487;0.0001;0.5765;0.0023;0.693;39.249;0;0;0;384.294;384.808;1;-1;0;0;0;0;0;0;0;0;0;-1;0.00000000;0.00000000;0.00000000;0.00000000;0.00000000;0.00000000;0.00000000;
72763627;11.8;30.2;0;0;0;-74.8;0;0;0;0;0;0;0.0487;0.0001;0.5765;0.0023;185698;185946;45;0;101;0.004;-0.001;72763595;0.0487;0.0001;0.5765;0.0023;0.693;39.248;0;0;0;384.294;384.808;1;-1;0;0;0;0;0;0;0;0;0;-1;0.00000000;0.00000000;0.00000000;0.00000000;0.00000000;0.00000000;0.00000000;
72763661;11.8;30.2;0;0;0;-74.6;0;0;0;0;0;0;0.0487;0.0001;0.5765;0.0023;185698;185946;45.0039;0;101;0.004;-0.001;72763627;0.0487;0.0001;0.5765;0.0023;0.693;39.248;0;0;0;384.294;384.808;1;-1;0;0;0;0;0;0;0;0;0;-1;0.00000000;0.00000000;0.00000000;0.00000000;0.00000000;0.00000000;0.00000000;
72763706;11.8;30.2;0;0;0;-74.6;0;0;0;0;0;0;0.0487;0.0001;0.5765;0.0023;185698;185946;44.9932;0;101;0.004;-0.002;72763662;0.0487;0.0001;0.5765;0.0023;0.693;39.247;0;0;0;384.294;384.808;1;-1;0;0;0;0;0;0;0;0;0;-1;0.00000000;0.00000000;0.00000000;0.00000000;0.00000000;0.00000000;0.00000000;
72763736;11.8;30.2;0;0;0;-74.6;0;0;0;0;0;0;0.0487;0.0001;0.5765;0.0023;185698;185946;45;0;101;0.005;-0.001;72763706;0.0487;0.0001;0.5765;0.0023;0.693;39.247;0;0;0;384.294;384.808;1;-1;0;0;0;0;0;0;0;0;0;-1;0.00000000;0.00000000;0.00000000;0.00000000;0.00000000;0.00000000;0.00000000;
72763772;11.8;30.2;0;0;0;-74.3;0;0;0;0;0;0;0.0487;0.0001;0.5765;0.0023;185698;185946;44.9863;0;101;0.003;-0.001;72763736;0.0487;0.0001;0.5765;0.0023;0.693;39.247;0;0;0;384.294;384.808;1;-1;0;0;0;0;0;0;0;0;0;-1;0.00000000;0.00000000;0.00000000;0.00000000;0.00000000;0.00000000;0.00000000;
72763798;11.8;30.2;0;0;0;-74.2;0;0;0;0;0;0;0.0487;0.0001;0.5765;0.0023;185698;185946;44.9794;0;101;0.004;-0.001;72763773;0.0487;0.0001;0.5765;0.0023;0.693;39.246;0;0;0;384.294;384.808;1;-1;0;0;0;0;0;0;0;0;0;-1;0.00000000;0.00000000;0.00000000;0.00000000;0.00000000;0.00000000;0.00000000;
72763830;11.8;30.2;0;0;0;-74.7;0;0;0;0;0;0;0.0487;0.0001;0.5765;0.0023;185698;185946;44.9383;0;101;0.004;-0.001;72763798;0.0487;0.0001;0.5765;0.0023;0.693;39.246;0;0;0;384.294;384.808;1;-1;0;0;0;0;0;0;0;0;0;-1;0.00000000;0.00000000;0.00000000;0.00000000;0.00000000;0.00000000;0.00000000;
72763859;11.8;30.2;0;0;0;-74.6;0;0;0;0;0;0;0.0487;0.0001;0.5765;0.0023;185698;185946;45;0;101;0.004;-0.002;72763830;0.0487;0.0001;0.5765;0.0023;0.693;39.245;0;0;0;384.294;384.808;1;-1;0;0;0;0;0;0;0;0;0;-1;0.00000000;0.00000000;0.00000000;0.00000000;0.00000000;0.00000000;0.00000000;
72763892;11.8;30.2;0;0;0;-74.4;0;0;0;0;0;0.001;0.0487;0.0001;0.5765;0.0023;185698;185946;45;0;101;0.004;-0.002;72763859;0.0487;0.0001;0.5765;0.0023;0.693;39.245;0;0;0;384.294;384.808;1;-1;0;0;0;0;0;0;0;0;0;-1;0.00000000;0.00000000;0.00000000;0.00000000;0.00000000;0.00000000;0.00000000;
72763926;11.8;30.2;0;0;0;-74.3;0;0;0;0;0;0;0.0487;0.0001;0.5765;0.0023;185698;185946;45.0079;0;101;0.004;-0.001;72763893;0.0487;0.0001;0.5765;0.0023;0.693;39.245;0;0;0;384.294;384.808;1;-1;0;0;0;0;0;0;0;0;0;-1;0.00000000;0.00000000;0.00000000;0.00000000;0.00000000;0.00000000;0.00000000;
72763959;11.8;30.2;0;0;0;-74.1;0;0;0;0;0;0;0.0487;0.0001;0.5765;0.0023;185698;185946;44.952;0;101;0.004;-0.001;72763927;0.0487;0.0001;0.5765;0.0023;0.693;39.244;0;0;0;384.294;384.808;1;-1;0;0;0;0;0;0;0;0;0;-1;0.00000000;0.00000000;0.00000000;0.00000000;0.00000000;0.00000000;0.00000000;
72763992;11.8;30.2;0;0;0;-74;0;0;0;0;0;0;0.0487;0.0001;0.5765;0.0023;185698;185946;44.9863;0;101;0.004;-0.001;72763960;0.0487;0.0001;0.5765;0.0023;0.693;39.243;0;0;0;384.294;384.808;1;-1;0;0;0;0;0;0;0;0;0;-1;0.00000000;0.00000000;0.00000000;0.00000000;0.00000000;0.00000000;0.00000000;
72764026;11.8;30.2;0;0;0;-74;0;0;0;0;0;0;0.0487;0.0001;0.5765;0.0023;185698;185946;44.9932;0;101;0.004;-0.002;72763992;0.0487;0.0001;0.5765;0.0023;0.693;39.243;0;0;0;384.294;384.808;1;-1;0;0;0;0;0;0;0;0;0;-1;0.00000000;0.00000000;0.00000000;0.00000000;0.00000000;0.00000000;0.00000000;
72764060;11.8;30.2;0;0;0;-74;0;0;0;0;0;0;0.0487;0.0001;0.5765;0.0023;185698;185946;45.0079;0;101;0.004;-0.002;72764027;0.0487;0.0001;0.5765;0.0023;0.693;39.243;0;0;0;384.294;384.808;1;-1;0;0;0;0;0;0;0;0;0;-1;0.00000000;0.00000000;0.00000000;0.00000000;0.00000000;0.00000000;0.00000000;
72764093;11.8;30.2;0;0;0;-74.1;0;0;0;0;0;0;0.0487;0.0001;0.5765;0.0023;185698;185946;45;0;101;0.004;-0.001;72764060;0.0487;0.0001;0.5765;0.0023;0.693;39.243;0;0;0;384.294;384.808;1;-1;0;0;0;0;0;0;0;0;0;-1;0.00000000;0.00000000;0.00000000;0.00000000;0.00000000;0.00000000;0.00000000;
72764125;11.8;30.2;0;0;0;-74;0;0;0;0;0;0;0.0487;0.0001;0.5765;0.0023;185698;185946;44.9726;0;101;0.004;-0.001;72764094;0.0487;0.0001;0.5765;0.0023;0.693;39.242;0;0;0;384.294;384.808;1;-1;0;0;0;0;0;0;0;0;0;-1;0.00000000;0.00000000;0.00000000;0.00000000;0.00000000;0.00000000;0.00000000;
72764160;11.8;30.2;0;0;0;-74;0;0;0;0;0;0;0.0487;0.0001;0.5765;0.0023;185698;185946;44.9257;0;101;0.004;-0.001;72764125;0.0487;0.0001;0.5765;0.0023;0.693;39.242;0;0;0;384.294;384.808;1;-1;0;0;0;0;0;0;0;0;0;-1;0.00000000;0.00000000;0.00000000;0.00000000;0.00000000;0.00000000;0.00000000;
72764178;11.8;30.2;0;0;0;-74.1;0;0;0;0;0;-0.001;0.0487;0.0001;0.5765;0.0023;185698;185946;44.9658;0;101;0.004;-0.002;72764160;0.0487;0.0001;0.5765;0.0023;0.693;39.242;0;0;0;384.294;384.808;1;-1;0;0;0;0;0;0;0;0;0;-1;0.00000000;0.00000000;0.00000000;0.00000000;0.00000000;0.00000000;0.00000000;
72764217;11.8;30.2;0;0;0;-74;0;0;0;0;0;0;0.0487;0.0001;0.5765;0.0023;185698;185946;44.9726;0;101;0.004;-0.002;72764178;0.0487;0.0001;0.5765;0.0023;0.693;39.241;0;0;0;384.294;384.808;1;-1;0;0;0;0;0;0;0;0;0;-1;0.00000000;0.00000000;0.00000000;0.00000000;0.00000000;0.00000000;0.00000000;
72764248;11.8;30.2;0;0;0;-74.1;0;0;0;0;0;-0.001;0.0487;0.0001;0.5765;0.0023;185698;185946;44.9315;0;101;0.004;-0.001;72764217;0.0487;0.0001;0.5765;0.0023;0.693;39.24;0;0;0;384.294;384.808;1;-1;0;0;0;0;0;0;0;0;0;-1;0.00000000;0.00000000;0.00000000;0.00000000;0.00000000;0.00000000;0.00000000;
72764278;11.8;30.2;0;0;0;-74.1;0;0;0;0;0;0;0.0487;0.0001;0.5765;0.0023;185698;185946;45;0;101;0.004;-0.001;72764249;0.0487;0.0001;0.5765;0.0023;0.693;39.24;0;0;0;384.294;384.808;1;-1;0;0;0;0;0;0;0;0;0;-1;0.00000000;0.00000000;0.00000000;0.00000000;0.00000000;0.00000000;0.00000000;
72764311;11.8;30.2;0;0;0;-74.4;0;0;0;0;0;0;0.0487;0.0001;0.5765;0.0023;185698;185946;44.9794;0;101;0.004;-0.002;72764280;0.0487;0.0001;0.5765;0.0023;0.693;39.24;0;0;0;384.294;384.808;1;-1;0;0;0;0;0;0;0;0;0;-1;0.00000000;0.00000000;0.00000000;0.00000000;0.00000000;0.00000000;0.00000000;
72764348;11.8;30.2;0;0;0;-74.3;0;0;0;0;0;0;0.0487;0.0001;0.5765;0.0023;185698;185946;45;0;101;0.004;-0.001;72764311;0.0487;0.0001;0.5765;0.0023;0.693;39.239;0;0;0;384.294;384.808;1;-1;0;0;0;0;0;0;0;0;0;-1;0.00000000;0.00000000;0.00000000;0.00000000;0.00000000;0.00000000;0.00000000;
72764361;11.8;30.2;0;0;0;-74.2;0;0;0;0;0;0;0.0487;0.0001;0.5765;0.0023;185698;185946;44.9726;0;101;0.004;-0.002;72764348;0.0487;0.0001;0.5765;0.0023;0.693;39.24;0;0;0;384.294;384.808;1;-1;0;0;0;0;0;0;0;0;0;-1;0.00000000;0.00000000;0.00000000;0.00000000;0.00000000;0.00000000;0.00000000;
72764395;11.8;30.2;0;0;0;-73.9;0;0;0;0;0;0;0.0487;0.0001;0.5765;0.0023;185698;185946;44.9657;0;101;0.004;-0.002;72764363;0.0487;0.0001;0.5765;0.0023;0.693;39.239;0;0;0;384.294;384.808;1;-1;0;0;0;0;0;0;0;0;0;-1;0.00000000;0.00000000;0.00000000;0.00000000;0.00000000;0.00000000;0.00000000;
72764429;11.8;30.2;0;0;0;-73.8;0;0;0;0;0;0;0.0487;0.0001;0.5765;0.0023;185698;185946;44.9931;0;101;0.003;-0.001;72764395;0.0487;0.0001;0.5765;0.0023;0.693;39.239;0;0;0;384.294;384.808;1;-1;0;0;0;0;0;0;0;0;0;-1;0.00000000;0.00000000;0.00000000;0.00000000;0.00000000;0.00000000;0.00000000;
72764478;11.8;30.2;0;0;0;-74;0;0;0;0;0;0;0.0487;0.0001;0.5765;0.0023;185698;185946;44.9628;0;101;0.004;-0.001;72764429;0.0487;0.0001;0.5765;0.0023;0.693;39.239;0;0;0;384.294;384.808;1;-1;0;0;0;0;0;0;0;0;0;-1;0.00000000;0.00000000;0.00000000;0.00000000;0.00000000;0.00000000;0.00000000;
72764494;11.8;30.2;0;0;0;-74.2;0;0;0;0;0;0;0.0487;0.0001;0.5765;0.0023;185698;185946;44.9931;0;101;0.004;-0.001;72764478;0.0487;0.0001;0.5765;0.0023;0.693;39.239;0;0;0;384.294;384.808;1;-1;0;0;0;0;0;0;0;0;0;-1;0.00000000;0.00000000;0.00000000;0.00000000;0.00000000;0.00000000;0.00000000;
72764528;11.8;30.2;0;0;0;-74.1;0;0;0;0;0;0;0.0487;0.0001;0.5765;0.0023;185698;185946;45.005;0;101;0.004;-0.001;72764494;0.0487;0.0001;0.5765;0.0023;0.693;39.239;0;0;0;384.294;384.808;1;-1;0;0;0;0;0;0;0;0;0;-1;0.00000000;0.00000000;0.00000000;0.00000000;0.00000000;0.00000000;0.00000000;
72764562;11.8;30.2;0;0;0;-74.9;0;0;0;0;0;-0.001;0.0487;0.0001;0.5765;0.0023;185698;185946;45;0;101;0.004;-0.002;72764528;0.0487;0.0001;0.5765;0.0023;0.693;39.239;0;0;0;384.294;384.808;1;-1;0;0;0;0;0;0;0;0;0;-1;0.00000000;0.00000000;0.00000000;0.00000000;0.00000000;0.00000000;0.00000000;
72764610;11.8;30.2;0;0;0;-75.2;0;0;0;0;0;0;0.0487;0.0001;0.5765;0.0023;185698;185946;45.0592;0;101;0.004;-0.001;72764562;0.0487;0.0001;0.5765;0.0023;0.693;39.239;0;0;0;384.294;384.808;1;-1;0;0;0;0;0;0;0;0;0;-1;0.00000000;0.00000000;0.00000000;0.00000000;0.00000000;0.00000000;0.00000000;
72764628;11.8;30.2;0;0;0;-75.2;-0.14;0;-0.07;-0.12;22;0;0.0487;0.0001;0.5765;0.0023;185698;185946;56.0015;0;101;0.013;0.026;72764610;0.0487;0.0001;0.5765;0.0023;0.693;39.238;0;0;0;384.294;384.808;1;-1;0;0;0;0;0;0;0;0;0;-1;0.00000000;0.00000000;0.00000000;0.00000000;0.00000000;0.00000000;0.00000000;
72764649;11.7;30.2;0;0;0;-75.2;40.51;2.39;-0.13;41.99;18;0.067;0.0487;0.0001;0.5766;0.0023;185698;185946;44.9963;0;101;0.027;0.337;72764629;0.0487;0.0001;0.5765;0.0023;0.693;39.238;0;-0.21;0.004;384.294;384.808;1;-1;0;0;0;0;0;0;0;0;0;-1;0.00000000;0.00000000;0.00000000;0.00000000;0.00000000;0.00000000;0.00000000;
72764677;11.7;30.2;0;0;0;-75;58.63;3.69;-0.07;58.84;2;0.079;0.0487;0.0001;0.5769;0.0023;185698;185946;44.9994;0;101;0.028;0.483;72764650;0.0487;0.0001;0.5766;0.0023;0.693;39.234;2.66;49.74;0.003;384.294;384.808;1;-1;0;0;0;0;0;0;0;0;0;-1;0.00000000;0.00000000;0.00000000;0.00000000;0.00000000;0.00000000;0.00000000;
72764713;11.7;30.2;0;0;0;-75;59.99;3.82;0;60;0;0.079;0.0488;0.0001;0.5774;0.0023;185698;185946;45;0;101;0.027;0.501;72764678;0.0487;0.0001;0.5769;0.0023;0.692;39.221;3.84;59.91;0;384.294;384.808;1;-1;0;0;0;0;0;0;0;0;0;-1;0.00000000;0.00000000;0.00000000;0.00000000;0.00000000;0.00000000;0.00000000;
72764747;11.7;30.2;0;0;0;-75;59.79;4.01;-0.32;59.69;252;0.085;0.0488;0.0001;0.5778;0.0023;185700;185948;124.316;0;101;-0.033;0.526;72764713;0.0488;0.0001;0.5774;0.0023;0.692;39.204;3.82;59.96;0;384.294;384.808;1;-1;0;0;0;0;0;0;0;0;0;-1;0.00000000;0.00000000;0.00000000;0.00000000;0.00000000;0.00000000;0.00000000;
72764779;11.7;30.2;0;0;0;-75.1;60.35;4.17;1;60.16;340;0.079;0.0488;0.0001;0.5783;0.0023;185701;185949;213.901;0;101;-0.008;0.547;72764747;0.0488;0.0001;0.5778;0.0023;0.692;39.188;4.28;63.53;0.052;384.299;384.812;1;-1;0;0;0;0;0;0;0;0;0;-1;0.00000000;0.00000000;0.00000000;0.00000000;0.00000000;0.00000000;0.00000000;
72764812;11.7;30.2;0;0;0;-75.4;59.91;4.12;-0.07;59.77;586;0.088;0.0489;0.0001;0.5787;0.0023;185704;185952;41.6852;0;101;-0.057;0.544;72764779;0.0488;0.0001;0.5783;0.0023;0.691;39.173;3.94;62.96;0.07;384.301;384.814;1;-1;0;0;0;0;0;0;0;0;0;-1;0.00000000;0.00000000;0.00000000;0.00000000;0.00000000;0.00000000;0.00000000;
72764848;11.7;30.2;0;0;0;-75.3;60.11;4.09;0.2;60.09;926;0.086;0.0489;0.0001;0.5791;0.0023;185709;185957;337.411;0;101;-0.139;0.541;72764813;0.0489;0.0001;0.5787;0.0023;0.691;39.156;4.38;61.27;0.121;384.307;384.82;1;-1;0;0;0;0;0;0;0;0;0;-1;0.00000000;0.00000000;0.00000000;0.00000000;0.00000000;0.00000000;0.00000000;
72764863;11.7;30.2;0;0;0;-75.4;60.11;4.02;0.29;60.06;1044;0.088;0.0489;0.0001;0.5794;0.0023;185712;185960;120.569;0;101;-0.125;0.531;72764848;0.0489;0.0001;0.5791;0.0023;0.691;39.14;4.19;61.01;0.191;384.317;384.83;1;-1;0;0;0;0;0;0;0;0;0;-1;0.00000000;0.00000000;0.00000000;0.00000000;0.00000000;0.00000000;0.00000000;
72764896;11.7;30.2;0;0;0;-75.5;50.15;3.77;-1.02;49.33;1937;0.077;0.049;0.0001;0.5798;0.0023;185723;185971;60.2833;0;101;-0.078;0.623;72764864;0.0489;0.0001;0.5794;0.0023;0.691;39.132;4.01;60.23;0.216;384.323;384.837;1;-1;0;0;0;0;0;0;0;0;0;-1;0.00000000;0.00000000;0.00000000;0.00000000;0.00000000;0.00000000;0.00000000;
72764929;11.7;30.2;0;0;0;-75.4;39.77;3.91;0.3;39.39;2871;0.122;0.049;0.0001;0.5803;0.0023;185736;185984;173.516;0;101;0.036;0.773;72764897;0.049;0.0001;0.5798;0.0023;0.69;39.117;2.19;34.67;0.399;384.346;384.859;1;-1;0;0;0;0;0;0;0;0;0;-1;0.00000000;0.00000000;0.00000000;0.00000000;0.00000000;0.00000000;0.00000000;
72764961;11.8;30.2;0;0;0;-75.2;9.13;0.72;0;8.76;3876;0.083;0.049;0.0001;0.5804;0.0023;185754;186002;131.87;0;101;0.015;0.623;72764930;0.049;0.0001;0.5803;0.0023;0.69;39.102;1.99;18.1;0.596;384.373;384.886;1;-1;0;0;0;0;0;0;0;0;0;-1;0.00000000;0.00000000;0.00000000;0.00000000;0.00000000;0.00000000;0.00000000;
72764995;11.8;30.2;0;0;0;-75.3;5.15;0.38;0.09;4.87;4550;0.091;0.049;0.0001;0.5804;0.0023;185773;186021;220.443;0;101;-0.005;0.586;72764962;0.049;0.0001;0.5804;0.0023;0.69;39.098;0.39;8.15;0.802;384.41;384.924;1;-1;0;0;0;0;0;0;0;0;0;-1;0.00000000;0.00000000;0.00000000;0.00000000;0.00000000;0.00000000;0.00000000;
72765029;11.8;30.2;0;0;0;-75.4;-1.78;-0.11;-0.08;-1.7;4962;0.073;0.049;0.0002;0.5804;0.0023;185792;186040;251.103;0;101;-0.008;0.528;72764997;0.049;0.0001;0.5804;0.0023;0.69;39.097;0.14;1.33;0.942;384.45;384.963;1;-1;0;0;0;0;0;0;0;0;0;-1;0.00000000;0.00000000;0.00000000;0.00000000;0.00000000;0.00000000;0.00000000;
72765063;11.8;30.2;0;0;0;-75.4;2.45;0.14;0.03;2.24;5067;0.081;0.049;0.0002;0.5804;0.0023;185809;186057;225.739;0;101;-0.017;0.526;72765029;0.049;0.0002;0.5804;0.0023;0.69;39.098;-0.09;0.94;1.027;384.489;385.002;1;-1;0;0;0;0;0;0;0;0;0;-1;0.00000000;0.00000000;0.00000000;0.00000000;0.00000000;0.00000000;0.00000000;
72765097;11.8;30.2;0;0;0;-75.2;3.13;0.19;0.01;2.94;5119;0.083;0.049;0.0002;0.5804;0.0023;185827;186075;180.771;0;101;-0.018;0.527;72765064;0.049;0.0002;0.5804;0.0023;0.69;39.098;0.3;2.35;1.048;384.524;385.037;1;-1;0;0;0;0;0;0;0;0;0;-1;0.00000000;0.00000000;0.00000000;0.00000000;0.00000000;0.00000000;0.00000000;
72765115;11.8;30.2;0;0;0;-75.3;2.68;0.15;-0.05;2.39;5136;0.083;0.049;0.0002;0.5805;0.0023;185836;186084;53.701;0;101;-0.018;0.519;72765098;0.049;0.0002;0.5804;0.0023;0.69;39.099;0.34;4.59;1.059;384.561;385.075;1;-1;0;0;0;0;0;0;0;0;0;-1;0.00000000;0.00000000;0.00000000;0.00000000;0.00000000;0.00000000;0.00000000;
72765146;11.8;30.3;0;0;0;-75.2;3.88;0.24;0.09;3.71;5138;0.083;0.049;0.0002;0.5805;0.0023;185853;186101;315.393;0;101;-0.017;0.53;72765115;0.049;0.0002;0.5805;0.0023;0.69;39.099;0.46;4.89;1.062;384.58;385.093;1;-1;0;0;0;0;0;0;0;0;0;-1;0.00000000;0.00000000;0.00000000;0.00000000;0.00000000;0.00000000;0.00000000;
72765179;11.8;30.3;0;0;0;-74.9;3.86;0.24;-0.04;3.67;5140;0.081;0.049;0.0002;0.5805;0.0023;185869;186117;229.143;0;101;-0.021;0.529;72765146;0.049;0.0002;0.5805;0.0023;0.69;39.099;0.07;4.48;1.063;384.615;385.128;1;-1;0;0;0;0;0;0;0;0;0;-1;0.00000000;0.00000000;0.00000000;0.00000000;0.00000000;0.00000000;0.00000000;
72765213;11.8;30.3;0;0;0;-75.2;4.74;0.31;-0.01;4.64;5103;0.086;0.049;0.0002;0.5805;0.0023;185886;186134;173.444;0;101;-0.018;0.533;72765179;0.049;0.0002;0.5805;0.0023;0.69;39.099;0.4;4.22;1.063;384.648;385.162;1;-1;0;0;0;0;0;0;0;0;0;-1;0.00000000;0.00000000;0.00000000;0.00000000;0.00000000;0.00000000;0.00000000;
72765246;11.8;30.3;0;0;0;-75.1;5.51;0.37;0.04;5.33;5093;0.084;0.049;0.0002;0.5806;0.0023;185903;186151;98.0839;0;101;-0.017;0.546;72765213;0.049;0.0002;0.5805;0.0023;0.69;39.099;0.64;6.56;1.055;384.684;385.197;1;-1;0;0;0;0;0;0;0;0;0;-1;0.00000000;0.00000000;0.00000000;0.00000000;0.00000000;0.00000000;0.00000000;
72765278;11.8;30.3;0;0;0;-75.2;5.22;0.35;-0.01;5.11;5084;0.085;0.049;0.0002;0.5806;0.0023;185919;186167;352.208;0;101;-0.022;0.541;72765246;0.049;0.0002;0.5806;0.0023;0.69;39.099;0.33;3.93;1.053;384.719;385.232;1;-1;0;0;0;0;0;0;0;0;0;-1;0.00000000;0.00000000;0.00000000;0.00000000;0.00000000;0.00000000;0.00000000;
72765313;11.8;30.3;0;0;0;-75.2;4.76;0.31;0.03;4.59;5094;0.085;0.049;0.0002;0.5807;0.0023;185937;186185;348.178;0;101;-0.023;0.538;72765278;0.049;0.0002;0.5806;0.0023;0.69;39.099;0.57;6.25;1.052;384.752;385.265;1;-1;0;0;0;0;0;0;0;0;0;-1;0.00000000;0.00000000;0.00000000;0.00000000;0.00000000;0.00000000;0.00000000;
72765349;11.8;30.3;0;0;0;-75.2;4.79;0.31;-0.03;4.66;5096;0.082;0.049;0.0002;0.5807;0.0023;185955;186203;356.219;0;101;-0.023;0.537;72765314;0.049;0.0002;0.5807;0.0023;0.69;39.1;0.41;4.58;1.054;384.789;385.302;1;-1;0;0;0;0;0;0;0;0;0;-1;0.00000000;0.00000000;0.00000000;0.00000000;0.00000000;0.00000000;0.00000000;
72765377;11.8;30.3;0;0;0;-75.4;4.44;0.28;0.06;4.25;5103;0.084;0.049;0.0002;0.5807;0.0023;185967;186215;343.275;0;101;-0.025;0.534;72765349;0.049;0.0002;0.5807;0.0023;0.69;39.1;0.45;5.38;1.054;384.826;385.34;1;-1;0;0;0;0;0;0;0;0;0;-1;0.00000000;0.00000000;0.00000000;0.00000000;0.00000000;0.00000000;0.00000000;
72765411;11.8;30.3;0;0;0;-75.4;3.72;0.23;-0.02;3.51;5129;0.082;0.0491;0.0002;0.5807;0.0023;185987;186235;102.365;0;101;-0.023;0.529;72765378;0.049;0.0002;0.5807;0.0023;0.69;39.1;0.32;3.44;1.056;384.851;385.364;1;-1;0;0;0;0;0;0;0;0;0;-1;0.00000000;0.00000000;0.00000000;0.00000000;0.00000000;0.00000000;0.00000000;
72765435;11.8;30.3;0;0;0;-75.2;3.93;0.25;0.01;3.8;5131;0.08;0.0491;0.0002;0.5808;0.0023;186000;186248;133.31;0;101;-0.021;0.529;72765411;0.0491;0.0002;0.5807;0.0023;0.69;39.101;0.23;2.45;1.061;384.893;385.406;1;-1;0;0;0;0;0;0;0;0;0;-1;0.00000000;0.00000000;0.00000000;0.00000000;0.00000000;0.00000000;0.00000000;
72765460;11.8;30.3;0;0;0;-75.2;3.99;0.25;0.03;3.82;5117;0.083;0.0491;0.0002;0.5808;0.0023;186013;186261;213.471;0;101;-0.021;0.526;72765435;0.0491;0.0002;0.5808;0.0023;0.69;39.102;0;2.94;1.062;384.919;385.433;1;-1;0;0;0;0;0;0;0;0;0;-1;0.00000000;0.00000000;0.00000000;0.00000000;0.00000000;0.00000000;0.00000000;
72765496;11.8;30.3;0;0;0;-75.3;4.79;0.31;0.01;4.64;5111;0.084;0.0491;0.0002;0.5808;0.0023;186031;186279;204.574;0;101;-0.021;0.537;72765462;0.0491;0.0002;0.5808;0.0023;0.69;39.103;0.21;3.91;1.059;384.946;385.46;1;-1;0;0;0;0;0;0;0;0;0;-1;0.00000000;0.00000000;0.00000000;0.00000000;0.00000000;0.00000000;0.00000000;
72765530;11.8;30.3;0;0;0;-75.5;3.66;0.22;-0.07;3.43;5130;0.08;0.0491;0.0002;0.5808;0.0023;186048;186296;167.775;0;101;-0.022;0.527;72765496;0.0491;0.0002;0.5808;0.0023;0.69;39.103;0.15;3.53;1.057;384.984;385.497;1;-1;0;0;0;0;0;0;0;0;0;-1;0.00000000;0.00000000;0.00000000;0.00000000;0.00000000;0.00000000;0.00000000;
72765561;11.8;30.3;0;0;0;-75.4;3.53;0.22;-0.04;3.38;5127;0.082;0.0491;0.0002;0.5809;0.0023;186064;186312;57.7472;0;101;-0.019;0.524;72765531;0.0491;0.0002;0.5808;0.0023;0.69;39.104;0.29;2.46;1.061;385.019;385.532;1;-1;0;0;0;0;0;0;0;0;0;-1;0.00000000;0.00000000;0.00000000;0.00000000;0.00000000;0.00000000;0.00000000;
72765595;11.8;30.3;0;0;0;-75.6;4.67;0.3;0.04;4.52;5112;0.083;0.0491;0.0002;0.5809;0.0023;186081;186329;354.365;0;101;-0.02;0.535;72765562;0.0491;0.0002;0.5809;0.0023;0.69;39.106;0.48;5.21;1.06;385.054;385.567;1;-1;0;0;0;0;0;0;0;0;0;-1;0.00000000;0.00000000;0.00000000;0.00000000;0.00000000;0.00000000;0.00000000;
72765630;11.8;30.3;0;0;0;-75.9;4.44;0.28;0.02;4.29;5104;0.084;0.0491;0.0002;0.5809;0.0023;186099;186347;350.329;0;101;-0.022;0.532;72765596;0.0491;0.0002;0.5809;0.0023;0.69;39.107;0.41;4.91;1.058;385.087;385.6;1;-1;0;0;0;0;0;0;0;0;0;-1;0.00000000;0.00000000;0.00000000;0.00000000;0.00000000;0.00000000;0.00000000;
72765646;11.8;30.3;0;0;0;-75.7;4.39;0.28;0.04;4.23;5107;0.082;0.0491;0.0002;0.5809;0.0023;186108;186356;141.491;0;101;-0.022;0.533;72765631;0.0491;0.0002;0.5809;0.0023;0.69;39.108;0.41;4.92;1.056;385.124;385.638;1;-1;0;0;0;0;0;0;0;0;0;-1;0.00000000;0.00000000;0.00000000;0.00000000;0.00000000;0.00000000;0.00000000;
72765684;11.8;30.3;0;0;0;-75.6;4.55;0.29;0.01;4.41;5094;0.084;0.0491;0.0002;0.581;0.0023;186127;186375;205.925;0;101;-0.022;0.532;72765647;0.0491;0.0002;0.5809;0.0023;0.69;39.109;0.11;3.67;1.056;385.143;385.656;1;-1;0;0;0;0;0;0;0;0;0;-1;0.00000000;0.00000000;0.00000000;0.00000000;0.00000000;0.00000000;0.00000000;
72765711;11.8;30.3;0;0;0;-75.6;4.95;0.32;-0.02;4.81;5082;0.085;0.0491;0.0002;0.581;0.0023;186141;186389;340.308;0;101;-0.021;0.536;72765685;0.0491;0.0002;0.581;0.0023;0.69;39.11;0.19;4.04;1.054;385.182;385.695;1;-1;0;0;0;0;0;0;0;0;0;-1;0.00000000;0.00000000;0.00000000;0.00000000;0.00000000;0.00000000;0.00000000;
72765745;11.8;30.4;0;0;0;-75.3;5.2;0.34;-0.03;5;5095;0.08;0.0491;0.0002;0.5811;0.0023;186158;186406;280.64;0;101;-0.021;0.543;72765712;0.0491;0.0002;0.581;0.0023;0.69;39.111;0.39;4.56;1.051;385.211;385.724;1;-1;0;0;0;0;0;0;0;0;0;-1;0.00000000;0.00000000;0.00000000;0.00000000;0.00000000;0.00000000;0.00000000;
72765779;11.8;30.4;0;0;0;-75.3;3.69;0.23;-0.03;3.56;5106;0.08;0.0491;0.0002;0.5811;0.0023;186176;186424;245.786;0;101;-0.021;0.525;72765746;0.0491;0.0002;0.5811;0.0023;0.69;39.112;0.11;1.58;1.054;385.246;385.76;1;-1;0;0;0;0;0;0;0;0;0;-1;0.00000000;0.00000000;0.00000000;0.00000000;0.00000000;0.00000000;0.00000000;
72765812;11.8;30.4;0;0;0;-75.4;3.94;0.25;0.05;3.79;5109;0.081;0.0491;0.0002;0.5811;0.0023;186193;186441;191.289;0;101;-0.022;0.529;72765780;0.0491;0.0002;0.5811;0.0023;0.69;39.114;0.31;4.86;1.056;385.284;385.797;1;-1;0;0;0;0;0;0;0;0;0;-1;0.00000000;0.00000000;0.00000000;0.00000000;0.00000000;0.00000000;0.00000000;
72765848;11.8;30.4;0;0;0;-75.3;3.84;0.24;0;3.67;5113;0.082;0.0491;0.0002;0.5811;0.0023;186211;186459;191.54;0;101;-0.022;0.528;72765813;0.0491;0.0002;0.5811;0.0023;0.69;39.116;0.18;5;1.057;385.319;385.832;1;-1;0;0;0;0;0;0;0;0;0;-1;0.00000000;0.00000000;0.00000000;0.00000000;0.00000000;0.00000000;0.00000000;
72765868;11.8;30.4;0;0;0;-75.3;4.47;0.28;0;4.29;5102;0.085;0.0491;0.0002;0.5811;0.0023;186221;186469;88.8207;0;101;-0.02;0.53;72765849;0.0491;0.0002;0.5811;0.0023;0.691;39.118;0.21;5.14;1.058;385.356;385.869;1;-1;0;0;0;0;0;0;0;0;0;-1;0.00000000;0.00000000;0.00000000;0.00000000;0.00000000;0.00000000;0.00000000;
72765895;11.8;30.4;0;0;0;-75;4.62;0.3;0.02;4.46;5096;0.084;0.0491;0.0002;0.5812;0.0023;186235;186483;211.557;0;101;-0.022;0.534;72765869;0.0491;0.0002;0.5811;0.0023;0.691;39.119;0.21;4.14;1.055;385.377;385.89;1;-1;0;0;0;0;0;0;0;0;0;-1;0.00000000;0.00000000;0.00000000;0.00000000;0.00000000;0.00000000;0.00000000;
72765929;11.8;30.4;0;0;0;-75.1;3.72;0.23;-0.01;3.51;5114;0.082;0.0491;0.0002;0.5812;0.0023;186252;186500;149.412;0;101;-0.023;0.527;72765896;0.0491;0.0002;0.5812;0.0023;0.691;39.12;0.18;3.55;1.054;385.406;385.919;1;-1;0;0;0;0;0;0;0;0;0;-1;0.00000000;0.00000000;0.00000000;0.00000000;0.00000000;0.00000000;0.00000000;
72765962;11.8;30.4;0;0;0;-75.2;4.29;0.27;-0.04;4.18;5090;0.085;0.0491;0.0002;0.5812;0.0023;186269;186517;103.197;0;101;-0.02;0.528;72765929;0.0491;0.0002;0.5812;0.0023;0.691;39.122;0.12;2.43;1.058;385.441;385.954;1;-1;0;0;0;0;0;0;0;0;0;-1;0.00000000;0.00000000;0.00000000;0.00000000;0.00000000;0.00000000;0.00000000;
72765997;11.8;30.4;0;0;0;-75;5.59;0.37;0.03;5.43;5083;0.085;0.0491;0.0002;0.5813;0.0023;186286;186534;40.7439;0;101;-0.017;0.546;72765963;0.0491;0.0002;0.5812;0.0023;0.691;39.124;0.4;5.06;1.053;385.476;385.989;1;-1;0;0;0;0;0;0;0;0;0;-1;0.00000000;0.00000000;0.00000000;0.00000000;0.00000000;0.00000000;0.00000000;
72766029;11.8;30.4;0;0;0;-75.2;4.02;0.25;0.01;3.86;5092;0.083;0.0491;0.0002;0.5813;0.0023;186303;186551;327.586;0;101;-0.023;0.528;72765997;0.0491;0.0002;0.5813;0.0023;0.691;39.126;0.25;3.27;1.052;385.511;386.025;1;-1;0;0;0;0;0;0;0;0;0;-1;0.00000000;0.00000000;0.00000000;0.00000000;0.00000000;0.00000000;0.00000000;
72766062;11.8;30.4;0;0;0;-75.1;4.31;0.27;-0.01;4.15;5088;0.085;0.0491;0.0002;0.5813;0.0023;186320;186568;272.187;0;101;-0.021;0.53;72766029;0.0491;0.0002;0.5813;0.0023;0.691;39.127;0.15;3.58;1.053;385.546;386.06;1;-1;0;0;0;0;0;0;0;0;0;-1;0.00000000;0.00000000;0.00000000;0.00000000;0.00000000;0.00000000;0.00000000;
72766096;11.8;30.4;0;0;0;-75.6;4.52;0.29;0.02;4.39;5086;0.083;0.0491;0.0002;0.5814;0.0023;186337;186585;207.796;0;101;-0.022;0.533;72766063;0.0491;0.0002;0.5813;0.0023;0.691;39.129;0.18;3.39;1.052;385.582;386.095;1;-1;0;0;0;0;0;0;0;0;0;-1;0.00000000;0.00000000;0.00000000;0.00000000;0.00000000;0.00000000;0.00000000;
72766116;11.8;30.4;0;0;0;-75.6;4.83;0.31;-0.03;4.69;5081;0.083;0.0491;0.0002;0.5814;0.0023;186347;186595;85.1826;0;101;-0.021;0.534;72766097;0.0491;0.0002;0.5814;0.0023;0.691;39.131;0.2;3.99;1.052;385.617;386.13;1;-1;0;0;0;0;0;0;0;0;0;-1;0.00000000;0.00000000;0.00000000;0.00000000;0.00000000;0.00000000;0.00000000;
72766145;11.8;30.4;0;0;0;-75.8;4.24;0.27;-0.06;4.07;5088;0.081;0.0491;0.0002;0.5814;0.0023;186362;186610;290.77;0;101;-0.023;0.53;72766116;0.0491;0.0002;0.5814;0.0023;0.691;39.133;0.11;4.06;1.051;385.638;386.151;1;-1;0;0;0;0;0;0;0;0;0;-1;0.00000000;0.00000000;0.00000000;0.00000000;0.00000000;0.00000000;0.00000000;
72766178;11.8;30.4;0;0;0;-75.5;4.02;0.25;0.06;3.85;5098;0.084;0.0491;0.0002;0.5814;0.0023;186379;186627;215.988;0;101;-0.023;0.529;72766145;0.0491;0.0002;0.5814;0.0023;0.691;39.135;0.38;4.03;1.053;385.669;386.182;1;-1;0;0;0;0;0;0;0;0;0;-1;0.00000000;0.00000000;0.00000000;0.00000000;0.00000000;0.00000000;0.00000000;
72766212;11.8;30.4;0;0;0;-75.5;3.52;0.21;-0.01;3.31;5113;0.081;0.0491;0.0002;0.5815;0.0023;186396;186644;150.697;0;101;-0.022;0.524;72766178;0.0491;0.0002;0.5814;0.0023;0.691;39.137;0.18;2.96;1.055;385.704;386.217;1;-1;0;0;0;0;0;0;0;0;0;-1;0.00000000;0.00000000;0.00000000;0.00000000;0.00000000;0.00000000;0.00000000;
72766246;11.8;30.4;0;0;0;-75.3;5.4;0.36;0;5.28;5079;0.085;0.0491;0.0002;0.5815;0.0023;186413;186661;98.2751;0;101;-0.014;0.541;72766213;0.0491;0.0002;0.5815;0.0023;0.691;39.139;0.1;2.1;1.058;385.739;386.252;1;-1;0;0;0;0;0;0;0;0;0;-1;0.00000000;0.00000000;0.00000000;0.00000000;0.00000000;0.00000000;0.00000000;
72766278;11.8;30.4;0;0;0;-75.1;3.78;0.23;0;3.57;5105;0.081;0.0491;0.0002;0.5815;0.0023;186430;186678;37.1996;0;101;-0.022;0.528;72766246;0.0491;0.0002;0.5815;0.0023;0.691;39.141;0.24;3.03;1.051;385.774;386.287;1;-1;0;0;0;0;0;0;0;0;0;-1;0.00000000;0.00000000;0.00000000;0.00000000;0.00000000;0.00000000;0.00000000;
72766311;11.8;30.4;0;0;0;-75.1;3.5;0.21;-0.02;3.31;5105;0.081;0.0491;0.0002;0.5816;0.0023;186447;186695;339.147;0;101;-0.019;0.522;72766279;0.0491;0.0002;0.5815;0.0023;0.691;39.143;0.03;1.26;1.056;385.809;386.323;1;-1;0;0;0;0;0;0;0;0;0;-1;0.00000000;0.00000000;0.00000000;0.00000000;0.00000000;0.00000000;0.00000000;
72766347;11.8;30.4;0;0;0;-74.9;4.01;0.25;-0.01;3.88;5102;0.082;0.0491;0.0002;0.5816;0.0023;186465;186713;302.726;0;101;-0.019;0.528;72766312;0.0491;0.0002;0.5816;0.0023;0.691;39.145;0.24;2.76;1.056;385.844;386.358;1;-1;0;0;0;0;0;0;0;0;0;-1;0.00000000;0.00000000;0.00000000;0.00000000;0.00000000;0.00000000;0.00000000;
72766378;11.8;30.4;0;0;0;-74.8;3.91;0.24;0.01;3.75;5098;0.08;0.0491;0.0002;0.5816;0.0023;186481;186729;186.038;0;101;-0.021;0.525;72766347;0.0491;0.0002;0.5816;0.0023;0.691;39.147;0.38;5.17;1.055;385.882;386.395;1;-1;0;0;0;0;0;0;0;0;0;-1;0.00000000;0.00000000;0.00000000;0.00000000;0.00000000;0.00000000;0.00000000;
72766411;11.8;30.4;0;0;0;-74.8;5.03;0.33;0.03;4.88;5076;0.085;0.0491;0.0002;0.5817;0.0023;186497;186745;90.8599;0;101;-0.019;0.535;72766379;0.0491;0.0002;0.5816;0.0023;0.691;39.149;0.3;5.47;1.054;385.915;386.428;1;-1;0;0;0;0;0;0;0;0;0;-1;0.00000000;0.00000000;0.00000000;0.00000000;0.00000000;0.00000000;0.00000000;
72766429;11.8;30.4;0;0;0;-74.7;4.56;0.29;-0.03;4.44;5079;0.081;0.0491;0.0002;0.5817;0.0023;186507;186755;306.592;0;101;-0.022;0.533;72766411;0.0491;0.0002;0.5817;0.0023;0.691;39.15;0.21;4.13;1.05;385.948;386.461;1;-1;0;0;0;0;0;0;0;0;0;-1;0.00000000;0.00000000;0.00000000;0.00000000;0.00000000;0.00000000;0.00000000;
72766462;11.8;30.4;0;0;0;-74.6;4.18;0.26;0;4.02;5083;0.081;0.0491;0.0002;0.5817;0.0023;186524;186772;253.516;0;101;-0.023;0.528;72766429;0.0491;0.0002;0.5817;0.0023;0.691;39.151;0.26;5.28;1.051;385.969;386.482;1;-1;0;0;0;0;0;0;0;0;0;-1;0.00000000;0.00000000;0.00000000;0.00000000;0.00000000;0.00000000;0.00000000;
72766495;11.8;30.4;0;0;0;-74.6;5.8;0.39;0.02;5.67;5041;0.085;0.0491;0.0002;0.5817;0.0023;186540;186788;146.757;0;101;-0.015;0.542;72766463;0.0491;0.0002;0.5817;0.0023;0.691;39.152;0.08;4.13;1.052;386.004;386.517;1;-1;0;0;0;0;0;0;0;0;0;-1;0.00000000;0.00000000;0.00000000;0.00000000;0.00000000;0.00000000;0.00000000;
72766528;11.8;30.4;0;0;0;-74.7;4.75;0.31;-0.07;4.59;5056;0.084;0.0491;0.0002;0.5818;0.0023;186556;186804;55.9284;0;101;-0.023;0.535;72766495;0.0491;0.0002;0.5817;0.0023;0.691;39.152;0.27;4.99;1.043;386.037;386.55;1;-1;0;0;0;0;0;0;0;0;0;-1;0.00000000;0.00000000;0.00000000;0.00000000;0.00000000;0.00000000;0.00000000;
72766563;11.8;30.4;0;0;0;-74.7;3.96;0.25;0.01;3.76;5085;0.081;0.0491;0.0002;0.5818;0.0023;186574;186822;52.9652;0;101;-0.023;0.529;72766529;0.0491;0.0002;0.5818;0.0023;0.691;39.153;0.52;5.59;1.046;386.07;386.583;1;-1;0;0;0;0;0;0;0;0;0;-1;0.00000000;0.00000000;0.00000000;0.00000000;0.00000000;0.00000000;0.00000000;
72766595;11.8;30.4;0;0;0;-74.8;3.85;0.24;0.07;3.67;5086;0.082;0.0491;0.0002;0.5818;0.0023;186591;186839;331.086;0;101;-0.023;0.525;72766563;0.0491;0.0002;0.5818;0.0023;0.691;39.153;0.38;4.13;1.052;386.107;386.621;1;-1;0;0;0;0;0;0;0;0;0;-1;0.00000000;0.00000000;0.00000000;0.00000000;0.00000000;0.00000000;0.00000000;
72766629;11.8;30.5;0;0;0;-75.3;4.34;0.28;-0.01;4.22;5084;0.081;0.0491;0.0002;0.5819;0.0023;186608;186856;256.423;0;101;-0.021;0.529;72766596;0.0491;0.0002;0.5818;0.0023;0.691;39.153;0.14;3.07;1.052;386.142;386.656;1;-1;0;0;0;0;0;0;0;0;0;-1;0.00000000;0.00000000;0.00000000;0.00000000;0.00000000;0.00000000;0.00000000;
72766646;11.8;30.5;0;0;0;-75.3;4.23;0.27;-0.06;4.11;5078;0.081;0.0491;0.0002;0.5819;0.0023;186617;186865;70.0604;0;101;-0.021;0.526;72766629;0.0491;0.0002;0.5819;0.0023;0.691;39.154;0.1;4.37;1.052;386.178;386.691;1;-1;0;0;0;0;0;0;0;0;0;-1;0.00000000;0.00000000;0.00000000;0.00000000;0.00000000;0.00000000;0.00000000;
72766679;11.8;30.5;0;0;0;-75.4;4.21;0.26;0;4.04;5084;0.081;0.0491;0.0002;0.5819;0.0023;186634;186882;6.69308;0;101;-0.022;0.529;72766647;0.0491;0.0002;0.5819;0.0023;0.691;39.154;0.22;5.5;1.05;386.196;386.71;1;-1;0;0;0;0;0;0;0;0;0;-1;0.00000000;0.00000000;0.00000000;0.00000000;0.00000000;0.00000000;0.00000000;
72766718;11.8;30.5;0;0;0;-75.6;4.1;0.25;0.01;3.91;5086;0.083;0.0492;0.0002;0.5819;0.0023;186653;186901;100.176;0;101;-0.022;0.527;72766681;0.0491;0.0002;0.5819;0.0023;0.691;39.155;0.3;4.91;1.052;386.231;386.745;1;-1;0;0;0;0;0;0;0;0;0;-1;0.00000000;0.00000000;0.00000000;0.00000000;0.00000000;0.00000000;0.00000000;
72766744;11.8;30.5;0;0;0;-75.5;4.98;0.33;-0.06;4.9;5052;0.087;0.0492;0.0002;0.582;0.0023;186666;186914;167.864;0;101;-0.016;0.531;72766718;0.0492;0.0002;0.5819;0.0023;0.691;39.155;0.27;2.99;1.052;386.271;386.784;1;-1;0;0;0;0;0;0;0;0;0;-1;0.00000000;0.00000000;0.00000000;0.00000000;0.00000000;0.00000000;0.00000000;
72766779;11.8;30.5;0;0;0;-75.7;4.47;0.29;0.01;4.3;5073;0.081;0.0492;0.0002;0.582;0.0023;186684;186932;179.561;0;101;-0.02;0.534;72766745;0.0492;0.0002;0.582;0.0023;0.691;39.155;0.52;5.8;1.045;386.298;386.811;1;-1;0;0;0;0;0;0;0;0;0;-1;0.00000000;0.00000000;0.00000000;0.00000000;0.00000000;0.00000000;0.00000000;
72766813;11.8;30.5;0;0;0;-75.6;3.93;0.24;0;3.74;5084;0.082;0.0492;0.0002;0.582;0.0023;186701;186949;110.947;0;101;-0.022;0.526;72766780;0.0492;0.0002;0.582;0.0023;0.691;39.155;0.38;5.27;1.049;386.337;386.85;1;-1;0;0;0;0;0;0;0;0;0;-1;0.00000000;0.00000000;0.00000000;0.00000000;0.00000000;0.00000000;0.00000000;
72766848;11.8;30.5;0;0;0;-75.6;3.91;0.24;0;3.75;5090;0.081;0.0492;0.0002;0.5821;0.0023;186717;186965;357.675;0;101;-0.022;0.526;72766813;0.0492;0.0002;0.582;0.0023;0.691;39.156;0.39;4.36;1.052;386.37;386.883;1;-1;0;0;0;0;0;0;0;0;0;-1;0.00000000;0.00000000;0.00000000;0.00000000;0.00000000;0.00000000;0.00000000;
72766880;11.8;30.5;0;0;0;-75.5;4.15;0.26;0;4.01;5078;0.082;0.0492;0.0002;0.5821;0.0023;186735;186983;355.257;0;101;-0.021;0.526;72766848;0.0492;0.0002;0.5821;0.0023;0.691;39.157;0.36;4.5;1.053;386.405;386.919;1;-1;0;0;0;0;0;0;0;0;0;-1;0.00000000;0.00000000;0.00000000;0.00000000;0.00000000;0.00000000;0.00000000;
72766897;11.8;30.5;0;0;0;-75.4;4.94;0.32;0.13;4.75;5074;0.084;0.0492;0.0002;0.5821;0.0023;186744;186992;153.689;0;101;-0.02;0.536;72766881;0.0492;0.0002;0.5821;0.0023;0.691;39.157;0.47;5.56;1.05;386.44;386.956;1;-1;0;0;0;0;0;0;0;0;0;-1;0.00000000;0.00000000;0.00000000;0.00000000;0.00000000;0.00000000;0.00000000;
72766929;11.8;30.5;0;0;0;-75.6;4.07;0.26;-0.06;3.92;5076;0.083;0.0492;0.0002;0.5821;0.0023;186760;187008;51.1195;0;101;-0.022;0.526;72766897;0.0492;0.0002;0.5821;0.0023;0.691;39.158;0.16;3.25;1.05;386.459;386.972;1;-1;0;0;0;0;0;0;0;0;0;-1;0.00000000;0.00000000;0.00000000;0.00000000;0.00000000;0.00000000;0.00000000;
72766961;11.8;30.5;0;0;0;-75.5;4.18;0.26;0.06;4;5082;0.083;0.0492;0.0002;0.5822;0.0023;186777;187025;340.139;0;101;-0.022;0.529;72766929;0.0492;0.0002;0.5821;0.0023;0.691;39.159;0.44;4.79;1.05;386.492;387.005;1;-1;0;0;0;0;0;0;0;0;0;-1;0.00000000;0.00000000;0.00000000;0.00000000;0.00000000;0.00000000;0.00000000;
72766996;11.8;30.5;0;0;0;-75.2;4.25;0.27;-0.02;4.13;5068;0.084;0.0492;0.0002;0.5822;0.0023;186794;187042;265.203;0;101;-0.02;0.525;72766962;0.0492;0.0002;0.5822;0.0023;0.691;39.16;0.37;4.4;1.052;386.527;387.041;1;-1;0;0;0;0;0;0;0;0;0;-1;0.00000000;0.00000000;0.00000000;0.00000000;0.00000000;0.00000000;0.00000000;
72767028;11.8;30.5;0;0;0;-75.2;5.08;0.33;0;4.89;5072;0.079;0.0492;0.0002;0.5822;0.0023;186811;187059;208.65;0;101;-0.018;0.539;72766996;0.0492;0.0002;0.5822;0.0023;0.691;39.161;0.22;4.51;1.048;386.563;387.076;1;-1;0;0;0;0;0;0;0;0;0;-1;0.00000000;0.00000000;0.00000000;0.00000000;0.00000000;0.00000000;0.00000000;
72767062;11.8;30.5;0;0;0;-75.4;3.78;0.23;0.01;3.62;5074;0.083;0.0492;0.0002;0.5823;0.0023;186828;187076;153.757;0;101;-0.021;0.523;72767029;0.0492;0.0002;0.5822;0.0023;0.691;39.161;0.05;1.81;1.049;386.598;387.111;1;-1;0;0;0;0;0;0;0;0;0;-1;0.00000000;0.00000000;0.00000000;0.00000000;0.00000000;0.00000000;0.00000000;
72767096;11.8;30.5;0;0;0;-75.1;4;0.25;-0.02;3.84;5073;0.085;0.0492;0.0002;0.5823;0.0023;186845;187093;97.1049;0;101;-0.019;0.526;72767062;0.0492;0.0002;0.5823;0.0023;0.691;39.162;0.19;3.14;1.05;386.633;387.146;1;-1;0;0;0;0;0;0;0;0;0;-1;0.00000000;0.00000000;0.00000000;0.00000000;0.00000000;0.00000000;0.00000000;
72767116;11.8;30.5;0;0;0;-74.9;4.53;0.29;0.03;4.38;5069;0.083;0.0492;0.0002;0.5823;0.0023;186855;187103;344.971;0;101;-0.021;0.531;72767096;0.0492;0.0002;0.5823;0.0023;0.691;39.163;0.27;3.85;1.049;386.668;387.181;1;-1;0;0;0;0;0;0;0;0;0;-1;0.00000000;0.00000000;0.00000000;0.00000000;0.00000000;0.00000000;0.00000000;
72767147;11.8;30.5;0;0;0;-74.8;4.46;0.29;-0.03;4.35;5065;0.082;0.0492;0.0002;0.5823;0.0023;186871;187119;180.587;0;101;-0.021;0.53;72767116;0.0492;0.0002;0.5823;0.0023;0.691;39.164;0.41;4.5;1.049;386.689;387.202;1;-1;0;0;0;0;0;0;0;0;0;-1;0.00000000;0.00000000;0.00000000;0.00000000;0.00000000;0.00000000;0.00000000;
72767179;11.8;30.5;0;0;0;-74.9;4.25;0.26;0.01;4.04;5073;0.081;0.0492;0.0002;0.5824;0.0023;186887;187135;104.267;0;101;-0.023;0.528;72767147;0.0492;0.0002;0.5823;0.0023;0.691;39.165;0.45;5.83;1.048;386.722;387.235;1;-1;0;0;0;0;0;0;0;0;0;-1;0.00000000;0.00000000;0.00000000;0.00000000;0.00000000;0.00000000;0.00000000;
72767211;11.8;30.5;0;0;0;-74.9;4.12;0.26;0.01;4.01;5071;0.082;0.0492;0.0002;0.5824;0.0023;186904;187152;15.3575;0;101;-0.021;0.526;72767180;0.0492;0.0002;0.5824;0.0023;0.691;39.165;0.32;3.22;1.049;386.755;387.268;1;-1;0;0;0;0;0;0;0;0;0;-1;0.00000000;0.00000000;0.00000000;0.00000000;0.00000000;0.00000000;0.00000000;
72767245;11.8;30.5;0;0;0;-74.8;4.54;0.29;0.02;4.4;5057;0.084;0.0492;0.0002;0.5824;0.0023;186921;187169;325.902;0;101;-0.02;0.529;72767212;0.0492;0.0002;0.5824;0.0023;0.691;39.167;0.15;4.61;1.049;386.79;387.303;1;-1;0;0;0;0;0;0;0;0;0;-1;0.00000000;0.00000000;0.00000000;0.00000000;0.00000000;0.00000000;0.00000000;
72767279;11.8;30.5;0;0;0;-75.1;5.01;0.33;-0.07;4.86;5054;0.079;0.0492;0.0002;0.5824;0.0023;186938;187186;245.36;0;101;-0.018;0.536;72767246;0.0492;0.0002;0.5824;0.0023;0.691;39.168;0.26;4.74;1.046;386.825;387.339;1;-1;0;0;0;0;0;0;0;0;0;-1;0.00000000;0.00000000;0.00000000;0.00000000;0.00000000;0.00000000;0.00000000;
72767312;11.8;30.6;0;0;0;-75;3.99;0.25;0.06;3.82;5063;0.083;0.0492;0.0002;0.5825;0.0023;186955;187203;198.583;0;101;-0.023;0.525;72767280;0.0492;0.0002;0.5824;0.0023;0.691;39.169;0.34;4.75;1.045;386.861;387.374;1;-1;0;0;0;0;0;0;0;0;0;-1;0.00000000;0.00000000;0.00000000;0.00000000;0.00000000;0.00000000;0.00000000;
72767347;11.8;30.6;0;0;0;-75.1;3.87;0.24;-0.04;3.69;5080;0.079;0.0492;0.0002;0.5825;0.0023;186973;187221;189.475;0;101;-0.022;0.525;72767312;0.0492;0.0002;0.5825;0.0023;0.691;39.171;0.14;4.57;1.047;386.896;387.409;1;-1;0;0;0;0;0;0;0;0;0;-1;0.00000000;0.00000000;0.00000000;0.00000000;0.00000000;0.00000000;0.00000000;
72767363;11.8;30.6;0;0;0;-75;3.78;0.23;-0.05;3.57;5078;0.081;0.0492;0.0002;0.5825;0.0023;186980;187228;290.708;0;101;-0.02;0.522;72767348;0.0492;0.0002;0.5825;0.0023;0.691;39.173;0.16;4.24;1.051;386.933;387.446;1;-1;0;0;0;0;0;0;0;0;0;-1;0.00000000;0.00000000;0.00000000;0.00000000;0.00000000;0.00000000;0.00000000;
72767395;11.8;30.6;0;0;0;-74.9;5;0.33;0.06;4.92;5044;0.084;0.0492;0.0002;0.5826;0.0023;186997;187245;197.786;0;101;-0.018;0.532;72767363;0.0492;0.0002;0.5825;0.0023;0.692;39.174;0.37;4.07;1.05;386.947;387.461;1;-1;0;0;0;0;0;0;0;0;0;-1;0.00000000;0.00000000;0.00000000;0.00000000;0.00000000;0.00000000;0.00000000;
72767430;11.8;30.6;0;0;0;-74.7;4.69;0.3;0;4.48;5054;0.084;0.0492;0.0002;0.5826;0.0023;187014;187262;160.119;0;101;-0.022;0.534;72767396;0.0492;0.0002;0.5826;0.0023;0.692;39.176;0.23;5.75;1.044;386.983;387.496;1;-1;0;0;0;0;0;0;0;0;0;-1;0.00000000;0.00000000;0.00000000;0.00000000;0.00000000;0.00000000;0.00000000;
72767462;11.8;30.6;0;0;0;-74.7;3.73;0.23;0;3.56;5071;0.082;0.0492;0.0002;0.5826;0.0023;187030;187278;21.4603;0;101;-0.022;0.524;72767430;0.0492;0.0002;0.5826;0.0023;0.692;39.177;0.31;3.26;1.046;387.018;387.531;1;-1;0;0;0;0;0;0;0;0;0;-1;0.00000000;0.00000000;0.00000000;0.00000000;0.00000000;0.00000000;0.00000000;
72767495;11.8;30.6;0;0;0;-74.8;4;0.25;-0.06;3.86;5065;0.082;0.0492;0.0002;0.5826;0.0023;187047;187295;355.428;0;101;-0.021;0.524;72767463;0.0492;0.0002;0.5826;0.0023;0.692;39.179;0.11;3.12;1.049;387.051;387.564;1;-1;0;0;0;0;0;0;0;0;0;-1;0.00000000;0.00000000;0.00000000;0.00000000;0.00000000;0.00000000;0.00000000;
72767530;11.8;30.6;0;0;0;-74.8;5.43;0.36;0.03;5.29;5045;0.084;0.0492;0.0002;0.5827;0.0023;187064;187312;294.091;0;101;-0.017;0.539;72767496;0.0492;0.0002;0.5826;0.0023;0.692;39.181;0.53;5.92;1.048;387.088;387.601;1;-1;0;0;0;0;0;0;0;0;0;-1;0.00000000;0.00000000;0.00000000;0.00000000;0.00000000;0.00000000;0.00000000;
72767561;11.8;30.6;0;0;0;-75.2;4.27;0.27;0.03;4.11;5056;0.08;0.0492;0.0002;0.5827;0.0023;187081;187329;196.323;0;101;-0.022;0.528;72767531;0.0492;0.0002;0.5827;0.0023;0.692;39.182;0.48;5;1.044;387.123;387.637;1;-1;0;0;0;0;0;0;0;0;0;-1;0.00000000;0.00000000;0.00000000;0.00000000;0.00000000;0.00000000;0.00000000;
72767596;11.8;30.6;0;0;0;-75.2;3.98;0.25;0;3.79;5062;0.083;0.0492;0.0002;0.5827;0.0023;187098;187346;151.397;0;101;-0.023;0.525;72767562;0.0492;0.0002;0.5827;0.0023;0.692;39.184;0.07;4.02;1.046;387.156;387.67;1;-1;0;0;0;0;0;0;0;0;0;-1;0.00000000;0.00000000;0.00000000;0.00000000;0.00000000;0.00000000;0.00000000;
72767629;11.8;30.6;0;0;0;-75.2;3.94;0.24;0;3.78;5072;0.082;0.0492;0.0002;0.5828;0.0023;187115;187363;83.305;0;101;-0.022;0.525;72767596;0.0492;0.0002;0.5827;0.0023;0.692;39.187;0.17;3.14;1.047;387.192;387.705;1;-1;0;0;0;0;0;0;0;0;0;-1;0.00000000;0.00000000;0.00000000;0.00000000;0.00000000;0.00000000;0.00000000;
72767646;11.8;30.6;0;0;0;-75.3;4.38;0.28;-0.13;4.27;5060;0.083;0.0492;0.0002;0.5828;0.0023;187123;187371;232.618;0;101;-0.019;0.526;72767630;0.0492;0.0002;0.5828;0.0023;0.692;39.189;0.09;3.46;1.049;387.227;387.74;1;-1;0;0;0;0;0;0;0;0;0;-1;0.00000000;0.00000000;0.00000000;0.00000000;0.00000000;0.00000000;0.00000000;
72767678;11.8;30.6;0;0;0;-75.3;4.38;0.27;0.06;4.18;5066;0.082;0.0492;0.0002;0.5828;0.0023;187140;187388;159.701;0;101;-0.022;0.529;72767646;0.0492;0.0002;0.5828;0.0023;0.692;39.19;0.5;5.58;1.047;387.243;387.757;1;-1;0;0;0;0;0;0;0;0;0;-1;0.00000000;0.00000000;0.00000000;0.00000000;0.00000000;0.00000000;0.00000000;
72767712;11.8;30.6;0;0;0;-75.4;3.86;0.24;0;3.71;5068;0.082;0.0492;0.0002;0.5828;0.0023;187157;187405;86.9111;0;101;-0.02;0.523;72767679;0.0492;0.0002;0.5828;0.0023;0.692;39.193;0.21;2.27;1.048;387.279;387.792;1;-1;0;0;0;0;0;0;0;0;0;-1;0.00000000;0.00000000;0.00000000;0.00000000;0.00000000;0.00000000;0.00000000;
72767745;11.8;30.6;0;0;0;-75.3;3.83;0.24;0;3.65;5078;0.082;0.0492;0.0002;0.5829;0.0023;187174;187422;29.7276;0;101;-0.021;0.525;72767712;0.0492;0.0002;0.5828;0.0023;0.692;39.195;0.27;3.01;1.048;387.314;387.827;1;-1;0;0;0;0;0;0;0;0;0;-1;0.00000000;0.00000000;0.00000000;0.00000000;0.00000000;0.00000000;0.00000000;
72767779;11.8;30.6;0;0;0;-75.2;5.32;0.35;-0.02;5.19;5050;0.082;0.0492;0.0002;0.5829;0.0023;187190;187438;288.748;0;101;-0.015;0.538;72767745;0.0492;0.0002;0.5829;0.0023;0.692;39.198;0.09;2.43;1.051;387.349;387.862;1;-1;0;0;0;0;0;0;0;0;0;-1;0.00000000;0.00000000;0.00000000;0.00000000;0.00000000;0.00000000;0.00000000;
72767812;11.8;30.6;0;0;0;-75.2;3.92;0.24;-0.03;3.77;5061;0.079;0.0492;0.0002;0.5829;0.0023;187208;187456;243.364;0;101;-0.022;0.523;72767780;0.0492;0.0002;0.5829;0.0023;0.692;39.2;0.38;3.92;1.045;387.382;387.895;1;-1;0;0;0;0;0;0;0;0;0;-1;0.00000000;0.00000000;0.00000000;0.00000000;0.00000000;0.00000000;0.00000000;
72767848;11.8;30.6;0;0;0;-75.2;3.93;0.24;0.01;3.77;5065;0.08;0.0492;0.0002;0.583;0.0023;187226;187474;248.34;0;101;-0.021;0.523;72767812;0.0492;0.0002;0.5829;0.0023;0.692;39.203;0.05;3.93;1.047;387.419;387.933;1;-1;0;0;0;0;0;0;0;0;0;-1;0.00000000;0.00000000;0.00000000;0.00000000;0.00000000;0.00000000;0.00000000;
72767868;11.8;30.6;0;0;0;-75.2;4.38;0.27;0.09;4.19;5061;0.082;0.0492;0.0002;0.583;0.0023;187236;187484;155.631;0;101;-0.022;0.528;72767849;0.0492;0.0002;0.583;0.0023;0.692;39.206;0.21;4.89;1.048;387.457;387.97;1;-1;0;0;0;0;0;0;0;0;0;-1;0.00000000;0.00000000;0.00000000;0.00000000;0.00000000;0.00000000;0.00000000;
72767895;11.8;30.6;0;0;0;-75.5;4.47;0.29;-0.04;4.36;5056;0.08;0.0492;0.0002;0.583;0.0023;187250;187498;254.33;0;101;-0.02;0.528;72767869;0.0492;0.0002;0.583;0.0023;0.692;39.207;0.22;3.23;1.047;387.477;387.991;1;-1;0;0;0;0;0;0;0;0;0;-1;0.00000000;0.00000000;0.00000000;0.00000000;0.00000000;0.00000000;0.00000000;
72767930;11.8;30.6;0;0;0;-75.2;4.49;0.29;0.01;4.38;5040;0.083;0.0492;0.0002;0.583;0.0023;187267;187515;192.425;0;101;-0.021;0.527;72767896;0.0492;0.0002;0.583;0.0023;0.692;39.209;0.09;4.45;1.046;387.506;388.019;1;-1;0;0;0;0;0;0;0;0;0;-1;0.00000000;0.00000000;0.00000000;0.00000000;0.00000000;0.00000000;0.00000000;
72767966;11.8;30.6;0;0;0;-75.2;4.58;0.29;-0.02;4.38;5051;0.081;0.0492;0.0002;0.5831;0.0023;187285;187533;231.039;0;101;-0.023;0.531;72767930;0.0492;0.0002;0.583;0.0023;0.692;39.211;0.34;6.34;1.043;387.541;388.055;1;-1;0;0;0;0;0;0;0;0;0;-1;0.00000000;0.00000000;0.00000000;0.00000000;0.00000000;0.00000000;0.00000000;
72767996;11.8;30.6;0;0;0;-75.3;3.89;0.24;-0.01;3.73;5061;0.083;0.0493;0.0002;0.5831;0.0023;187300;187548;48.8073;0;101;-0.022;0.524;72767967;0.0492;0.0002;0.5831;0.0023;0.692;39.214;0.43;4.57;1.045;387.579;388.092;1;-1;0;0;0;0;0;0;0;0;0;-1;0.00000000;0.00000000;0.00000000;0.00000000;0.00000000;0.00000000;0.00000000;
72768029;11.8;30.7;0;0;0;-75.1;5.39;0.36;0.04;5.3;5023;0.086;0.0493;0.0002;0.5831;0.0023;187317;187565;325.118;0;101;-0.015;0.536;72767996;0.0493;0.0002;0.5831;0.0023;0.692;39.215;0.4;4.54;1.047;387.61;388.123;1;-1;0;0;0;0;0;0;0;0;0;-1;0.00000000;0.00000000;0.00000000;0.00000000;0.00000000;0.00000000;0.00000000;
72768063;11.8;30.7;0;0;0;-75.3;4.71;0.3;0.01;4.51;5039;0.084;0.0493;0.0002;0.5832;0.0023;187334;187582;272.117;0;101;-0.022;0.534;72768030;0.0493;0.0002;0.5831;0.0023;0.692;39.217;0.28;5.82;1.039;387.645;388.158;1;-1;0;0;0;0;0;0;0;0;0;-1;0.00000000;0.00000000;0.00000000;0.00000000;0.00000000;0.00000000;0.00000000;
72768095;11.8;30.7;0;0;0;-75.4;3.68;0.22;0;3.49;5057;0.083;0.0493;0.0002;0.5832;0.0023;187350;187598;152.498;0;101;-0.022;0.523;72768063;0.0493;0.0002;0.5832;0.0023;0.692;39.217;0.15;3.23;1.042;387.68;388.193;1;-1;0;0;0;0;0;0;0;0;0;-1;0.00000000;0.00000000;0.00000000;0.00000000;0.00000000;0.00000000;0.00000000;
72768129;11.8;30.7;0;0;0;-75.4;3.78;0.23;-0.06;3.62;5075;0.078;0.0493;0.0002;0.5832;0.0023;187368;187616;128.185;0;101;-0.021;0.524;72768095;0.0493;0.0002;0.5832;0.0023;0.692;39.218;0.23;2.89;1.046;387.713;388.226;1;-1;0;0;0;0;0;0;0;0;0;-1;0.00000000;0.00000000;0.00000000;0.00000000;0.00000000;0.00000000;0.00000000;
72768146;11.8;30.7;0;0;0;-75.5;3.97;0.25;-0.01;3.82;5065;0.083;0.0493;0.0002;0.5832;0.0023;187376;187624;295.786;0;101;-0.019;0.522;72768129;0.0493;0.0002;0.5832;0.0023;0.692;39.219;0.16;3.82;1.05;387.75;388.264;1;-1;0;0;0;0;0;0;0;0;0;-1;0.00000000;0.00000000;0.00000000;0.00000000;0.00000000;0.00000000;0.00000000;
72768179;11.8;30.7;0;0;0;-75.5;4.15;0.26;0.04;3.98;5057;0.083;0.0493;0.0002;0.5833;0.0023;187393;187641;222.14;0;101;-0.022;0.524;72768147;0.0493;0.0002;0.5832;0.0023;0.692;39.22;0.46;4.99;1.048;387.769;388.282;1;-1;0;0;0;0;0;0;0;0;0;-1;0.00000000;0.00000000;0.00000000;0.00000000;0.00000000;0.00000000;0.00000000;
72768213;11.8;30.7;0;0;0;-75.2;4.56;0.29;0.02;4.43;5045;0.084;0.0493;0.0002;0.5833;0.0023;187410;187658;149.438;0;101;-0.021;0.528;72768179;0.0493;0.0002;0.5833;0.0023;0.692;39.221;0.33;3.95;1.046;387.802;388.315;1;-1;0;0;0;0;0;0;0;0;0;-1;0.00000000;0.00000000;0.00000000;0.00000000;0.00000000;0.00000000;0.00000000;
72768261;11.8;30.7;0;0;0;-75.2;4.17;0.26;-0.01;4.03;5054;0.08;0.0493;0.0002;0.5833;0.0023;187427;187675;77.3261;0;101;-0.022;0.526;72768213;0.0493;0.0002;0.5833;0.0023;0.692;39.221;0.2;3.86;1.044;387.837;388.351;1;-1;0;0;0;0;0;0;0;0;0;-1;0.00000000;0.00000000;0.00000000;0.00000000;0.00000000;0.00000000;0.00000000;
72768280;11.8;30.7;0;0;0;-75.2;4.86;0.32;-0.11;4.78;5015;0.085;0.0493;0.0002;0.5834;0.0023;187444;187692;1.22336;0;101;-0.017;0.528;72768262;0.0493;0.0002;0.5833;0.0023;0.692;39.222;0.07;4.1;1.046;387.873;388.386;1;-1;0;0;0;0;0;0;0;0;0;-1;0.00000000;0.00000000;0.00000000;0.00000000;0.00000000;0.00000000;0.00000000;
72768312;11.8;30.7;0;0;0;-75.1;4.81;0.31;0.07;4.58;5036;0.082;0.0493;0.0002;0.5834;0.0023;187460;187708;292.452;0;101;-0.019;0.537;72768280;0.0493;0.0002;0.5834;0.0023;0.692;39.223;0.75;8.73;1.037;387.908;388.421;1;-1;0;0;0;0;0;0;0;0;0;-1;0.00000000;0.00000000;0.00000000;0.00000000;0.00000000;0.00000000;0.00000000;
72768349;11.8;30.7;0;0;0;-75.2;3.9;0.24;0.01;3.74;5057;0.08;0.0493;0.0002;0.5834;0.0023;187479;187727;308.543;0;101;-0.023;0.524;72768313;0.0493;0.0002;0.5834;0.0023;0.692;39.224;0.44;4.54;1.042;387.941;388.454;1;-1;0;0;0;0;0;0;0;0;0;-1;0.00000000;0.00000000;0.00000000;0.00000000;0.00000000;0.00000000;0.00000000;
72768392;11.8;30.7;0;0;0;-75.2;3.82;0.23;-0.01;3.63;5064;0.081;0.0493;0.0002;0.5834;0.0023;187494;187742;173.292;0;101;-0.022;0.523;72768349;0.0493;0.0002;0.5834;0.0023;0.692;39.225;0.22;4.77;1.046;387.98;388.493;1;-1;0;0;0;0;0;0;0;0;0;-1;0.00000000;0.00000000;0.00000000;0.00000000;0.00000000;0.00000000;0.00000000;
72768424;11.8;30.7;0;0;0;-75.2;4.35;0.28;-0.03;4.23;5051;0.08;0.0493;0.0002;0.5835;0.0023;187511;187759;62.1396;0;101;-0.02;0.525;72768392;0.0493;0.0002;0.5834;0.0023;0.692;39.226;0.38;4.55;1.047;388.011;388.524;1;-1;0;0;0;0;0;0;0;0;0;-1;0.00000000;0.00000000;0.00000000;0.00000000;0.00000000;0.00000000;0.00000000;
72768456;11.8;30.7;0;0;0;-75.6;4.54;0.29;0.02;4.36;5048;0.08;0.0493;0.0002;0.5835;0.0023;187526;187774;291.945;0;101;-0.021;0.529;72768424;0.0493;0.0002;0.5835;0.0023;0.692;39.227;0.43;5.54;1.045;388.046;388.56;1;-1;0;0;0;0;0;0;0;0;0;-1;0.00000000;0.00000000;0.00000000;0.00000000;0.00000000;0.00000000;0.00000000;
72768486;11.8;30.7;0;0;0;-75.5;3.97;0.25;0;3.83;5053;0.081;0.0493;0.0002;0.5835;0.0023;187542;187790;177.553;0;101;-0.022;0.523;72768456;0.0493;0.0002;0.5835;0.0023;0.692;39.228;0.36;3.93;1.044;388.077;388.591;1;-1;0;0;0;0;0;0;0;0;0;-1;0.00000000;0.00000000;0.00000000;0.00000000;0.00000000;0.00000000;0.00000000;
72768519;11.8;30.7;0;0;0;-75.1;3.9;0.24;0.05;3.71;5060;0.082;0.0493;0.0002;0.5836;0.0023;187559;187807;91.858;0;101;-0.021;0.523;72768487;0.0493;0.0002;0.5835;0.0023;0.692;39.229;0.43;5.02;1.045;388.113;388.626;1;-1;0;0;0;0;0;0;0;0;0;-1;0.00000000;0.00000000;0.00000000;0.00000000;0.00000000;0.00000000;0.00000000;
72768550;11.8;30.7;0;0;0;-75.1;4.42;0.28;-0.02;4.31;5038;0.084;0.0493;0.0002;0.5836;0.0023;187574;187822;272.61;0;101;-0.018;0.524;72768519;0.0493;0.0002;0.5836;0.0023;0.692;39.23;0.15;2.58;1.047;388.146;388.659;1;-1;0;0;0;0;0;0;0;0;0;-1;0.00000000;0.00000000;0.00000000;0.00000000;0.00000000;0.00000000;0.00000000;
72768581;11.8;30.7;0;0;0;-75.3;4.73;0.3;-0.01;4.53;5039;0.081;0.0493;0.0002;0.5836;0.0023;187589;187837;101.446;0;101;-0.017;0.533;72768550;0.0493;0.0002;0.5836;0.0023;0.693;39.231;0.26;4.55;1.042;388.177;388.69;1;-1;0;0;0;0;0;0;0;0;0;-1;0.00000000;0.00000000;0.00000000;0.00000000;0.00000000;0.00000000;0.00000000;
72768611;11.8;30.7;0;0;0;-75;4.25;0.27;0.06;4.11;5046;0.083;0.0493;0.0002;0.5836;0.0023;187605;187853;326.552;0;101;-0.022;0.527;72768582;0.0493;0.0002;0.5836;0.0023;0.693;39.232;0.3;3.23;1.042;388.208;388.721;1;-1;0;0;0;0;0;0;0;0;0;-1;0.00000000;0.00000000;0.00000000;0.00000000;0.00000000;0.00000000;0.00000000;
72768644;11.8;30.7;0;0;0;-75.2;3.67;0.22;-0.1;3.5;5060;0.081;0.0493;0.0002;0.5837;0.0023;187621;187869;232.453;0;101;-0.021;0.521;72768613;0.0493;0.0002;0.5836;0.0023;0.693;39.234;0.16;3.52;1.044;388.241;388.754;1;-1;0;0;0;0;0;0;0;0;0;-1;0.00000000;0.00000000;0.00000000;0.00000000;0.00000000;0.00000000;0.00000000;
72768677;11.8;30.7;0;0;0;-75.2;4.02;0.25;0.03;3.86;5053;0.083;0.0493;0.0002;0.5837;0.0023;187637;187885;105.167;0;101;-0.02;0.523;72768644;0.0493;0.0002;0.5837;0.0023;0.693;39.235;0.42;4.72;1.047;388.274;388.787;1;-1;0;0;0;0;0;0;0;0;0;-1;0.00000000;0.00000000;0.00000000;0.00000000;0.00000000;0.00000000;0.00000000;
72768710;11.8;30.7;0;0;0;-75.3;4.96;0.32;0.04;4.85;5037;0.082;0.0493;0.0002;0.5837;0.0023;187655;187903;78.3895;0;101;-0.018;0.532;72768678;0.0493;0.0002;0.5837;0.0023;0.693;39.236;0.37;4.4;1.045;388.307;388.82;1;-1;0;0;0;0;0;0;0;0;0;-1;0.00000000;0.00000000;0.00000000;0.00000000;0.00000000;0.00000000;0.00000000;
72768743;11.8;30.7;0;0;0;-75.1;4.4;0.28;-0.05;4.25;5039;0.082;0.0493;0.0002;0.5838;0.0023;187671;187919;359.679;0;101;-0.023;0.527;72768710;0.0493;0.0002;0.5837;0.0023;0.693;39.238;0.11;4.32;1.042;388.344;388.858;1;-1;0;0;0;0;0;0;0;0;0;-1;0.00000000;0.00000000;0.00000000;0.00000000;0.00000000;0.00000000;0.00000000;
72768777;11.8;30.8;0;0;0;-75.2;4.03;0.25;0.02;3.82;5052;0.082;0.0493;0.0002;0.5838;0.0023;187688;187936;283.013;0;101;-0.022;0.525;72768744;0.0493;0.0002;0.5838;0.0023;0.693;39.239;0.42;5.37;1.042;388.38;388.893;1;-1;0;0;0;0;0;0;0;0;0;-1;0.00000000;0.00000000;0.00000000;0.00000000;0.00000000;0.00000000;0.00000000;
72768810;11.8;30.8;0;0;0;-75.2;4.71;0.31;0;4.65;5028;0.083;0.0493;0.0002;0.5838;0.0023;187705;187953;186.78;0;101;-0.018;0.528;72768777;0.0493;0.0002;0.5838;0.0023;0.693;39.24;0.28;2.83;1.045;388.413;388.926;1;-1;0;0;0;0;0;0;0;0;0;-1;0.00000000;0.00000000;0.00000000;0.00000000;0.00000000;0.00000000;0.00000000;
72768845;11.8;30.7;0;0;0;-75.3;4.91;0.31;0.02;4.74;5030;0.081;0.0493;0.0002;0.5839;0.0023;187722;187970;137.708;0;101;-0.022;0.533;72768811;0.0493;0.0002;0.5838;0.0023;0.693;39.241;0.36;6.43;1.04;388.448;388.961;1;-1;0;0;0;0;0;0;0;0;0;-1;0.00000000;0.00000000;0.00000000;0.00000000;0.00000000;0.00000000;0.00000000;
72768877;11.8;30.8;0;0;0;-75.2;3.88;0.24;-0.08;3.69;5046;0.08;0.0493;0.0002;0.5839;0.0023;187738;187986;55.2015;0;101;-0.023;0.523;72768846;0.0493;0.0002;0.5839;0.0023;0.693;39.243;0.11;4.25;1.041;388.483;388.996;1;-1;0;0;0;0;0;0;0;0;0;-1;0.00000000;0.00000000;0.00000000;0.00000000;0.00000000;0.00000000;0.00000000;
72768913;11.8;30.8;0;0;0;-75.1;3.99;0.25;0.05;3.86;5043;0.083;0.0493;0.0002;0.5839;0.0023;187756;188004;18.2905;0;101;-0.021;0.522;72768877;0.0493;0.0002;0.5839;0.0023;0.693;39.244;0.4;4.31;1.044;388.516;389.029;1;-1;0;0;0;0;0;0;0;0;0;-1;0.00000000;0.00000000;0.00000000;0.00000000;0.00000000;0.00000000;0.00000000;
72768931;11.8;30.8;0;0;0;-75.2;4.42;0.28;-0.03;4.25;5045;0.081;0.0493;0.0002;0.584;0.0023;187772;188020;295.496;0;101;-0.02;0.528;72768914;0.0493;0.0002;0.5839;0.0023;0.693;39.246;0.18;4.88;1.043;388.553;389.067;1;-1;0;0;0;0;0;0;0;0;0;-1;0.00000000;0.00000000;0.00000000;0.00000000;0.00000000;0.00000000;0.00000000;
72768963;11.8;30.8;0;0;0;-75.1;3.98;0.25;0;3.83;5050;0.08;0.0493;0.0002;0.584;0.0023;187788;188036;178.131;0;101;-0.022;0.523;72768931;0.0493;0.0002;0.584;0.0023;0.693;39.248;0.4;4.43;1.044;388.587;389.1;1;-1;0;0;0;0;0;0;0;0;0;-1;0.00000000;0.00000000;0.00000000;0.00000000;0.00000000;0.00000000;0.00000000;
72768995;11.8;30.8;0;0;0;-75;4.23;0.26;0.04;4.06;5043;0.083;0.0493;0.0002;0.584;0.0023;187805;188053;92.8164;0;101;-0.021;0.524;72768964;0.0493;0.0002;0.584;0.0023;0.693;39.25;0.38;5.09;1.044;388.622;389.135;1;-1;0;0;0;0;0;0;0;0;0;-1;0.00000000;0.00000000;0.00000000;0.00000000;0.00000000;0.00000000;0.00000000;
72769028;11.8;30.8;0;0;0;-75;4.29;0.27;-0.01;4.13;5046;0.082;0.0493;0.0002;0.584;0.0023;187821;188069;349.349;0;101;-0.022;0.527;72768996;0.0493;0.0002;0.584;0.0023;0.693;39.252;0.18;3.38;1.043;388.655;389.168;1;-1;0;0;0;0;0;0;0;0;0;-1;0.00000000;0.00000000;0.00000000;0.00000000;0.00000000;0.00000000;0.00000000;
72769062;11.8;30.8;0;0;0;-74.9;4.81;0.31;0.03;4.72;5022;0.084;0.0493;0.0002;0.5841;0.0023;187839;188087;316.581;0;101;-0.019;0.528;72769028;0.0493;0.0002;0.584;0.0023;0.693;39.254;0.37;4.18;1.044;388.688;389.201;1;-1;0;0;0;0;0;0;0;0;0;-1;0.00000000;0.00000000;0.00000000;0.00000000;0.00000000;0.00000000;0.00000000;
72769096;11.8;30.8;0;0;0;-75.1;3.81;0.23;-0.05;3.6;5050;0.081;0.0493;0.0002;0.5841;0.0023;187856;188104;244.14;0;101;-0.02;0.525;72769064;0.0493;0.0002;0.5841;0.0023;0.693;39.256;0.17;5.31;1.039;388.725;389.238;1;-1;0;0;0;0;0;0;0;0;0;-1;0.00000000;0.00000000;0.00000000;0.00000000;0.00000000;0.00000000;0.00000000;
72769129;11.8;30.8;0;0;0;-75.2;3.62;0.22;-0.01;3.4;5066;0.078;0.0493;0.0002;0.5841;0.0023;187872;188120;176.028;0;101;-0.021;0.521;72769096;0.0493;0.0002;0.5841;0.0023;0.693;39.259;0.33;5.16;1.045;388.76;389.274;1;-1;0;0;0;0;0;0;0;0;0;-1;0.00000000;0.00000000;0.00000000;0.00000000;0.00000000;0.00000000;0.00000000;
72769147;11.8;30.8;0;0;0;-75;3.98;0.25;0.01;3.86;5056;0.082;0.0493;0.0002;0.5841;0.0023;187881;188129;356.379;0;101;-0.019;0.521;72769130;0.0493;0.0002;0.5841;0.0023;0.693;39.261;0.31;3.81;1.048;388.796;389.309;1;-1;0;0;0;0;0;0;0;0;0;-1;0.00000000;0.00000000;0.00000000;0.00000000;0.00000000;0.00000000;0.00000000;
72769179;11.8;30.8;0;0;0;-75.1;3.8;0.23;0.02;3.64;5053;0.08;0.0493;0.0002;0.5842;0.0023;187898;188146;252.001;0;101;-0.02;0.521;72769147;0.0493;0.0002;0.5841;0.0023;0.693;39.262;0.37;5.01;1.046;388.814;389.327;1;-1;0;0;0;0;0;0;0;0;0;-1;0.00000000;0.00000000;0.00000000;0.00000000;0.00000000;0.00000000;0.00000000;
72769212;11.8;30.8;0;0;0;-75;5.21;0.34;-0.02;5.08;5017;0.085;0.0493;0.0002;0.5842;0.0023;187914;188162;172.781;0;101;-0.017;0.532;72769179;0.0493;0.0002;0.5842;0.0023;0.693;39.265;0.19;5.07;1.045;388.847;389.36;1;-1;0;0;0;0;0;0;0;0;0;-1;0.00000000;0.00000000;0.00000000;0.00000000;0.00000000;0.00000000;0.00000000;
72769246;11.8;30.8;0;0;0;-75.2;4.35;0.27;0.02;4.14;5037;0.082;0.0493;0.0002;0.5842;0.0023;187931;188179;102.618;0;101;-0.023;0.529;72769213;0.0493;0.0002;0.5842;0.0023;0.693;39.267;0.59;6.29;1.038;388.88;389.394;1;-1;0;0;0;0;0;0;0;0;0;-1;0.00000000;0.00000000;0.00000000;0.00000000;0.00000000;0.00000000;0.00000000;
72769280;11.8;30.8;0;0;0;-75.3;4;0.25;-0.05;3.87;5041;0.081;0.0493;0.0002;0.5843;0.0023;187948;188196;57.7722;0;101;-0.022;0.523;72769246;0.0493;0.0002;0.5842;0.0023;0.693;39.269;0.25;2.67;1.042;388.916;389.429;1;-1;0;0;0;0;0;0;0;0;0;-1;0.00000000;0.00000000;0.00000000;0.00000000;0.00000000;0.00000000;0.00000000;
72769312;11.8;30.8;0;0;0;-75.2;5.52;0.37;0.05;5.43;5010;0.084;0.0494;0.0002;0.5843;0.0023;187965;188213;310.383;0;101;-0.015;0.537;72769280;0.0493;0.0002;0.5843;0.0023;0.693;39.272;0.45;4.96;1.043;388.953;389.466;1;-1;0;0;0;0;0;0;0;0;0;-1;0.00000000;0.00000000;0.00000000;0.00000000;0.00000000;0.00000000;0.00000000;
72769347;11.8;30.8;0;0;0;-74.9;4.21;0.26;0;3.97;5034;0.08;0.0494;0.0002;0.5843;0.0023;187981;188229;210.848;0;101;-0.024;0.527;72769313;0.0494;0.0002;0.5843;0.0023;0.693;39.275;0.25;6.19;1.036;388.986;389.499;1;-1;0;0;0;0;0;0;0;0;0;-1;0.00000000;0.00000000;0.00000000;0.00000000;0.00000000;0.00000000;0.00000000;
72769379;11.8;30.8;0;0;0;-74.6;4.06;0.25;-0.01;3.93;5030;0.084;0.0494;0.0002;0.5843;0.0023;187998;188246;167.983;0;101;-0.021;0.523;72769348;0.0494;0.0002;0.5843;0.0023;0.693;39.277;0.07;2.11;1.042;389.019;389.532;1;-1;0;0;0;0;0;0;0;0;0;-1;0.00000000;0.00000000;0.00000000;0.00000000;0.00000000;0.00000000;0.00000000;
72769423;11.8;30.8;0;0;0;-74.5;4.29;0.27;0.03;4.12;5040;0.082;0.0494;0.0002;0.5844;0.0023;188014;188262;32.9666;0;101;-0.022;0.526;72769380;0.0494;0.0002;0.5843;0.0023;0.693;39.28;0.42;4.82;1.041;389.054;389.567;1;-1;0;0;0;0;0;0;0;0;0;-1;0.00000000;0.00000000;0.00000000;0.00000000;0.00000000;0.00000000;0.00000000;
72769455;11.8;30.8;0;0;0;-74.8;3.83;0.24;-0.06;3.66;5047;0.081;0.0494;0.0002;0.5844;0.0023;188030;188278;288.836;0;101;-0.021;0.522;72769424;0.0494;0.0002;0.5844;0.0023;0.693;39.282;0.09;2.79;1.043;389.087;389.601;1;-1;0;0;0;0;0;0;0;0;0;-1;0.00000000;0.00000000;0.00000000;0.00000000;0.00000000;0.00000000;0.00000000;
72769486;11.8;30.8;0;0;0;-74.9;4.1;0.26;0.06;3.95;5043;0.084;0.0494;0.0002;0.5844;0.0023;188046;188294;159.184;0;101;-0.021;0.523;72769456;0.0494;0.0002;0.5844;0.0023;0.693;39.285;0.36;3.73;1.044;389.12;389.634;1;-1;0;0;0;0;0;0;0;0;0;-1;0.00000000;0.00000000;0.00000000;0.00000000;0.00000000;0.00000000;0.00000000;
72769518;11.8;30.8;0;0;0;-74.9;3.97;0.25;-0.01;3.82;5049;0.08;0.0494;0.0002;0.5845;0.0023;188063;188311;74.5814;0;101;-0.021;0.523;72769487;0.0494;0.0002;0.5844;0.0023;0.694;39.288;0.26;3.49;1.043;389.154;389.667;1;-1;0;0;0;0;0;0;0;0;0;-1;0.00000000;0.00000000;0.00000000;0.00000000;0.00000000;0.00000000;0.00000000;
72769551;11.8;30.9;0;0;0;-74.8;3.76;0.23;0;3.6;5048;0.08;0.0494;0.0002;0.5845;0.0023;188079;188327;315.349;0;101;-0.021;0.52;72769520;0.0494;0.0002;0.5845;0.0023;0.694;39.29;0.06;4.2;1.045;389.189;389.702;1;-1;0;0;0;0;0;0;0;0;0;-1;0.00000000;0.00000000;0.00000000;0.00000000;0.00000000;0.00000000;0.00000000;
72769581;11.8;30.9;0;0;0;-75;5.52;0.36;-0.05;5.43;5000;0.088;0.0494;0.0002;0.5845;0.0023;188094;188342;144.487;0;101;-0.012;0.534;72769551;0.0494;0.0002;0.5845;0.0023;0.694;39.292;0.13;4.99;1.044;389.222;389.735;1;-1;0;0;0;0;0;0;0;0;0;-1;0.00000000;0.00000000;0.00000000;0.00000000;0.00000000;0.00000000;0.00000000;
72769611;11.8;30.9;0;0;0;-75.1;5.15;0.33;0.03;4.95;5009;0.084;0.0494;0.0002;0.5846;0.0023;188108;188356;291.709;0;101;-0.02;0.539;72769582;0.0494;0.0002;0.5845;0.0023;0.694;39.294;0.29;6.85;1.034;389.253;389.766;1;-1;0;0;0;0;0;0;0;0;0;-1;0.00000000;0.00000000;0.00000000;0.00000000;0.00000000;0.00000000;0.00000000;
72769644;11.8;30.9;0;0;0;-75;3.99;0.25;0;3.81;5030;0.083;0.0494;0.0002;0.5846;0.0023;188125;188373;225.455;0;101;-0.023;0.524;72769611;0.0494;0.0002;0.5846;0.0023;0.694;39.295;0.47;4.95;1.036;389.282;389.795;1;-1;0;0;0;0;0;0;0;0;0;-1;0.00000000;0.00000000;0.00000000;0.00000000;0.00000000;0.00000000;0.00000000;
72769677;11.8;30.9;0;0;0;-74.8;3.9;0.24;-0.03;3.75;5038;0.082;0.0494;0.0002;0.5846;0.0023;188141;188389;119.805;0;101;-0.02;0.522;72769645;0.0494;0.0002;0.5846;0.0023;0.694;39.297;0.35;4.19;1.041;389.317;389.83;1;-1;0;0;0;0;0;0;0;0;0;-1;0.00000000;0.00000000;0.00000000;0.00000000;0.00000000;0.00000000;0.00000000;
72769710;11.8;30.9;0;0;0;-75.1;4.25;0.26;0.06;4.08;5040;0.081;0.0494;0.0002;0.5846;0.0023;188159;188407;79.5593;0;101;-0.021;0.525;72769678;0.0494;0.0002;0.5846;0.0023;0.694;39.298;0.38;4.98;1.042;389.352;389.865;1;-1;0;0;0;0;0;0;0;0;0;-1;0.00000000;0.00000000;0.00000000;0.00000000;0.00000000;0.00000000;0.00000000;
72769744;11.8;30.9;0;0;0;-75.2;4.42;0.28;0.01;4.27;5032;0.082;0.0494;0.0002;0.5847;0.0023;188175;188423;322.615;0;101;-0.021;0.525;72769711;0.0494;0.0002;0.5846;0.0023;0.694;39.299;0.06;3.82;1.043;389.387;389.901;1;-1;0;0;0;0;0;0;0;0;0;-1;0.00000000;0.00000000;0.00000000;0.00000000;0.00000000;0.00000000;0.00000000;
72769778;11.8;30.9;0;0;0;-75.1;4;0.25;-0.04;3.82;5038;0.082;0.0494;0.0002;0.5847;0.0023;188192;188440;286.667;0;101;-0.022;0.522;72769744;0.0494;0.0002;0.5847;0.0023;0.694;39.3;0.11;4.08;1.041;389.421;389.934;1;-1;0;0;0;0;0;0;0;0;0;-1;0.00000000;0.00000000;0.00000000;0.00000000;0.00000000;0.00000000;0.00000000;
72769811;11.8;30.9;0;0;0;-75.4;3.85;0.24;-0.02;3.71;5045;0.079;0.0494;0.0002;0.5847;0.0023;188209;188457;182.315;0;101;-0.022;0.521;72769778;0.0494;0.0002;0.5847;0.0023;0.694;39.301;0.37;3.81;1.042;389.456;389.969;1;-1;0;0;0;0;0;0;0;0;0;-1;0.00000000;0.00000000;0.00000000;0.00000000;0.00000000;0.00000000;0.00000000;
72769844;11.8;30.9;0;0;0;-75;5.5;0.36;0;5.41;5001;0.083;0.0494;0.0002;0.5848;0.0023;188226;188474;126.353;0;101;-0.013;0.535;72769811;0.0494;0.0002;0.5847;0.0023;0.694;39.301;0.33;4.71;1.043;389.491;390.004;1;-1;0;0;0;0;0;0;0;0;0;-1;0.00000000;0.00000000;0.00000000;0.00000000;0.00000000;0.00000000;0.00000000;
72769877;11.8;30.9;0;0;0;-75.1;4.35;0.27;0.04;4.15;5021;0.082;0.0494;0.0002;0.5848;0.0023;188242;188490;13.5442;0;101;-0.023;0.528;72769845;0.0494;0.0002;0.5848;0.0023;0.694;39.302;0.46;6.98;1.035;389.526;390.039;1;-1;0;0;0;0;0;0;0;0;0;-1;0.00000000;0.00000000;0.00000000;0.00000000;0.00000000;0.00000000;0.00000000;
72769912;11.8;30.9;0;0;0;-75.3;3.55;0.21;0.02;3.32;5044;0.082;0.0494;0.0002;0.5848;0.0023;188259;188507;328.714;0;101;-0.022;0.521;72769877;0.0494;0.0002;0.5848;0.0023;0.694;39.302;0.12;4.32;1.039;389.559;390.072;1;-1;0;0;0;0;0;0;0;0;0;-1;0.00000000;0.00000000;0.00000000;0.00000000;0.00000000;0.00000000;0.00000000;
72769930;11.8;30.9;0;0;0;-75.4;3.96;0.25;-0.01;3.83;5039;0.082;0.0494;0.0002;0.5848;0.0023;188276;188524;257.628;0;101;-0.02;0.521;72769913;0.0494;0.0002;0.5848;0.0023;0.694;39.303;0.15;2.8;1.044;389.594;390.108;1;-1;0;0;0;0;0;0;0;0;0;-1;0.00000000;0.00000000;0.00000000;0.00000000;0.00000000;0.00000000;0.00000000;
72769962;11.8;30.9;0;0;0;-75.6;4.94;0.32;-0.05;4.8;5021;0.081;0.0494;0.0002;0.5849;0.0023;188291;188539;117.298;0;101;-0.019;0.53;72769931;0.0494;0.0002;0.5848;0.0023;0.694;39.304;0.12;4.73;1.043;389.63;390.143;1;-1;0;0;0;0;0;0;0;0;0;-1;0.00000000;0.00000000;0.00000000;0.00000000;0.00000000;0.00000000;0.00000000;
72769995;11.8;30.9;0;0;0;-75.6;4.42;0.28;0;4.28;5025;0.081;0.0494;0.0002;0.5849;0.0023;188308;188556;59.0366;0;101;-0.023;0.526;72769963;0.0494;0.0002;0.5849;0.0023;0.694;39.305;0.45;5.24;1.039;389.663;390.176;1;-1;0;0;0;0;0;0;0;0;0;-1;0.00000000;0.00000000;0.00000000;0.00000000;0.00000000;0.00000000;0.00000000;
72770028;11.8;30.9;0;0;0;-75.6;3.99;0.25;0.03;3.8;5040;0.082;0.0494;0.0002;0.5849;0.0023;188325;188573;349.232;0;101;-0.023;0.524;72769996;0.0494;0.0002;0.5849;0.0023;0.694;39.306;0.42;5.23;1.039;389.698;390.211;1;-1;0;0;0;0;0;0;0;0;0;-1;0.00000000;0.00000000;0.00000000;0.00000000;0.00000000;0.00000000;0.00000000;
72770063;11.8;30.9;0;0;0;-75.4;3.7;0.22;-0.04;3.52;5049;0.078;0.0494;0.0002;0.585;0.0023;188343;188591;300.247;0;101;-0.02;0.519;72770029;0.0494;0.0002;0.5849;0.0023;0.694;39.307;0.36;4.05;1.043;389.731;390.244;1;-1;0;0;0;0;0;0;0;0;0;-1;0.00000000;0.00000000;0.00000000;0.00000000;0.00000000;0.00000000;0.00000000;
72770096;11.8;30.9;0;0;0;-75.4;5.59;0.37;0.03;5.52;5002;0.084;0.0494;0.0002;0.585;0.0023;188359;188607;183.398;0;101;-0.013;0.536;72770063;0.0494;0.0002;0.585;0.0023;0.694;39.308;0.32;3.99;1.044;389.768;390.281;1;-1;0;0;0;0;0;0;0;0;0;-1;0.00000000;0.00000000;0.00000000;0.00000000;0.00000000;0.00000000;0.00000000;
72770115;11.8;30.9;0;0;0;-75.4;4.35;0.27;-0.06;4.15;5012;0.082;0.0494;0.0002;0.585;0.0023;188368;188616;57.9508;0;101;-0.023;0.527;72770096;0.0494;0.0002;0.585;0.0023;0.694;39.308;0.37;6.95;1.035;389.801;390.315;1;-1;0;0;0;0;0;0;0;0;0;-1;0.00000000;0.00000000;0.00000000;0.00000000;0.00000000;0.00000000;0.00000000;
72770147;11.8;30.9;0;0;0;-75.2;4.16;0.26;0.03;3.97;5034;0.081;0.0494;0.0002;0.585;0.0023;188384;188632;299.623;0;101;-0.022;0.527;72770116;0.0494;0.0002;0.585;0.0023;0.694;39.309;0.54;6.17;1.037;389.822;390.335;1;-1;0;0;0;0;0;0;0;0;0;-1;0.00000000;0.00000000;0.00000000;0.00000000;0.00000000;0.00000000;0.00000000;
72770179;11.8;30.9;0;0;0;-75.4;3.47;0.21;0.03;3.25;5047;0.08;0.0494;0.0002;0.5851;0.0023;188401;188649;210.425;0;101;-0.022;0.518;72770148;0.0494;0.0002;0.585;0.0023;0.694;39.31;0.38;4.23;1.041;389.855;390.368;1;-1;0;0;0;0;0;0;0;0;0;-1;0.00000000;0.00000000;0.00000000;0.00000000;0.00000000;0.00000000;0.00000000;
72770212;11.8;30.9;0;0;0;-75.2;3.88;0.24;-0.07;3.75;5037;0.081;0.0494;0.0002;0.5851;0.0023;188417;188665;118.05;0;101;-0.019;0.52;72770179;0.0494;0.0002;0.5851;0.0023;0.694;39.312;0.08;2.38;1.044;389.888;390.401;1;-1;0;0;0;0;0;0;0;0;0;-1;0.00000000;0.00000000;0.00000000;0.00000000;0.00000000;0.00000000;0.00000000;
72770246;11.8;30.9;0;0;0;-75.4;4.26;0.27;0;4.11;5035;0.08;0.0494;0.0002;0.5851;0.0023;188434;188682;56.695;0;101;-0.02;0.524;72770213;0.0494;0.0002;0.5851;0.0023;0.694;39.313;0.42;4.97;1.042;389.923;390.437;1;-1;0;0;0;0;0;0;0;0;0;-1;0.00000000;0.00000000;0.00000000;0.00000000;0.00000000;0.00000000;0.00000000;
72770279;11.8;30.9;0;0;0;-75.5;4.56;0.29;0.02;4.44;5023;0.08;0.0494;0.0002;0.5852;0.0023;188451;188699;302.894;0;101;-0.021;0.526;72770247;0.0494;0.0002;0.5851;0.0023;0.694;39.315;0.45;5.04;1.042;389.959;390.472;1;-1;0;0;0;0;0;0;0;0;0;-1;0.00000000;0.00000000;0.00000000;0.00000000;0.00000000;0.00000000;0.00000000;
72770313;11.8;30.9;0;0;0;-75.4;4.14;0.25;0.02;3.94;5030;0.082;0.0494;0.0002;0.5852;0.0023;188468;188716;279.87;0;101;-0.022;0.524;72770280;0.0494;0.0002;0.5852;0.0023;0.694;39.316;0.37;5.3;1.039;389.992;390.505;1;-1;0;0;0;0;0;0;0;0;0;-1;0.00000000;0.00000000;0.00000000;0.00000000;0.00000000;0.00000000;0.00000000;
72770347;11.8;31;0;0;0;-75.4;4.74;0.31;0.02;4.67;5004;0.082;0.0494;0.0002;0.5852;0.0023;188485;188733;198.129;0;101;-0.018;0.526;72770314;0.0494;0.0002;0.5852;0.0023;0.694;39.317;0.21;2.71;1.041;390.027;390.54;1;-1;0;0;0;0;0;0;0;0;0;-1;0.00000000;0.00000000;0.00000000;0.00000000;0.00000000;0.00000000;0.00000000;
72770365;11.8;31;0;0;0;-75.2;5.95;0.39;0;5.7;5004;0.084;0.0494;0.0002;0.5852;0.0023;188494;188742;36.6573;0;101;-0.016;0.546;72770348;0.0494;0.0002;0.5852;0.0023;0.694;39.318;0.26;5.97;1.035;390.062;390.575;1;-1;0;0;0;0;0;0;0;0;0;-1;0.00000000;0.00000000;0.00000000;0.00000000;0.00000000;0.00000000;0.00000000;
72770396;11.8;31;0;0;0;-75.3;4;0.25;-0.03;3.81;5025;0.081;0.0494;0.0002;0.5853;0.0023;188510;188758;277.985;0;101;-0.023;0.523;72770366;0.0494;0.0002;0.5852;0.0023;0.694;39.319;0.1;2.73;1.035;390.081;390.594;1;-1;0;0;0;0;0;0;0;0;0;-1;0.00000000;0.00000000;0.00000000;0.00000000;0.00000000;0.00000000;0.00000000;
72770429;11.8;31;0;0;0;-75;3.97;0.25;0;3.87;5032;0.08;0.0494;0.0002;0.5853;0.0023;188527;188775;193.905;0;101;-0.022;0.522;72770397;0.0494;0.0002;0.5853;0.0023;0.694;39.32;0.16;1.99;1.039;390.114;390.627;1;-1;0;0;0;0;0;0;0;0;0;-1;0.00000000;0.00000000;0.00000000;0.00000000;0.00000000;0.00000000;0.00000000;
72770462;11.8;31;0;0;0;-74.5;4.54;0.29;-0.04;4.38;5026;0.081;0.0494;0.0002;0.5853;0.0023;188543;188791;114.875;0;101;-0.021;0.527;72770430;0.0494;0.0002;0.5853;0.0023;0.694;39.322;0.2;4.72;1.041;390.149;390.662;1;-1;0;0;0;0;0;0;0;0;0;-1;0.00000000;0.00000000;0.00000000;0.00000000;0.00000000;0.00000000;0.00000000;
72770497;11.8;31;0;0;0;-74.8;4.13;0.26;0.01;3.96;5030;0.082;0.0494;0.0002;0.5854;0.0023;188560;188808;48.4272;0;101;-0.023;0.523;72770463;0.0494;0.0002;0.5853;0.0023;0.694;39.323;0.42;4.73;1.04;390.184;390.697;1;-1;0;0;0;0;0;0;0;0;0;-1;0.00000000;0.00000000;0.00000000;0.00000000;0.00000000;0.00000000;0.00000000;
72770530;11.8;31;0;0;0;-74.8;3.88;0.24;0;3.72;5039;0.08;0.0494;0.0002;0.5854;0.0023;188577;188825;353.174;0;101;-0.022;0.522;72770497;0.0494;0.0002;0.5854;0.0023;0.694;39.325;0.38;4.18;1.041;390.217;390.73;1;-1;0;0;0;0;0;0;0;0;0;-1;0.00000000;0.00000000;0.00000000;0.00000000;0.00000000;0.00000000;0.00000000;
72770569;11.8;31;0;0;0;-74.7;3.91;0.24;0.04;3.74;5039;0.082;0.0494;0.0002;0.5854;0.0023;188597;188845;86.499;0;101;-0.021;0.52;72770531;0.0494;0.0002;0.5854;0.0023;0.694;39.327;0.35;4.38;1.042;390.252;390.766;1;-1;0;0;0;0;0;0;0;0;0;-1;0.00000000;0.00000000;0.00000000;0.00000000;0.00000000;0.00000000;0.00000000;
72770587;11.8;31;0;0;0;-74.9;3.84;0.24;-0.1;3.72;5040;0.079;0.0494;0.0002;0.5854;0.0023;188606;188854;246.452;0;101;-0.02;0.52;72770569;0.0494;0.0002;0.5854;0.0023;0.694;39.329;0.13;3.44;1.042;390.294;390.807;1;-1;0;0;0;0;0;0;0;0;0;-1;0.00000000;0.00000000;0.00000000;0.00000000;0.00000000;0.00000000;0.00000000;
72770633;11.8;31;0;0;0;-75.2;4.4;0.28;0.01;4.23;5035;0.082;0.0495;0.0002;0.5855;0.0023;188628;188876;171.664;0;101;-0.019;0.526;72770588;0.0494;0.0002;0.5854;0.0023;0.694;39.33;0.3;5.16;1.043;390.312;390.826;1;-1;0;0;0;0;0;0;0;0;0;-1;0.00000000;0.00000000;0.00000000;0.00000000;0.00000000;0.00000000;0.00000000;
72770644;11.8;31;0;0;0;-75.2;4.34;0.28;0.11;4.24;5035;0.081;0.0495;0.0002;0.5855;0.0023;188635;188883;196.14;0;101;-0.021;0.527;72770634;0.0495;0.0002;0.5855;0.0023;0.694;39.333;0.4;4.44;1.042;390.358;390.871;1;-1;0;0;0;0;0;0;0;0;0;-1;0.00000000;0.00000000;0.00000000;0.00000000;0.00000000;0.00000000;0.00000000;
72770676;11.8;31;0;0;0;-75;3.95;0.24;-0.01;3.79;5038;0.079;0.0495;0.0002;0.5855;0.0023;188651;188899;76.4716;0;101;-0.021;0.521;72770645;0.0495;0.0002;0.5855;0.0023;0.694;39.334;0.13;4.56;1.042;390.372;390.886;1;-1;0;0;0;0;0;0;0;0;0;-1;0.00000000;0.00000000;0.00000000;0.00000000;0.00000000;0.00000000;0.00000000;
72770710;11.8;31;0;0;0;-74.9;3.89;0.24;-0.02;3.71;5036;0.082;0.0495;0.0002;0.5855;0.0023;188668;188916;45.3076;0;101;-0.022;0.52;72770676;0.0495;0.0002;0.5855;0.0023;0.694;39.336;0.06;4.26;1.042;390.406;390.919;1;-1;0;0;0;0;0;0;0;0;0;-1;0.00000000;0.00000000;0.00000000;0.00000000;0.00000000;0.00000000;0.00000000;
72770739;11.8;31;0;0;0;-74.7;5.01;0.32;0.01;4.92;5002;0.085;0.0495;0.0002;0.5856;0.0023;188682;188930;153.798;0;101;-0.017;0.528;72770711;0.0495;0.0002;0.5855;0.0023;0.694;39.338;0.36;3.98;1.042;390.441;390.954;1;-1;0;0;0;0;0;0;0;0;0;-1;0.00000000;0.00000000;0.00000000;0.00000000;0.00000000;0.00000000;0.00000000;
72770773;11.8;31;0;0;0;-74.6;5.31;0.35;0.01;5.14;5005;0.082;0.0495;0.0002;0.5856;0.0023;188699;188947;102.651;0;101;-0.02;0.537;72770739;0.0495;0.0002;0.5856;0.0023;0.694;39.34;0.31;4.96;1.035;390.47;390.983;1;-1;0;0;0;0;0;0;0;0;0;-1;0.00000000;0.00000000;0.00000000;0.00000000;0.00000000;0.00000000;0.00000000;
72770802;11.8;31;0;0;0;-74.6;3.85;0.24;-0.04;3.69;5020;0.08;0.0495;0.0002;0.5856;0.0023;188714;188962;292.713;0;101;-0.022;0.521;72770774;0.0495;0.0002;0.5856;0.0023;0.694;39.342;0.33;3.27;1.035;390.505;391.018;1;-1;0;0;0;0;0;0;0;0;0;-1;0.00000000;0.00000000;0.00000000;0.00000000;0.00000000;0.00000000;0.00000000;
72770835;11.8;31;0;0;0;-74.7;4.07;0.26;0.04;3.96;5024;0.082;0.0495;0.0002;0.5857;0.0023;188731;188979;190.856;0;101;-0.022;0.523;72770803;0.0495;0.0002;0.5856;0.0023;0.695;39.344;0.36;3.81;1.038;390.536;391.049;1;-1;0;0;0;0;0;0;0;0;0;-1;0.00000000;0.00000000;0.00000000;0.00000000;0.00000000;0.00000000;0.00000000;
72770869;11.8;31;0;0;0;-74.6;5.17;0.33;0;5.01;5005;0.084;0.0495;0.0002;0.5857;0.0023;188747;188995;91.957;0;101;-0.018;0.532;72770836;0.0495;0.0002;0.5857;0.0023;0.695;39.346;0.28;5.46;1.039;390.571;391.084;1;-1;0;0;0;0;0;0;0;0;0;-1;0.00000000;0.00000000;0.00000000;0.00000000;0.00000000;0.00000000;0.00000000;
72770897;11.8;31;0;0;0;-74.6;3.99;0.25;-0.02;3.8;5023;0.082;0.0495;0.0002;0.5857;0.0023;188761;189009;222.703;0;101;-0.022;0.524;72770870;0.0495;0.0002;0.5857;0.0023;0.695;39.348;0.21;3.92;1.035;390.604;391.117;1;-1;0;0;0;0;0;0;0;0;0;-1;0.00000000;0.00000000;0.00000000;0.00000000;0.00000000;0.00000000;0.00000000;
72770929;11.8;31;0;0;0;-74.6;4.09;0.26;0;3.97;5024;0.082;0.0495;0.0002;0.5857;0.0023;188778;189026;130.052;0;101;-0.019;0.524;72770897;0.0495;0.0002;0.5857;0.0023;0.695;39.35;0.3;3.7;1.039;390.633;391.146;1;-1;0;0;0;0;0;0;0;0;0;-1;0.00000000;0.00000000;0.00000000;0.00000000;0.00000000;0.00000000;0.00000000;
72770963;11.8;31;0;0;0;-74.7;4.07;0.25;0.03;3.87;5035;0.08;0.0495;0.0002;0.5858;0.0023;188795;189043;77.9733;0;101;-0.021;0.524;72770930;0.0495;0.0002;0.5857;0.0023;0.695;39.353;0.27;5.66;1.039;390.668;391.182;1;-1;0;0;0;0;0;0;0;0;0;-1;0.00000000;0.00000000;0.00000000;0.00000000;0.00000000;0.00000000;0.00000000;
72770995;11.8;31;0;0;0;-75;3.89;0.24;-0.03;3.72;5030;0.082;0.0495;0.0002;0.5858;0.0023;188811;189059;348.298;0;101;-0.021;0.52;72770963;0.0495;0.0002;0.5858;0.0023;0.695;39.355;0.02;3.67;1.042;390.704;391.217;1;-1;0;0;0;0;0;0;0;0;0;-1;0.00000000;0.00000000;0.00000000;0.00000000;0.00000000;0.00000000;0.00000000;
72771030;11.8;31;0;0;0;-74.9;4.14;0.26;-0.01;4;5034;0.08;0.0495;0.0002;0.5858;0.0023;188829;189077;305.503;0;101;-0.02;0.524;72770996;0.0495;0.0002;0.5858;0.0023;0.695;39.358;0.4;4.8;1.041;390.737;391.25;1;-1;0;0;0;0;0;0;0;0;0;-1;0.00000000;0.00000000;0.00000000;0.00000000;0.00000000;0.00000000;0.00000000;
72771062;11.8;31;0;0;0;-74.9;3.88;0.24;0.01;3.69;5040;0.078;0.0495;0.0002;0.5859;0.0023;188845;189093;194.914;0;101;-0.021;0.521;72771030;0.0495;0.0002;0.5858;0.0023;0.695;39.36;0.34;4.73;1.041;390.774;391.287;1;-1;0;0;0;0;0;0;0;0;0;-1;0.00000000;0.00000000;0.00000000;0.00000000;0.00000000;0.00000000;0.00000000;
72771095;11.8;31.1;0;0;0;-75.1;3.94;0.24;0;3.8;5035;0.08;0.0495;0.0002;0.5859;0.0023;188862;189110;128.096;0;101;-0.02;0.521;72771062;0.0495;0.0002;0.5859;0.0023;0.695;39.362;0.05;3.69;1.043;390.807;391.32;1;-1;0;0;0;0;0;0;0;0;0;-1;0.00000000;0.00000000;0.00000000;0.00000000;0.00000000;0.00000000;0.00000000;
72771129;11.8;31.1;0;0;0;-75;5.65;0.37;0.04;5.49;5006;0.082;0.0495;0.0002;0.5859;0.0023;188878;189126;33.9362;0;101;-0.014;0.539;72771096;0.0495;0.0002;0.5859;0.0023;0.695;39.365;0.27;5.05;1.041;390.842;391.355;1;-1;0;0;0;0;0;0;0;0;0;-1;0.00000000;0.00000000;0.00000000;0.00000000;0.00000000;0.00000000;0.00000000;
72771146;11.8;31.1;0;0;0;-74.9;4.45;0.28;0.01;4.35;5003;0.084;0.0495;0.0002;0.5859;0.0023;188887;189135;211.097;0;101;-0.022;0.524;72771130;0.0495;0.0002;0.5859;0.0023;0.695;39.367;0.16;2.78;1.036;390.875;391.389;1;-1;0;0;0;0;0;0;0;0;0;-1;0.00000000;0.00000000;0.00000000;0.00000000;0.00000000;0.00000000;0.00000000;
72771194;11.8;31.1;0;0;0;-75;4.03;0.25;-0.04;3.88;5022;0.079;0.0495;0.0002;0.586;0.0023;188905;189153;186.345;0;101;-0.023;0.523;72771147;0.0495;0.0002;0.5859;0.0023;0.695;39.368;0.18;4.05;1.035;390.894;391.407;1;-1;0;0;0;0;0;0;0;0;0;-1;0.00000000;0.00000000;0.00000000;0.00000000;0.00000000;0.00000000;0.00000000;
72771212;11.8;31.1;0;0;0;-75;3.81;0.23;0.02;3.62;5028;0.082;0.0495;0.0002;0.586;0.0023;188920;189168;33.0396;0;101;-0.021;0.52;72771195;0.0495;0.0002;0.586;0.0023;0.695;39.371;0.26;4.72;1.039;390.931;391.444;1;-1;0;0;0;0;0;0;0;0;0;-1;0.00000000;0.00000000;0.00000000;0.00000000;0.00000000;0.00000000;0.00000000;
72771247;11.8;31.1;0;0;0;-76.1;4.4;0.28;-0.04;4.27;5027;0.079;0.0495;0.0002;0.586;0.0023;188938;189186;4.53317;0;101;-0.021;0.526;72771212;0.0495;0.0002;0.586;0.0023;0.695;39.374;0.16;3.36;1.04;390.962;391.475;1;-1;0;0;0;0;0;0;0;0;0;-1;0.00000000;0.00000000;0.00000000;0.00000000;0.00000000;0.00000000;0.00000000;
72771293;11.8;31.1;0;0;0;-76.1;4.26;0.27;0.04;4.11;5019;0.082;0.0495;0.0002;0.5861;0.0023;188954;189202;259.048;0;101;-0.021;0.522;72771248;0.0495;0.0002;0.586;0.0023;0.695;39.376;0.3;4.68;1.04;390.999;391.513;1;-1;0;0;0;0;0;0;0;0;0;-1;0.00000000;0.00000000;0.00000000;0.00000000;0.00000000;0.00000000;0.00000000;
72771313;11.8;31.1;0;0;0;-75.9;0.06;0;0;0.03;4661;0.048;0.0495;0.0002;0.5861;0.0023;188968;189220;6.13739;0;101;-0.01;0.392;72771293;0.0495;0.0002;0.5861;0.0023;0.695;39.379;0.14;4.54;1.038;391.033;391.546;1;-1;0;0;0;0;0;0;0;0;0;-1;0.00000000;0.00000000;0.00000000;0.00000000;0.00000000;0.00000000;0.00000000;
72771349;11.8;31.1;0;0;0;-75.8;0;0;0;0;4824;0.063;0.0495;0.0002;0.5861;0.0023;188985;189237;351.229;0;101;-0.011;0.476;72771313;0.0495;0.0002;0.5861;0.0023;0.695;39.381;0;0;0.964;391.062;391.583;1;-1;0;0;0;0;0;0;0;0;0;-1;0.00000000;0.00000000;0.00000000;0.00000000;0.00000000;0.00000000;0.00000000;
72771363;11.8;31.1;0;0;0;-75.9;0;0;0;0;4671;0.046;0.0495;0.0002;0.5861;0.0023;188992;189244;1.55252;0;101;-0.004;0.385;72771349;0.0495;0.0002;0.5861;0.0023;0.695;39.384;0;0;0.998;391.097;391.618;1;-1;0;0;0;0;0;0;0;0;0;-1;0.00000000;0.00000000;0.00000000;0.00000000;0.00000000;0.00000000;0.00000000;
72771397;11.8;31.1;0;0;0;-75.3;0;0;0;0;4428;0.052;0.0495;0.0002;0.5861;0.0023;189005;189257;106.003;0;101;-0.004;0.383;72771363;0.0495;0.0002;0.5861;0.0023;0.695;39.385;0;0;0.966;391.111;391.633;1;-1;0;0;0;0;0;0;0;0;0;-1;0.00000000;0.00000000;0.00000000;0.00000000;0.00000000;0.00000000;0.00000000;
72771428;11.8;31.1;0;0;0;-75.3;0;0;0;0;4178;0.056;0.0495;0.0002;0.5861;0.0023;189017;189269;104.689;0;101;-0.004;0.354;72771398;0.0495;0.0002;0.5861;0.0023;0.695;39.388;0;0;0.916;391.138;391.66;1;-1;0;0;0;0;0;0;0;0;0;-1;0.00000000;0.00000000;0.00000000;0.00000000;0.00000000;0.00000000;0.00000000;
72771462;11.8;31.1;0;0;0;-75.7;0;0;0;0;3977;0.048;0.0495;0.0002;0.5861;0.0023;189030;189282;131.196;0;101;-0.003;0.348;72771429;0.0495;0.0002;0.5861;0.0023;0.695;39.39;0;0;0.864;391.163;391.684;1;-1;0;0;0;0;0;0;0;0;0;-1;0.00000000;0.00000000;0.00000000;0.00000000;0.00000000;0.00000000;0.00000000;
72771496;11.8;31.1;0;0;0;-75.6;0;0;0;0;3693;0.039;0.0495;0.0002;0.5861;0.0023;189041;189293;68.4579;0;101;-0.001;0.309;72771463;0.0495;0.0002;0.5861;0.0023;0.695;39.392;0;0;0.822;391.19;391.711;1;-1;0;0;0;0;0;0;0;0;0;-1;0.00000000;0.00000000;0.00000000;0.00000000;0.00000000;0.00000000;0.00000000;
72771529;11.8;31.1;0;0;0;-75.6;0;0;0;0;3472;0.045;0.0495;0.0002;0.5861;0.0023;189051;189303;343.269;0;101;-0.003;0.296;72771497;0.0495;0.0002;0.5861;0.0023;0.695;39.394;0;0;0.764;391.213;391.734;1;-1;0;0;0;0;0;0;0;0;0;-1;0.00000000;0.00000000;0.00000000;0.00000000;0.00000000;0.00000000;0.00000000;
72771563;11.8;31.1;0;0;0;-75.6;0;0;0;0;3244;0.041;0.0495;0.0002;0.5861;0.0023;189061;189313;219.258;0;101;-0.002;0.276;72771530;0.0495;0.0002;0.5861;0.0023;0.695;39.395;0;0;0.718;391.233;391.755;1;-1;0;0;0;0;0;0;0;0;0;-1;0.00000000;0.00000000;0.00000000;0.00000000;0.00000000;0.00000000;0.00000000;
72771583;11.8;31.1;0;0;0;-75.5;0;0;0;0;3104;0.034;0.0495;0.0002;0.5861;0.0023;189066;189318;170.021;0;101;0.003;0.257;72771564;0.0495;0.0002;0.5861;0.0023;0.695;39.396;0;0;0.671;391.254;391.776;1;-1;0;0;0;0;0;0;0;0;0;-1;0.00000000;0.00000000;0.00000000;0.00000000;0.00000000;0.00000000;0.00000000;
72771614;11.8;31.1;0;0;0;-75.1;0;0;0;0;2898;0.038;0.0495;0.0002;0.5861;0.0023;189074;189326;279.825;0;101;-0.001;0.238;72771583;0.0495;0.0002;0.5861;0.0023;0.695;39.397;0;0;0.642;391.264;391.786;1;-1;0;0;0;0;0;0;0;0;0;-1;0.00000000;0.00000000;0.00000000;0.00000000;0.00000000;0.00000000;0.00000000;
72771645;11.8;31.1;0;0;0;-75;0;0;0;0;2679;0.029;0.0495;0.0002;0.5861;0.0023;189082;189334;0.791626;0;101;0.005;0.22;72771614;0.0495;0.0002;0.5861;0.0023;0.695;39.399;0;0;0.599;391.281;391.802;1;-1;0;0;0;0;0;0;0;0;0;-1;0.00000000;0.00000000;0.00000000;0.00000000;0.00000000;0.00000000;0.00000000;
72771681;11.8;31.1;0;0;0;-74.5;0;0;0;0;2495;0.028;0.0495;0.0002;0.5861;0.0023;189090;189342;130.446;0;101;0.002;0.214;72771646;0.0495;0.0002;0.5861;0.0023;0.695;39.4;0;0;0.554;391.297;391.819;1;-1;0;0;0;0;0;0;0;0;0;-1;0.00000000;0.00000000;0.00000000;0.00000000;0.00000000;0.00000000;0.00000000;
72771712;11.8;31.1;0;0;0;-74.5;0;0;0;0;2290;0.023;0.0495;0.0002;0.5861;0.0023;189096;189348;124.334;0;101;0.003;0.184;72771682;0.0495;0.0002;0.5861;0.0023;0.696;39.401;0;0;0.516;391.314;391.836;1;-1;0;0;0;0;0;0;0;0;0;-1;0.00000000;0.00000000;0.00000000;0.00000000;0.00000000;0.00000000;0.00000000;
72771747;11.8;31.1;0;0;0;-74.4;0;0;0;0;2116;0.023;0.0495;0.0002;0.5861;0.0023;189102;189354;164.022;0;101;0;0.177;72771713;0.0495;0.0002;0.5861;0.0023;0.696;39.403;0;0;0.473;391.326;391.848;1;-1;0;0;0;0;0;0;0;0;0;-1;0.00000000;0.00000000;0.00000000;0.00000000;0.00000000;0.00000000;0.00000000;
72771779;11.8;31.1;0;0;0;-74.6;0;0;0;0;1935;0.02;0.0495;0.0002;0.5861;0.0023;189108;189360;120.405;0;101;0.006;0.156;72771747;0.0495;0.0002;0.5861;0.0023;0.696;39.404;0;0;0.437;391.339;391.86;1;-1;0;0;0;0;0;0;0;0;0;-1;0.00000000;0.00000000;0.00000000;0.00000000;0.00000000;0.00000000;0.00000000;
72771813;11.8;31.1;0;0;0;-74.8;0;0;0;0;1730;0.018;0.0495;0.0002;0.5861;0.0023;189112;189364;50.6038;0;101;0.004;0.133;72771779;0.0495;0.0002;0.5861;0.0023;0.696;39.405;0;0;0.4;391.351;391.873;1;-1;0;0;0;0;0;0;0;0;0;-1;0.00000000;0.00000000;0.00000000;0.00000000;0.00000000;0.00000000;0.00000000;
72771848;11.8;31.1;0;0;0;-74.9;0;0;0;0;1540;0.015;0.0495;0.0002;0.5861;0.0023;189117;189369;323.483;0;101;0;0.116;72771813;0.0495;0.0002;0.5861;0.0023;0.696;39.407;0;0;0.357;391.36;391.881;1;-1;0;0;0;0;0;0;0;0;0;-1;0.00000000;0.00000000;0.00000000;0.00000000;0.00000000;0.00000000;0.00000000;
72771864;11.8;31.1;0;0;0;-74.9;0;0;0;0;1435;0.016;0.0495;0.0002;0.5861;0.0023;189119;189371;61.0214;0;101;0.016;0.105;72771850;0.0495;0.0002;0.5861;0.0023;0.696;39.409;0;0;0.318;391.37;391.891;1;-1;0;0;0;0;0;0;0;0;0;-1;0.00000000;0.00000000;0.00000000;0.00000000;0.00000000;0.00000000;0.00000000;
72771895;11.8;31.1;0;0;0;-74.6;0;0;0;0;1270;0.015;0.0495;0.0002;0.5861;0.0023;189122;189374;247.684;0;101;-0.005;0.089;72771864;0.0495;0.0002;0.5861;0.0023;0.696;39.41;0;0;0.296;391.374;391.896;1;-1;0;0;0;0;0;0;0;0;0;-1;0.00000000;0.00000000;0.00000000;0.00000000;0.00000000;0.00000000;0.00000000;
72771931;11.8;31.1;0;0;0;-74.3;0;0;0;0;1062;0.012;0.0495;0.0002;0.5861;0.0023;189124;189376;46.7048;0;101;0.013;0.075;72771895;0.0495;0.0002;0.5861;0.0023;0.696;39.411;0;0;0.262;391.38;391.902;1;-1;0;0;0;0;0;0;0;0;0;-1;0.00000000;0.00000000;0.00000000;0.00000000;0.00000000;0.00000000;0.00000000;
72771962;11.8;31.1;0;0;0;-74.1;0;0;0;0;401;0.006;0.0495;0.0002;0.5861;0.0023;189125;189377;109.563;0;101;0.001;0.034;72771931;0.0495;0.0002;0.5861;0.0023;0.696;39.412;0;0;0.219;391.384;391.906;1;-1;0;0;0;0;0;0;0;0;0;-1;0.00000000;0.00000000;0.00000000;0.00000000;0.00000000;0.00000000;0.00000000;
72771995;11.8;31.1;0;0;0;-74.2;0;0;0;0;-9;0;0.0495;0.0002;0.5861;0.0023;189125;189377;100.672;0;101;0;-0.003;72771962;0.0495;0.0002;0.5861;0.0023;0.696;39.414;0;0;0.083;391.386;391.908;1;-1;0;0;0;0;0;0;0;0;0;-1;0.00000000;0.00000000;0.00000000;0.00000000;0.00000000;0.00000000;0.00000000;
72772029;11.8;31.1;0;0;0;-74.1;0;0;0;0;-25;0;0.0495;0.0002;0.5861;0.0023;189125;189377;90.5526;0;101;0.001;-0.005;72771996;0.0495;0.0002;0.5861;0.0023;0.696;39.416;0;0;-0.002;391.386;391.908;1;-1;0;0;0;0;0;0;0;0;0;-1;0.00000000;0.00000000;0.00000000;0.00000000;0.00000000;0.00000000;0.00000000;
72772065;11.8;31.1;0;0;0;-74.6;0;0;0;0;-31;0;0.0495;0.0002;0.5861;0.0023;189125;189377;82.1819;0;101;0.001;-0.004;72772030;0.0495;0.0002;0.5861;0.0023;0.696;39.417;0;0;-0.005;391.386;391.908;1;-1;0;0;0;0;0;0;0;0;0;-1;0.00000000;0.00000000;0.00000000;0.00000000;0.00000000;0.00000000;0.00000000;
72772095;11.8;31.1;0;0;0;-75;0;0;0;0;-36;0;0.0495;0.0002;0.5861;0.0023;189125;189377;73.8694;0;101;0.002;-0.004;72772065;0.0495;0.0002;0.5861;0.0023;0.696;39.419;0;0;-0.006;391.386;391.908;1;-1;0;0;0;0;0;0;0;0;0;-1;0.00000000;0.00000000;0.00000000;0.00000000;0.00000000;0.00000000;0.00000000;
72772129;11.8;31.1;0;0;0;-75.2;0;0;0;0;-35;0;0.0495;0.0002;0.5861;0.0023;189125;189377;66.9796;0;101;0.003;-0.003;72772095;0.0495;0.0002;0.5861;0.0023;0.696;39.42;0;0;-0.007;391.386;391.908;1;-1;0;0;0;0;0;0;0;0;0;-1;0.00000000;0.00000000;0.00000000;0.00000000;0.00000000;0.00000000;0.00000000;
72772147;11.8;31.1;0;0;0;-75.3;0;0;0;0;-33;0;0.0495;0.0002;0.5861;0.0023;189125;189377;63.9556;0;101;0.003;-0.003;72772129;0.0495;0.0002;0.5861;0.0023;0.696;39.422;0;0;-0.007;391.386;391.908;1;-1;0;0;0;0;0;0;0;0;0;-1;0.00000000;0.00000000;0.00000000;0.00000000;0.00000000;0.00000000;0.00000000;
72772178;11.8;31.1;0;0;0;-75.1;0;0;0;0;-29;0.001;0.0495;0.0002;0.5861;0.0023;189124;189378;59.6426;0;101;0.002;-0.002;72772147;0.0495;0.0002;0.5861;0.0023;0.696;39.423;0;0;-0.006;391.386;391.908;1;-1;0;0;0;0;0;0;0;0;0;-1;0.00000000;0.00000000;0.00000000;0.00000000;0.00000000;0.00000000;0.00000000;
72772211;11.8;31.1;0;0;0;-75.1;0;0;0;0;-26;0;0.0495;0.0002;0.5861;0.0023;189124;189378;55.2398;0;101;0.003;-0.003;72772178;0.0495;0.0002;0.5861;0.0023;0.696;39.425;0;0;-0.006;391.384;391.91;1;-1;0;0;0;0;0;0;0;0;0;-1;0.00000000;0.00000000;0.00000000;0.00000000;0.00000000;0.00000000;0.00000000;
72772248;11.8;31.2;0;0;0;-75.1;0;0;0;0;-21;0;0.0495;0.0002;0.5861;0.0023;189124;189378;51.8998;0;101;0.003;-0.002;72772211;0.0495;0.0002;0.5861;0.0023;0.696;39.426;0;0;-0.005;391.384;391.91;1;-1;0;0;0;0;0;0;0;0;0;-1;0.00000000;0.00000000;0.00000000;0.00000000;0.00000000;0.00000000;0.00000000;
72772278;11.8;31.1;0;0;0;-75.2;0;0;0;0;-21;0;0.0495;0.0002;0.5861;0.0023;189124;189378;48.1504;0;101;0.004;-0.002;72772248;0.0495;0.0002;0.5861;0.0023;0.696;39.428;0;0;-0.004;391.384;391.91;1;-1;0;0;0;0;0;0;0;0;0;-1;0.00000000;0.00000000;0.00000000;0.00000000;0.00000000;0.00000000;0.00000000;
72772317;11.8;31.1;0;0;0;-75.1;0;0;0;0;-16;0;0.0495;0.0002;0.5861;0.0023;189124;189378;45.0066;0;101;0.004;-0.001;72772278;0.0495;0.0002;0.5861;0.0023;0.696;39.43;0;0;-0.004;391.384;391.91;1;-1;0;0;0;0;0;0;0;0;0;-1;0.00000000;0.00000000;0.00000000;0.00000000;0.00000000;0.00000000;0.00000000;
72772331;11.8;31.1;0;0;0;-75.2;0;0;0;0;0;-0.001;0.0495;0.0002;0.5861;0.0023;189124;189378;44.9866;0;101;0.004;-0.001;72772317;0.0495;0.0002;0.5861;0.0023;0.696;39.432;0;0;-0.003;391.384;391.91;1;-1;0;0;0;0;0;0;0;0;0;-1;0.00000000;0.00000000;0.00000000;0.00000000;0.00000000;0.00000000;0.00000000;
72772379;11.8;31.1;0;0;0;-75.2;0;0;0;0;0;-0.001;0.0495;0.0002;0.5861;0.0023;189124;189378;45;0;101;0.004;-0.002;72772332;0.0495;0.0002;0.5861;0.0023;0.696;39.433;0;0;0;391.384;391.91;1;-1;0;0;0;0;0;0;0;0;0;-1;0.00000000;0.00000000;0.00000000;0.00000000;0.00000000;0.00000000;0.00000000;
72772395;11.8;31.1;0;0;0;-75.3;0;0;0;0;0;0;0.0495;0.0002;0.5861;0.0023;189124;189378;45;0;101;0.004;-0.001;72772379;0.0495;0.0002;0.5861;0.0023;0.696;39.436;0;0;0;391.384;391.91;1;-1;0;0;0;0;0;0;0;0;0;-1;0.00000000;0.00000000;0.00000000;0.00000000;0.00000000;0.00000000;0.00000000;
72772427;11.8;31.1;0;0;0;-75.2;0;0;0;0;0;0;0.0495;0.0002;0.5861;0.0023;189124;189378;45.0039;0;101;0.004;-0.001;72772396;0.0495;0.0002;0.5861;0.0023;0.696;39.437;0;0;0;391.384;391.91;1;-1;0;0;0;0;0;0;0;0;0;-1;0.00000000;0.00000000;0.00000000;0.00000000;0.00000000;0.00000000;0.00000000;
72772460;11.8;31.1;0;0;0;-74.8;0;0;0;0;0;0;0.0495;0.0002;0.5861;0.0023;189124;189378;45.0039;0;101;0.004;-0.001;72772428;0.0495;0.0002;0.5861;0.0023;0.696;39.438;0;0;0;391.384;391.91;1;-1;0;0;0;0;0;0;0;0;0;-1;0.00000000;0.00000000;0.00000000;0.00000000;0.00000000;0.00000000;0.00000000;
72772495;11.8;31.1;0;0;0;-74.5;0;0;0;0;0;0;0.0495;0.0002;0.5861;0.0023;189124;189378;44.9931;0;101;0.004;-0.001;72772462;0.0495;0.0002;0.5861;0.0023;0.696;39.44;0;0;0;391.384;391.91;1;-1;0;0;0;0;0;0;0;0;0;-1;0.00000000;0.00000000;0.00000000;0.00000000;0.00000000;0.00000000;0.00000000;
72772528;11.8;31.1;0;0;0;-74.4;0;0;0;0;0;0;0.0495;0.0002;0.5861;0.0023;189124;189378;45.0158;0;101;0.004;-0.001;72772495;0.0495;0.0002;0.5861;0.0023;0.696;39.442;0;0;0;391.384;391.91;1;-1;0;0;0;0;0;0;0;0;0;-1;0.00000000;0.00000000;0.00000000;0.00000000;0.00000000;0.00000000;0.00000000;
72772561;11.8;31.1;0;0;0;-74.4;0;0;0;0;0;0;0.0495;0.0002;0.5861;0.0023;189124;189378;45;0;101;0.004;-0.001;72772528;0.0495;0.0002;0.5861;0.0023;0.696;39.444;0;0;0;391.384;391.91;1;-1;0;0;0;0;0;0;0;0;0;-1;0.00000000;0.00000000;0.00000000;0.00000000;0.00000000;0.00000000;0.00000000;
72772595;11.8;31.2;0;0;0;-74.8;0;0;0;0;0;0;0.0495;0.0002;0.5861;0.0023;189124;189378;45;0;101;0.004;-0.002;72772561;0.0495;0.0002;0.5861;0.0023;0.696;39.445;0;0;0;391.384;391.91;1;-1;0;0;0;0;0;0;0;0;0;-1;0.00000000;0.00000000;0.00000000;0.00000000;0.00000000;0.00000000;0.00000000;
72772643;11.8;31.2;0;0;0;-75.1;0;0;0;0;0;-0.001;0.0495;0.0002;0.5861;0.0023;189124;189378;44.9726;0;101;0.004;-0.001;72772595;0.0495;0.0002;0.5861;0.0023;0.696;39.446;0;0;0;391.384;391.91;1;-1;0;0;0;0;0;0;0;0;0;-1;0.00000000;0.00000000;0.00000000;0.00000000;0.00000000;0.00000000;0.00000000;
72772677;11.8;31.1;0;0;0;-75.5;0;0;0;0;0;0;0.0495;0.0002;0.5861;0.0023;189124;189378;44.9794;0;101;0.004;-0.002;72772644;0.0495;0.0002;0.5861;0.0023;0.696;39.448;0;0;0;391.384;391.91;1;-1;0;0;0;0;0;0;0;0;0;-1;0.00000000;0.00000000;0.00000000;0.00000000;0.00000000;0.00000000;0.00000000;
